{"type":"FeatureCollection","features":[{"type":"Feature","id":"499","properties":{"geometryId":"499","routeId":"119-341"},"geometry":{"type":"LineString","coordinates":[[-79.3803,43.6448],[-79.3989,43.6407],[-79.4013,43.6404],[-79.406,43.6401],[-79.4219,43.6406],[-79.4239,43.6409],[-79.426,43.6414],[-79.4278,43.6421],[-79.4393,43.6475],[-79.441,43.6484],[-79.4425,43.6495],[-79.4439,43.6507],[-79.4698,43.6771],[-79.4714,43.6784],[-79.4733,43.68],[-79.475,43.6811],[-79.479,43.6833],[-79.5197,43.7035],[-79.5222,43.7047],[-79.5241,43.7054],[-79.5259,43.706],[-79.5278,43.7064],[-79.5304,43.7067],[-79.5319,43.7069],[-79.5347,43.7069],[-79.6624,43.7044],[-79.6655,43.7045],[-79.6697,43.7042],[-79.6772,43.7039],[-79.6799,43.7037],[-79.6825,43.7034],[-79.7645,43.6868],[-79.9191,43.6555],[-79.9297,43.6533],[-79.9331,43.6523],[-79.9805,43.6368],[-79.9828,43.636],[-79.9991,43.6291],[-80.0004,43.6287],[-80.0021,43.6282],[-80.0035,43.628],[-80.0052,43.6278],[-80.0069,43.6278],[-80.0097,43.6281],[-80.0345,43.6339],[-80.0361,43.6342],[-80.0372,43.6342],[-80.0393,43.6343],[-80.0412,43.6342],[-80.0429,43.6341],[-80.1465,43.6206],[-80.1483,43.6203],[-80.15,43.6199],[-80.1511,43.6195],[-80.1533,43.6184],[-80.1543,43.6178],[-80.156,43.6164],[-80.1829,43.5849],[-80.184,43.5837],[-80.1855,43.5822],[-80.1875,43.5804],[-80.2064,43.5652],[-80.2103,43.5623],[-80.212,43.5611],[-80.2143,43.5601],[-80.2162,43.5593],[-80.2188,43.5587],[-80.2274,43.557],[-80.2301,43.5562],[-80.2324,43.5553],[-80.2338,43.5547],[-80.2356,43.5537],[-80.2367,43.5529],[-80.2429,43.5478],[-80.2472,43.5437],[-80.2481,43.5429],[-80.2491,43.5423],[-80.2582,43.5378],[-80.2628,43.536],[-80.2743,43.5322],[-80.2775,43.5311],[-80.3187,43.5152],[-80.3992,43.484],[-80.4015,43.4832],[-80.4035,43.4826],[-80.4291,43.4768],[-80.4313,43.4763],[-80.4335,43.4756],[-80.486,43.4582],[-80.499,43.4537],[-80.54,43.4402],[-80.543,43.439],[-80.5458,43.4378],[-80.5477,43.4368],[-80.5772,43.4204],[-80.5789,43.4196],[-80.5803,43.4192],[-80.5815,43.4188],[-80.5829,43.4186],[-80.5845,43.4184],[-80.6038,43.4184],[-80.6061,43.4183],[-80.6099,43.4179],[-80.6141,43.4171],[-80.6189,43.4158],[-80.6305,43.4119],[-80.6346,43.4109],[-80.6387,43.4104],[-80.6566,43.4085],[-80.6587,43.4081],[-80.6606,43.4076],[-80.6623,43.4071],[-80.6642,43.4062],[-80.6659,43.4053],[-80.6887,43.3924],[-80.6924,43.3905],[-80.6944,43.3896],[-80.6979,43.3883],[-80.7528,43.3689],[-80.7563,43.3677],[-80.7591,43.3669],[-80.7622,43.3661],[-80.7664,43.3655],[-80.7689,43.3652],[-80.7726,43.365],[-80.9316,43.3668],[-80.9351,43.3666],[-80.938,43.3664],[-80.9406,43.366],[-80.9433,43.3655],[-80.9466,43.3647],[-80.9485,43.3644],[-80.9518,43.3641],[-80.9757,43.3644],[-80.9769,43.3644],[-80.9778,43.3644],[-80.9827,43.3635],[-80.9913,43.3616],[-80.9933,43.361],[-80.995,43.3604],[-80.9968,43.3595],[-80.9985,43.3586],[-81.1337,43.2702],[-81.1351,43.2691],[-81.136,43.2683],[-81.1366,43.2674],[-81.1369,43.2666],[-81.1372,43.266],[-81.1372,43.2653],[-81.1372,43.2645],[-81.1363,43.2595],[-81.1363,43.2587],[-81.1364,43.2577],[-81.1372,43.2557],[-81.1397,43.2509],[-81.14,43.2497],[-81.1401,43.249],[-81.14,43.2482],[-81.1355,43.2261],[-81.1354,43.2251],[-81.1354,43.2241],[-81.1491,43.0752],[-81.1494,43.0731],[-81.1497,43.0721],[-81.1503,43.0707],[-81.151,43.0693],[-81.1798,43.0194],[-81.1811,43.0175],[-81.2055,42.9913],[-81.2068,42.9903],[-81.2076,42.9898],[-81.2094,42.9891],[-81.2187,42.9864],[-81.2194,42.9864],[-81.2249,42.9863],[-81.227,42.9862],[-81.2312,42.9854],[-81.2372,42.9838],[-81.2404,42.9826],[-81.2426,42.982],[-81.2442,42.9817],[-81.2582,42.9778],[-81.2606,42.9773],[-81.2619,42.9771],[-81.2646,42.9769],[-81.2662,42.9769],[-81.2695,42.9771],[-81.2714,42.9774],[-81.3425,42.9902],[-81.3449,42.9905],[-81.3468,42.9907],[-81.3486,42.9907],[-81.3521,42.9905],[-81.3537,42.9902],[-81.3557,42.9897],[-81.3573,42.9892],[-81.3598,42.9882],[-81.4297,42.9545],[-81.4313,42.9538],[-81.433,42.9533],[-81.4354,42.9527],[-81.4379,42.9524],[-81.4855,42.9474],[-81.4884,42.9471],[-81.4915,42.947],[-81.4948,42.9471],[-81.4987,42.9474],[-81.5916,42.9564],[-81.5956,42.9567],[-81.5987,42.9567],[-81.6028,42.9564],[-81.7404,42.9444],[-81.7433,42.9442],[-81.7475,42.9442],[-81.9475,42.9464],[-82.1604,42.9483],[-82.343,42.9554],[-82.3459,42.9557],[-82.348,42.9561],[-82.3493,42.9563],[-82.3666,42.9569],[-82.3686,42.9568],[-82.3714,42.9565],[-82.3731,42.9565],[-82.3889,42.9571]]}},{"type":"Feature","id":"495","properties":{"geometryId":"495","routeId":"119-618"},"geometry":{"type":"LineString","coordinates":[[-83.0071,42.3249],[-83.0039,42.3245],[-82.7243,42.2958],[-82.7202,42.2956],[-82.716,42.2956],[-82.5929,42.3015],[-82.4611,42.3076],[-82.4591,42.3078],[-82.4553,42.3083],[-82.4513,42.3092],[-82.4492,42.3097],[-82.3236,42.3457],[-82.2496,42.3668],[-82.2136,42.377],[-82.2094,42.3783],[-82.2062,42.3794],[-82.203,42.3808],[-82.2001,42.3823],[-82.1978,42.3838],[-82.1796,42.3973],[-82.1474,42.4215],[-82.0484,42.4955],[-81.9877,42.5408],[-81.7116,42.7458],[-81.5414,42.8714],[-81.4263,42.956],[-81.4251,42.9567],[-81.3598,42.9882],[-81.3573,42.9892],[-81.3557,42.9897],[-81.3537,42.9902],[-81.3521,42.9905],[-81.3486,42.9907],[-81.3449,42.9905],[-81.3425,42.9902],[-81.2714,42.9774],[-81.2695,42.9771],[-81.2678,42.977],[-81.2646,42.9769],[-81.2619,42.9771],[-81.2606,42.9773],[-81.2582,42.9778],[-81.2442,42.9817],[-81.2426,42.982],[-81.2404,42.9826],[-81.2372,42.9838],[-81.2312,42.9854],[-81.227,42.9862],[-81.2249,42.9863],[-81.2233,42.9864],[-81.2148,42.9862],[-81.1284,42.9845],[-81.1262,42.9846],[-81.124,42.9848],[-81.0841,42.9912],[-81.0826,42.9914],[-81.0798,42.9915],[-81.0495,42.9909],[-81.0465,42.991],[-80.9661,43.0044],[-80.9642,43.0049],[-80.9624,43.0056],[-80.9609,43.0061],[-80.8879,43.0406],[-80.8847,43.0423],[-80.8836,43.043],[-80.882,43.0442],[-80.8685,43.0567],[-80.866,43.0591],[-80.8546,43.0717],[-80.8412,43.0874],[-80.8392,43.0892],[-80.8145,43.1067],[-80.8133,43.1074],[-80.812,43.1082],[-80.8021,43.1129],[-80.7758,43.1237],[-80.7741,43.1243],[-80.7729,43.1246],[-80.7705,43.125],[-80.7681,43.1253],[-80.755,43.1262],[-80.7521,43.1265],[-80.6597,43.1405],[-80.6545,43.1415],[-80.4734,43.1854],[-80.4331,43.1929],[-80.3962,43.2017],[-80.3953,43.2017],[-80.3945,43.2016],[-80.3938,43.2015],[-80.393,43.2011],[-80.3889,43.1989],[-80.3873,43.1984],[-80.3853,43.1981],[-80.3799,43.1978],[-80.3786,43.1977],[-80.3772,43.1974],[-80.3759,43.197],[-80.3749,43.1965],[-80.3733,43.1956],[-80.3573,43.1851],[-80.3555,43.184],[-80.3541,43.1832],[-80.3513,43.1821],[-80.3498,43.1817],[-80.3048,43.1701],[-80.303,43.1696],[-80.3014,43.169],[-80.2999,43.1684],[-80.2985,43.1677],[-80.297,43.1667],[-80.2956,43.1656],[-80.2809,43.1519],[-80.2795,43.151],[-80.2785,43.1504],[-80.2774,43.15],[-80.2759,43.1494],[-80.2667,43.1469],[-80.2657,43.1467],[-80.2648,43.1466],[-80.26,43.1469],[-80.259,43.1471],[-80.2583,43.1472],[-80.2576,43.1475],[-80.257,43.1479],[-80.2566,43.1482],[-80.2544,43.1517],[-80.2536,43.1526],[-80.2526,43.1538],[-80.2514,43.1548],[-80.25,43.1558],[-80.2417,43.1614],[-80.2193,43.1751],[-80.2173,43.1764],[-80.2161,43.1773],[-80.215,43.1785],[-80.2143,43.1795],[-80.2135,43.1808],[-80.2071,43.1961],[-80.2064,43.1975],[-80.2056,43.1985],[-80.2048,43.1995],[-80.2036,43.2007],[-80.1632,43.2342],[-80.1619,43.2351],[-80.1609,43.2357],[-80.1598,43.2362],[-80.1583,43.2368],[-80.1567,43.2373],[-80.1547,43.2377],[-80.1529,43.2379],[-80.0526,43.2451],[-80.0438,43.2467],[-80.0418,43.2472],[-80.0402,43.2478],[-80.028,43.2532],[-79.9737,43.273],[-79.9722,43.2733],[-79.9714,43.2734],[-79.9665,43.2732],[-79.9647,43.2732],[-79.9534,43.2749],[-79.9523,43.2752],[-79.9506,43.2757],[-79.9439,43.2782],[-79.9418,43.2791],[-79.9405,43.2798],[-79.9334,43.2846],[-79.9326,43.2851],[-79.9308,43.2858],[-79.9287,43.2863],[-79.9269,43.2864],[-79.9173,43.2859],[-79.9152,43.286],[-79.9133,43.2861],[-79.9009,43.2882],[-79.8994,43.2883],[-79.8979,43.2883],[-79.8967,43.2882],[-79.8943,43.2877],[-79.8936,43.2876],[-79.8929,43.2876],[-79.8912,43.2881],[-79.8902,43.2884],[-79.8894,43.2888],[-79.8888,43.2893],[-79.8883,43.2899],[-79.8863,43.2929],[-79.8855,43.2939],[-79.884,43.2951],[-79.7909,43.3525],[-79.7875,43.3546],[-79.7855,43.3562],[-79.7837,43.3578],[-79.6803,43.4569],[-79.6782,43.4592],[-79.6418,43.5055],[-79.6402,43.5072],[-79.6372,43.5101],[-79.6332,43.5136],[-79.591,43.5524],[-79.5541,43.5863],[-79.5504,43.5891],[-79.5471,43.5911],[-79.5036,43.6127],[-79.4998,43.6148],[-79.4938,43.6187],[-79.4755,43.6326],[-79.4744,43.6333],[-79.472,43.6347],[-79.4665,43.6371],[-79.4644,43.6379],[-79.4623,43.6384],[-79.4602,43.6389],[-79.4581,43.6392],[-79.4563,43.6393],[-79.4539,43.6392],[-79.4511,43.639],[-79.4483,43.6385],[-79.4458,43.6379],[-79.4436,43.6371],[-79.4373,43.6345],[-79.4359,43.634],[-79.4347,43.6337],[-79.4333,43.6335],[-79.4316,43.6333],[-79.4302,43.6333],[-79.4285,43.6335],[-79.427,43.6338],[-79.4046,43.6398],[-79.398,43.6407],[-79.3892,43.6427],[-79.3803,43.6448]]}},{"type":"Feature","id":"541","properties":{"geometryId":"541","routeId":"628-576"},"geometry":{"type":"LineString","coordinates":[[-75.6515,45.416],[-75.6467,45.4162],[-75.6415,45.4166],[-75.6395,45.4165],[-75.6379,45.4163],[-75.6352,45.4159],[-75.6324,45.4153],[-75.6238,45.4132],[-75.6191,45.4122],[-75.6155,45.4117],[-75.6106,45.4113],[-75.6094,45.411],[-75.6081,45.4105],[-75.6071,45.41],[-75.6059,45.4093],[-75.605,45.4083],[-75.6041,45.4068],[-75.5989,45.3961],[-75.5975,45.3933],[-75.5959,45.3918],[-75.5933,45.3906],[-75.5899,45.3897],[-75.3928,45.3587],[-75.3066,45.3451],[-75.1418,45.3187],[-75.1393,45.3184],[-75.1375,45.3183],[-75.1022,45.3176],[-75.0999,45.3175],[-75.0983,45.3172],[-75.0965,45.3166],[-75.0872,45.3123],[-74.973,45.259],[-74.97,45.2578],[-74.958,45.2539],[-74.956,45.2532],[-74.9543,45.2529],[-74.9528,45.2528],[-74.9513,45.2528],[-74.9494,45.2531],[-74.8844,45.2678],[-74.8816,45.2689],[-74.8777,45.2717],[-74.8603,45.2847],[-74.8482,45.2925],[-74.8456,45.2939],[-74.8289,45.3012],[-74.8269,45.3017],[-74.8252,45.3019],[-74.8239,45.3019],[-74.8225,45.3018],[-74.7987,45.2993],[-74.796,45.299],[-74.7801,45.2961],[-74.7785,45.2961],[-74.777,45.2962],[-74.7756,45.2964],[-74.7739,45.2968],[-74.7698,45.2985],[-74.7679,45.2991],[-74.7669,45.2992],[-74.7646,45.2994],[-74.7569,45.2987],[-74.7547,45.2988],[-74.7507,45.2992],[-74.7472,45.3],[-74.7358,45.3037],[-74.7164,45.3134],[-74.7146,45.3142],[-74.7127,45.3148],[-74.7105,45.3151],[-74.6905,45.3145],[-74.6868,45.3153],[-74.6832,45.3171],[-74.6798,45.3184],[-74.6763,45.3189],[-74.6397,45.318],[-74.6225,45.3165],[-74.62,45.3166],[-74.618,45.3169],[-74.6153,45.3178],[-74.4955,45.3637],[-74.476,45.3728],[-74.4734,45.3735],[-74.471,45.3736],[-74.469,45.3734],[-74.467,45.373],[-74.4652,45.3724],[-74.4614,45.3705],[-74.4584,45.3696],[-74.4494,45.3684],[-74.4467,45.3677],[-74.4401,45.3652],[-74.4373,45.3637],[-74.435,45.3621],[-74.4315,45.3591],[-74.4296,45.3578],[-74.4275,45.3567],[-74.4253,45.3559],[-74.4234,45.3554],[-74.4092,45.3532],[-74.3634,45.342],[-74.3622,45.3416],[-74.3598,45.3408],[-74.3576,45.3397],[-74.2462,45.2748],[-74.2448,45.274],[-74.2439,45.2736],[-74.2421,45.273],[-74.2396,45.2725],[-74.2384,45.2725],[-74.2371,45.2729],[-74.233,45.2749],[-74.205,45.2887],[-74.2028,45.2899],[-74.2005,45.2915],[-74.1967,45.2945],[-74.1941,45.2963],[-74.1915,45.2977],[-74.186,45.3003],[-74.1785,45.3031],[-74.1754,45.3045],[-74.1657,45.3101],[-74.0645,45.3598],[-74.0524,45.3645],[-74.0427,45.3693],[-74.04,45.3708],[-74.035,45.3741],[-74.0327,45.3755],[-74.016,45.3837],[-74.0127,45.385],[-74.0099,45.3857],[-74.0054,45.3863],[-73.9909,45.3871],[-73.9874,45.3875],[-73.9835,45.3882],[-73.9796,45.3892],[-73.9756,45.3905],[-73.9723,45.3918],[-73.9697,45.3931],[-73.966,45.3952],[-73.9631,45.3973],[-73.9609,45.3991],[-73.9554,45.4045],[-73.9543,45.4056],[-73.9533,45.4063],[-73.9517,45.4071],[-73.9505,45.4076],[-73.9467,45.4085],[-73.9446,45.4091],[-73.9042,45.4237],[-73.9009,45.4247],[-73.897,45.4256],[-73.8631,45.431],[-73.8605,45.4314],[-73.8572,45.4321],[-73.8183,45.4426],[-73.8137,45.4438],[-73.8027,45.4472],[-73.7994,45.4481],[-73.7963,45.4488],[-73.7912,45.4495],[-73.788,45.4497],[-73.7848,45.4498],[-73.7378,45.4489],[-73.7339,45.4489],[-73.7035,45.4483],[-73.6974,45.4486],[-73.6953,45.4485],[-73.685,45.4479],[-73.6499,45.4471],[-73.6466,45.4472],[-73.6439,45.4476],[-73.6416,45.4481],[-73.6373,45.4496],[-73.6343,45.451],[-73.631,45.4529],[-73.6236,45.4578],[-73.619,45.4605],[-73.6028,45.4672],[-73.5943,45.4718],[-73.5864,45.4766],[-73.5856,45.4769],[-73.5846,45.4771],[-73.5809,45.4769],[-73.5791,45.4766],[-73.5757,45.4757],[-73.5744,45.4755],[-73.5724,45.4755],[-73.57,45.4757],[-73.5674,45.4763],[-73.5655,45.4772],[-73.5595,45.4814],[-73.5584,45.4819],[-73.5577,45.4824],[-73.557,45.483],[-73.5563,45.484],[-73.556,45.4846],[-73.5559,45.4852],[-73.556,45.4858],[-73.5566,45.4871],[-73.5567,45.4876],[-73.5567,45.4881],[-73.5561,45.4919],[-73.5559,45.4935],[-73.5559,45.4938],[-73.556,45.4941],[-73.5561,45.4945],[-73.5562,45.4948],[-73.5566,45.4953],[-73.5572,45.4958],[-73.5576,45.4959],[-73.5662,45.4999],[-73.5576,45.4959],[-73.5566,45.4953],[-73.5561,45.4945],[-73.5559,45.4938],[-73.5561,45.4919],[-73.5566,45.4881],[-73.5565,45.487],[-73.5561,45.4864],[-73.5558,45.486],[-73.555,45.4855],[-73.5539,45.4851],[-73.5524,45.485],[-73.5514,45.4852],[-73.5412,45.4877],[-73.5075,45.499],[-73.4972,45.5024],[-73.4927,45.5036],[-73.4876,45.5045],[-73.4321,45.5082],[-73.3385,45.5144],[-73.3371,45.5145],[-73.3345,45.5149],[-73.3323,45.5154],[-73.2254,45.5473],[-73.2231,45.5477],[-73.2203,45.5481],[-73.2185,45.5481],[-73.2074,45.5481],[-73.2063,45.5482],[-73.205,45.5486],[-73.2039,45.5492],[-73.2033,45.5497],[-73.203,45.5502],[-73.1877,45.5729],[-73.1865,45.5741],[-73.185,45.5751],[-73.1831,45.576],[-73.1794,45.577],[-72.9489,45.6277],[-72.8929,45.6402],[-72.8898,45.6411],[-72.8525,45.6546],[-72.85,45.6556],[-72.8481,45.6568],[-72.8465,45.6581],[-72.8452,45.6595],[-72.8385,45.6693],[-72.8354,45.6733],[-72.8325,45.6756],[-72.8175,45.6855],[-72.815,45.6866],[-72.8127,45.6875],[-72.8095,45.6883],[-72.7844,45.6932],[-72.7825,45.6937],[-72.7806,45.6945],[-72.7786,45.6958],[-72.6772,45.7657],[-72.6743,45.7675],[-72.5796,45.8162],[-72.5776,45.8174],[-72.5757,45.8187],[-72.5505,45.8403],[-72.5478,45.8425],[-72.5454,45.8438],[-72.5425,45.845],[-72.5237,45.8517],[-72.522,45.8524],[-72.5202,45.8534],[-72.518,45.8549],[-72.4912,45.8785],[-72.49,45.8797],[-72.4874,45.8831],[-72.4868,45.8837],[-72.4858,45.8846],[-72.4812,45.8875],[-72.4775,45.8897],[-72.473,45.893],[-72.47,45.8955],[-72.4689,45.8963],[-72.4682,45.8967],[-72.4635,45.8987],[-72.4617,45.8997],[-72.4385,45.919],[-72.4251,45.9299],[-72.4234,45.9311],[-72.3954,45.9469],[-72.3939,45.9479],[-72.3928,45.9487],[-72.3917,45.9496],[-72.3905,45.9509],[-72.3899,45.952],[-72.3895,45.9533],[-72.3894,45.9547],[-72.3898,45.9561],[-72.3948,45.9665],[-72.4054,45.9876],[-72.4062,45.9894],[-72.4065,45.9908],[-72.4066,45.992],[-72.4074,46.0224],[-72.4073,46.0235],[-72.4069,46.0246],[-72.4065,46.0255],[-72.4058,46.0264],[-72.3991,46.033],[-72.3979,46.0344],[-72.3972,46.0357],[-72.3968,46.0371],[-72.3968,46.0386],[-72.4002,46.0727],[-72.4002,46.0739],[-72.4001,46.0749],[-72.3998,46.0759],[-72.3993,46.0769],[-72.3983,46.0781],[-72.397,46.0794],[-72.3774,46.0959],[-72.3758,46.0976],[-72.3747,46.0992],[-72.3696,46.1071],[-72.3691,46.1078],[-72.3684,46.1085],[-72.3674,46.1093],[-72.3513,46.1208],[-72.3502,46.1215],[-72.2798,46.1533],[-72.179,46.194],[-72.1775,46.1947],[-72.1581,46.2053],[-72.1387,46.2133],[-72.1381,46.2136],[-72.1376,46.2142],[-72.1373,46.2148],[-72.1371,46.2155],[-72.1321,46.2701],[-72.1319,46.2707],[-72.1315,46.2712],[-72.1145,46.2955],[-72.1137,46.2964],[-72.1132,46.2969],[-72.1124,46.2974],[-72.1108,46.298],[-72.0173,46.3312],[-72.0157,46.332],[-72.0097,46.3357],[-72.0086,46.3367],[-72.0081,46.3377],[-72.008,46.3386],[-72.0078,46.3636],[-72.0075,46.3653],[-72.0068,46.3668],[-72.0057,46.3681],[-72.0041,46.3693],[-72.0006,46.3715],[-71.9988,46.3723],[-71.9972,46.3726],[-71.8773,46.3898],[-71.7688,46.4052],[-71.7657,46.4057],[-71.7636,46.4065],[-71.7622,46.4072],[-71.6904,46.4543],[-71.6879,46.4561],[-71.6864,46.4575],[-71.6858,46.4582],[-71.6848,46.4595],[-71.6371,46.5367],[-71.6366,46.5373],[-71.6357,46.5382],[-71.634,46.5393],[-71.6324,46.5401],[-71.6041,46.55],[-71.6006,46.5513],[-71.5979,46.5527],[-71.5953,46.5545],[-71.5079,46.6191],[-71.5061,46.6202],[-71.5039,46.6211],[-71.4488,46.6401],[-71.4281,46.6492],[-71.4262,46.6499],[-71.4241,46.6506],[-71.4101,46.654],[-71.4084,46.6545],[-71.334,46.6808],[-71.3315,46.6818],[-71.3054,46.6948],[-71.3029,46.6958],[-71.2905,46.699],[-71.2889,46.6995],[-71.278,46.7053],[-71.2762,46.7065],[-71.275,46.7076],[-71.2693,46.7154],[-71.2691,46.716],[-71.2691,46.7165],[-71.2694,46.7169],[-71.2734,46.7211],[-71.2751,46.7234],[-71.2772,46.7277],[-71.2835,46.7381],[-71.2856,46.7416],[-71.2922,46.7526],[-71.2929,46.7534],[-71.2935,46.7539],[-71.2945,46.7542],[-71.2955,46.7544],[-71.2966,46.7544],[-71.3269,46.7499],[-71.3349,46.7478],[-71.3356,46.7477],[-71.3363,46.7478],[-71.3368,46.7479],[-71.3374,46.7483],[-71.3376,46.7488],[-71.3377,46.7494],[-71.338,46.7498],[-71.3382,46.75],[-71.3402,46.7512],[-71.3406,46.7517],[-71.3407,46.752],[-71.3402,46.7598],[-71.3402,46.7614],[-71.3404,46.7623],[-71.3404,46.7632],[-71.3403,46.7644],[-71.3401,46.7651],[-71.339,46.7666],[-71.3382,46.7682],[-71.3362,46.7698],[-71.3359,46.7701],[-71.3325,46.776],[-71.3321,46.7766],[-71.3317,46.777],[-71.3307,46.7778],[-71.3294,46.7785],[-71.3252,46.7802],[-71.3229,46.781],[-71.314,46.7834],[-71.312,46.7837],[-71.309,46.7841],[-71.3082,46.7843],[-71.3074,46.7845],[-71.3001,46.7875],[-71.2931,46.7895],[-71.2923,46.7898],[-71.291,46.7906],[-71.2901,46.7913],[-71.2894,46.7921],[-71.289,46.7931],[-71.2889,46.7939],[-71.2889,46.7944],[-71.2895,46.7964],[-71.2895,46.7972],[-71.2891,46.7984],[-71.2884,46.7993],[-71.288,46.7997],[-71.268,46.8142],[-71.2484,46.8319],[-71.2475,46.8326],[-71.2385,46.8375],[-71.2377,46.8377],[-71.237,46.8379],[-71.2356,46.8379],[-71.2342,46.8377],[-71.2333,46.8373],[-71.2327,46.8369],[-71.2281,46.8323],[-71.2181,46.8236],[-71.2153,46.8206],[-71.2146,46.8186]]}},{"type":"Feature","id":"269","properties":{"geometryId":"269","routeId":"621-116"},"geometry":{"type":"LineString","coordinates":[[-80.9922,46.4874],[-80.9941,46.4883],[-80.9947,46.4887],[-80.9986,46.4937],[-80.9992,46.4942],[-81.0001,46.4948],[-81.0039,46.4966],[-81.0046,46.497],[-81.0052,46.4975],[-81.0064,46.499],[-81.0068,46.4994],[-81.0076,46.5],[-81.0083,46.5004],[-81.0124,46.5023],[-81.0134,46.5027],[-81.0145,46.5029],[-81.0222,46.5034],[-81.0314,46.5063],[-81.0323,46.5067],[-81.0357,46.5089],[-81.0364,46.5094],[-81.0376,46.5105],[-81.0388,46.5112],[-81.0401,46.5118],[-81.0434,46.5128],[-81.0452,46.5136],[-81.0464,46.5143],[-81.0475,46.5153],[-81.0483,46.5162],[-81.0507,46.5197],[-81.0513,46.5204],[-81.052,46.5209],[-81.0534,46.5217],[-81.0628,46.5257],[-81.0661,46.5268],[-81.0685,46.5281],[-81.0705,46.5296],[-81.0767,46.5357],[-81.0781,46.5368],[-81.0911,46.5444],[-81.0917,46.5448],[-81.0941,46.5468],[-81.0958,46.5479],[-81.0971,46.5486],[-81.0996,46.5496],[-81.1786,46.5794],[-81.1921,46.5844],[-81.1951,46.5854],[-81.2009,46.5864],[-81.202,46.5865],[-81.2035,46.5864],[-81.292,46.5716],[-81.2946,46.5712],[-81.2962,46.571],[-81.298,46.571],[-81.2995,46.5712],[-81.3432,46.5769],[-81.3457,46.577],[-81.3589,46.576],[-81.3604,46.576],[-81.3725,46.5769],[-81.3744,46.5772],[-81.3757,46.5776],[-81.377,46.5781],[-81.3783,46.5789],[-81.3794,46.5797],[-81.3802,46.5806],[-81.3807,46.5817],[-81.382,46.5858],[-81.3821,46.5883],[-81.3824,46.5893],[-81.3829,46.59],[-81.3837,46.5907],[-81.3866,46.5932],[-81.3874,46.5938],[-81.3883,46.5943],[-81.3991,46.5993],[-81.4009,46.5999],[-81.4053,46.601],[-81.4101,46.6029],[-81.4179,46.6056],[-81.4195,46.6063],[-81.4244,46.6086],[-81.4253,46.6092],[-81.426,46.6101],[-81.4264,46.6107],[-81.4269,46.6127],[-81.4274,46.6134],[-81.4282,46.6141],[-81.4295,46.6149],[-81.4468,46.6223],[-81.4486,46.6233],[-81.4498,46.6242],[-81.4579,46.6316],[-81.4707,46.6389],[-81.4717,46.6396],[-81.4723,46.6402],[-81.4727,46.6408],[-81.4732,46.6424],[-81.4734,46.6429],[-81.4739,46.6436],[-81.4746,46.6441],[-81.4754,46.6445],[-81.4767,46.6449],[-81.4778,46.645],[-81.4802,46.645],[-81.4814,46.6451],[-81.4829,46.6454],[-81.4844,46.646],[-81.4859,46.6469],[-81.487,46.6478],[-81.4878,46.6487],[-81.4891,46.6512],[-81.4899,46.6523],[-81.4914,46.6536],[-81.4925,46.6543],[-81.4963,46.6563],[-81.4973,46.6567],[-81.5099,46.6598],[-81.5112,46.6602],[-81.5251,46.6681],[-81.5263,46.669],[-81.5352,46.6765],[-81.5361,46.6774],[-81.5367,46.6783],[-81.538,46.681],[-81.5407,46.6854],[-81.5459,46.6914],[-81.5511,46.6989],[-81.5573,46.7061],[-81.559,46.7083],[-81.5609,46.7111],[-81.5612,46.7118],[-81.5614,46.7128],[-81.5618,46.7155],[-81.5624,46.7181],[-81.5624,46.719],[-81.5622,46.7202],[-81.561,46.7253],[-81.5607,46.7259],[-81.5605,46.7265],[-81.5601,46.7269],[-81.5596,46.7273],[-81.5577,46.7284],[-81.5571,46.7288],[-81.5567,46.7293],[-81.5563,46.7299],[-81.5562,46.7305],[-81.5561,46.7313],[-81.5563,46.7348],[-81.5566,46.7365],[-81.5573,46.7382],[-81.5579,46.7392],[-81.5596,46.7419],[-81.5601,46.7429],[-81.5601,46.7437],[-81.5598,46.7455],[-81.5598,46.746],[-81.56,46.7469],[-81.5607,46.7483],[-81.5608,46.7489],[-81.5608,46.7495],[-81.5607,46.7502],[-81.5596,46.7529],[-81.5583,46.756],[-81.5582,46.7565],[-81.5583,46.7573],[-81.5585,46.7579],[-81.5592,46.7587],[-81.5597,46.7591],[-81.5611,46.7601],[-81.5617,46.7606],[-81.5621,46.7613],[-81.5625,46.7632],[-81.5628,46.7637],[-81.5633,46.7645],[-81.565,46.7662],[-81.5655,46.7667],[-81.5659,46.7672],[-81.5665,46.7676],[-81.5677,46.768],[-81.5689,46.7683],[-81.572,46.7685],[-81.5728,46.7687],[-81.5734,46.769],[-81.5747,46.7698],[-81.5752,46.7704],[-81.5762,46.7718],[-81.5765,46.7721],[-81.5776,46.7728],[-81.579,46.7732],[-81.583,46.7738],[-81.5837,46.7738],[-81.5859,46.7736],[-81.5882,46.7738],[-81.5893,46.7738],[-81.5908,46.7735],[-81.5927,46.7725],[-81.5935,46.7722],[-81.5948,46.7719],[-81.5957,46.7719],[-81.5969,46.7721],[-81.5978,46.7724],[-81.6001,46.7738],[-81.6013,46.7742],[-81.6026,46.7743],[-81.6073,46.7745],[-81.6093,46.7747],[-81.6111,46.7751],[-81.612,46.7754],[-81.6141,46.7766],[-81.6186,46.7783],[-81.6237,46.7799],[-81.6266,46.7804],[-81.6293,46.7814],[-81.6305,46.7822],[-81.6309,46.7826],[-81.632,46.7841],[-81.6329,46.7849],[-81.6333,46.7852],[-81.6343,46.7857],[-81.6361,46.7865],[-81.6384,46.787],[-81.6399,46.7876],[-81.6421,46.7886],[-81.6445,46.79],[-81.6457,46.7906],[-81.6488,46.7918],[-81.6498,46.7919],[-81.6516,46.7921],[-81.6524,46.7922],[-81.6568,46.7936],[-81.6577,46.794],[-81.6583,46.7945],[-81.6599,46.7963],[-81.6613,46.7974],[-81.6647,46.7992],[-81.6657,46.7996],[-81.6676,46.8001],[-81.6682,46.8004],[-81.6697,46.8014],[-81.6705,46.8018],[-81.6715,46.8021],[-81.6723,46.8023],[-81.6751,46.8025],[-81.6765,46.8028],[-81.6777,46.8034],[-81.6791,46.8043],[-81.68,46.8048],[-81.6835,46.8058],[-81.6844,46.806],[-81.6869,46.8062],[-81.6894,46.8065],[-81.6908,46.8068],[-81.6937,46.8079],[-81.6959,46.8085],[-81.6965,46.8089],[-81.6981,46.8099],[-81.7019,46.8111],[-81.7025,46.8113],[-81.7031,46.8117],[-81.7036,46.8122],[-81.7048,46.8139],[-81.7074,46.8171],[-81.7082,46.8177],[-81.7102,46.8187],[-81.7107,46.819],[-81.7111,46.8195],[-81.7116,46.8203],[-81.7121,46.8217],[-81.7126,46.8223],[-81.7141,46.8237],[-81.7145,46.8242],[-81.7149,46.8249],[-81.7152,46.8258],[-81.7155,46.8261],[-81.7161,46.8266],[-81.7182,46.8277],[-81.7187,46.8282],[-81.719,46.829],[-81.7192,46.8304],[-81.7195,46.8313],[-81.7197,46.8317],[-81.7212,46.8332],[-81.7229,46.8361],[-81.7232,46.8369],[-81.7233,46.8387],[-81.7237,46.8396],[-81.7258,46.8425],[-81.7274,46.8442],[-81.728,46.8452],[-81.7283,46.8462],[-81.7287,46.8478],[-81.7291,46.8488],[-81.7322,46.8528],[-81.7383,46.8578],[-81.7391,46.8586],[-81.7393,46.8589],[-81.7396,46.8598],[-81.7396,46.8612],[-81.7397,46.8619],[-81.7399,46.8625],[-81.7403,46.863],[-81.7411,46.8637],[-81.7421,46.8642],[-81.7428,46.8644],[-81.745,46.8649],[-81.7481,46.8661],[-81.7506,46.8667],[-81.7517,46.8671],[-81.7529,46.8679],[-81.7533,46.8683],[-81.7537,46.8689],[-81.754,46.8695],[-81.7541,46.8699],[-81.7541,46.8715],[-81.7542,46.872],[-81.7551,46.8742],[-81.7559,46.8758],[-81.7569,46.8786],[-81.7574,46.8792],[-81.7579,46.8796],[-81.7634,46.884],[-81.7643,46.8849],[-81.7647,46.8856],[-81.7648,46.8862],[-81.7649,46.8876],[-81.7652,46.8885],[-81.7654,46.8893],[-81.7664,46.8917],[-81.7668,46.8924],[-81.7707,46.8973],[-81.7709,46.8978],[-81.771,46.8987],[-81.7712,46.8994],[-81.7717,46.9002],[-81.7728,46.9018],[-81.7734,46.9029],[-81.7736,46.9038],[-81.7736,46.9047],[-81.7735,46.9056],[-81.7731,46.907],[-81.7731,46.9077],[-81.7732,46.9083],[-81.7737,46.9103],[-81.776,46.9153],[-81.7764,46.9158],[-81.7808,46.9202],[-81.7823,46.9218],[-81.7825,46.9222],[-81.7826,46.9227],[-81.7826,46.9239],[-81.7827,46.9245],[-81.7829,46.9251],[-81.7833,46.9256],[-81.7839,46.926],[-81.7862,46.9272],[-81.787,46.9278],[-81.7959,46.9365],[-81.7965,46.9371],[-81.7972,46.9383],[-81.7996,46.9453],[-81.8009,46.9484],[-81.8015,46.9492],[-81.8031,46.9505],[-81.8038,46.9513],[-81.8055,46.9544],[-81.8067,46.9563],[-81.807,46.9573],[-81.8071,46.9585],[-81.8092,46.9649],[-81.8096,46.9657],[-81.8103,46.9665],[-81.8105,46.9669],[-81.8106,46.9674],[-81.8108,46.9686],[-81.811,46.9692],[-81.8115,46.9699],[-81.8132,46.9715],[-81.8141,46.9726],[-81.8144,46.9736],[-81.8145,46.9784],[-81.8152,46.9815],[-81.8155,46.9822],[-81.8159,46.9827],[-81.8164,46.9831],[-81.8171,46.9835],[-81.8189,46.9842],[-81.8196,46.9847],[-81.8201,46.9852],[-81.8211,46.9866],[-81.8231,46.9881],[-81.8235,46.9886],[-81.8237,46.989],[-81.8245,46.9913],[-81.8248,46.992],[-81.8254,46.9928],[-81.8308,46.9999],[-81.8315,47.0011],[-81.8319,47.0021],[-81.8321,47.0029],[-81.8323,47.0063],[-81.8325,47.0072],[-81.8329,47.008],[-81.8333,47.0087],[-81.8339,47.0094],[-81.8357,47.0107],[-81.8361,47.011],[-81.8379,47.0134],[-81.8381,47.0137],[-81.8383,47.0143],[-81.8383,47.0155],[-81.8385,47.0162],[-81.8396,47.0182],[-81.8412,47.0199],[-81.8427,47.0232],[-81.8432,47.0238],[-81.8449,47.0254],[-81.8459,47.027],[-81.8464,47.0276],[-81.8486,47.0292],[-81.8493,47.0298],[-81.85,47.0308],[-81.8506,47.0324],[-81.8512,47.0332],[-81.8517,47.0337],[-81.8538,47.0351],[-81.8542,47.0355],[-81.8547,47.0362],[-81.855,47.0374],[-81.8552,47.038],[-81.8569,47.0404],[-81.8597,47.0431],[-81.8616,47.0443],[-81.8621,47.0448],[-81.8626,47.0457],[-81.8642,47.0498],[-81.8646,47.0505],[-81.8663,47.0525],[-81.8669,47.0534],[-81.8685,47.0568],[-81.8691,47.0577],[-81.8699,47.0584],[-81.8704,47.0588],[-81.8742,47.0609],[-81.8763,47.0626],[-81.8786,47.0649],[-81.8797,47.0659],[-81.8806,47.0664],[-81.8817,47.0669],[-81.8848,47.0678],[-81.8857,47.0684],[-81.8862,47.0688],[-81.8866,47.0697],[-81.8874,47.0739],[-81.8877,47.0745],[-81.888,47.075],[-81.8885,47.0755],[-81.8892,47.0759],[-81.8939,47.0777],[-81.8951,47.0779],[-81.8964,47.0779],[-81.9039,47.0761],[-81.9049,47.076],[-81.9061,47.076],[-81.9075,47.0762],[-81.909,47.0768],[-81.9098,47.0773],[-81.9115,47.0787],[-81.9124,47.0792],[-81.9136,47.0795],[-81.9147,47.0796],[-81.9156,47.0796],[-81.9165,47.0794],[-81.9261,47.0763],[-81.9281,47.076],[-81.9303,47.076],[-81.9324,47.0763],[-81.9337,47.0768],[-81.9342,47.0772],[-81.9347,47.0777],[-81.9417,47.0873],[-81.942,47.0879],[-81.9425,47.0901],[-81.9428,47.0909],[-81.9501,47.1054],[-81.9506,47.1064],[-81.951,47.1076],[-81.9523,47.1137],[-81.9523,47.1146],[-81.9519,47.116],[-81.9519,47.1165],[-81.9523,47.1182],[-81.9525,47.119],[-81.9538,47.1212],[-81.9539,47.1217],[-81.954,47.1224],[-81.9539,47.1238],[-81.9539,47.1246],[-81.9542,47.1253],[-81.9548,47.1262],[-81.955,47.1268],[-81.9562,47.1326],[-81.9591,47.139],[-81.9594,47.14],[-81.9597,47.1414],[-81.9607,47.1494],[-81.9605,47.1502],[-81.9592,47.1543],[-81.959,47.1559],[-81.9589,47.1574],[-81.9591,47.1591],[-81.9593,47.1599],[-81.96,47.1617],[-81.9601,47.1622],[-81.9599,47.1629],[-81.9593,47.1641],[-81.9592,47.1645],[-81.9592,47.1654],[-81.9594,47.1662],[-81.9602,47.1679],[-81.9608,47.1709],[-81.9614,47.172],[-81.9616,47.1726],[-81.9619,47.1747],[-81.9623,47.1761],[-81.9627,47.1771],[-81.9643,47.1805],[-81.9649,47.1815],[-81.9665,47.183],[-81.9673,47.1842],[-81.968,47.1849],[-81.9692,47.1855],[-81.9714,47.1861],[-81.9722,47.1866],[-81.9729,47.1871],[-81.9732,47.1875],[-81.9735,47.1881],[-81.9737,47.1896],[-81.9739,47.1903],[-81.9744,47.1911],[-81.9751,47.1917],[-81.9759,47.1922],[-81.9863,47.1977],[-81.9877,47.1986],[-81.9902,47.2009],[-81.9929,47.2024],[-81.9935,47.2028],[-81.9941,47.2034],[-81.9944,47.2039],[-81.9952,47.2066],[-81.9954,47.2072],[-81.9958,47.2078],[-81.9964,47.2083],[-81.9972,47.2087],[-81.9983,47.2091],[-81.9996,47.2093],[-82.0016,47.2094],[-82.0025,47.2095],[-82.0037,47.2098],[-82.0046,47.2103],[-82.0051,47.2107],[-82.0078,47.2139],[-82.0107,47.2165],[-82.0112,47.2172],[-82.0116,47.2182],[-82.0119,47.2216],[-82.0124,47.2226],[-82.013,47.2232],[-82.0139,47.2239],[-82.0147,47.2243],[-82.0174,47.2251],[-82.0189,47.2257],[-82.0203,47.2264],[-82.0209,47.2269],[-82.0213,47.2273],[-82.0256,47.2349],[-82.0261,47.2358],[-82.0263,47.2367],[-82.027,47.2428],[-82.0271,47.2435],[-82.0262,47.2495],[-82.0263,47.25],[-82.0265,47.2505],[-82.0271,47.2513],[-82.028,47.2519],[-82.0287,47.2522],[-82.0309,47.2527],[-82.0324,47.2528],[-82.0385,47.2528],[-82.0395,47.253],[-82.0404,47.2534],[-82.0411,47.2539],[-82.0415,47.2544],[-82.0417,47.2551],[-82.0418,47.2563],[-82.0419,47.2568],[-82.0425,47.258],[-82.0428,47.2585],[-82.0433,47.2589],[-82.0439,47.2593],[-82.0451,47.2597],[-82.046,47.2599],[-82.0479,47.26],[-82.0496,47.2605],[-82.0511,47.2611],[-82.0525,47.2621],[-82.0531,47.2628],[-82.056,47.2667],[-82.0577,47.27],[-82.0583,47.2716],[-82.0588,47.2723],[-82.0597,47.2732],[-82.062,47.2746],[-82.0626,47.275],[-82.0634,47.2759],[-82.0655,47.2785],[-82.0662,47.2791],[-82.0671,47.2797],[-82.0725,47.2829],[-82.073,47.2833],[-82.0742,47.2845],[-82.0748,47.2849],[-82.0755,47.2852],[-82.0764,47.2855],[-82.0848,47.2874],[-82.0859,47.2878],[-82.0866,47.2882],[-82.0871,47.2887],[-82.0875,47.2893],[-82.0883,47.2909],[-82.0888,47.2915],[-82.0892,47.2918],[-82.0988,47.2972],[-82.1036,47.3005],[-82.1044,47.3013],[-82.1048,47.3019],[-82.1053,47.3027],[-82.1081,47.3113],[-82.1085,47.3122],[-82.1095,47.3136],[-82.1122,47.3166],[-82.1134,47.3191],[-82.1141,47.3199],[-82.115,47.3205],[-82.117,47.3213],[-82.1197,47.322],[-82.1321,47.3239],[-82.1342,47.3244],[-82.1355,47.3248],[-82.1408,47.3272],[-82.1423,47.3278],[-82.144,47.3281],[-82.1471,47.3284],[-82.1487,47.3286],[-82.1494,47.3289],[-82.1543,47.331],[-82.1554,47.3313],[-82.1568,47.3316],[-82.159,47.3318],[-82.1696,47.3318],[-82.1754,47.3319],[-82.1768,47.3319],[-82.1793,47.3315],[-82.1882,47.3289],[-82.1901,47.3287],[-82.1924,47.3286],[-82.1937,47.3287],[-82.1952,47.329],[-82.1995,47.3302],[-82.2047,47.3321],[-82.206,47.3327],[-82.2071,47.3333],[-82.2083,47.3342],[-82.2089,47.3347],[-82.2127,47.3395],[-82.2143,47.341],[-82.2151,47.3418],[-82.2169,47.343],[-82.22,47.3448],[-82.221,47.3455],[-82.2217,47.3465],[-82.2237,47.3502],[-82.2242,47.3508],[-82.2247,47.3512],[-82.2305,47.355],[-82.2314,47.3559],[-82.2321,47.357],[-82.2349,47.3631],[-82.2358,47.3646],[-82.2365,47.3654],[-82.2422,47.3719],[-82.2471,47.3774],[-82.2475,47.3778],[-82.2489,47.3787],[-82.2501,47.3792],[-82.2511,47.3794],[-82.2536,47.3799],[-82.2547,47.3802],[-82.2555,47.3806],[-82.2577,47.3822],[-82.2606,47.3834],[-82.2619,47.3842],[-82.2632,47.3852],[-82.2642,47.3864],[-82.2681,47.3928],[-82.2687,47.3935],[-82.2694,47.3942],[-82.2708,47.3953],[-82.277,47.3995],[-82.2883,47.4048],[-82.2904,47.406],[-82.2947,47.4091],[-82.2957,47.4099],[-82.2964,47.4107],[-82.2973,47.412],[-82.2978,47.4125],[-82.2987,47.4132],[-82.2993,47.4135],[-82.3006,47.4141],[-82.3013,47.4143],[-82.3053,47.4152],[-82.3069,47.4159],[-82.3084,47.4167],[-82.3149,47.4222],[-82.3158,47.4231],[-82.3188,47.4264],[-82.3376,47.4455],[-82.3381,47.446],[-82.3397,47.447],[-82.3491,47.4527],[-82.3592,47.4587],[-82.3608,47.4598],[-82.3633,47.4618],[-82.3721,47.4669],[-82.3747,47.4681],[-82.3782,47.4693],[-82.3792,47.4698],[-82.3814,47.471],[-82.383,47.472],[-82.3841,47.4725],[-82.3853,47.4729],[-82.3865,47.473],[-82.3877,47.4731],[-82.3891,47.4729],[-82.3905,47.4725],[-82.3937,47.4714],[-82.4,47.4705],[-82.4011,47.4702],[-82.4033,47.4693],[-82.4045,47.469],[-82.4061,47.4689],[-82.4072,47.4691],[-82.4086,47.4696],[-82.4103,47.4704],[-82.4111,47.4712],[-82.412,47.4726],[-82.4124,47.4731],[-82.4136,47.4738],[-82.4145,47.4742],[-82.4156,47.4744],[-82.4171,47.4745],[-82.4188,47.4748],[-82.4513,47.4828],[-82.4541,47.4838],[-82.4692,47.4897],[-82.4896,47.4954],[-82.4908,47.4956],[-82.4922,47.4958],[-82.4943,47.4959],[-82.5113,47.4949],[-82.5128,47.4949],[-82.5143,47.495],[-82.5166,47.4952],[-82.5179,47.4955],[-82.5212,47.4965],[-82.5228,47.4967],[-82.5241,47.4966],[-82.5257,47.4962],[-82.5309,47.4945],[-82.5318,47.4943],[-82.5337,47.4941],[-82.5349,47.4941],[-82.5361,47.4942],[-82.5448,47.4967],[-82.5474,47.4981],[-82.5489,47.4986],[-82.5669,47.504],[-82.5681,47.5046],[-82.5759,47.5103],[-82.5771,47.511],[-82.5784,47.5117],[-82.5803,47.5123],[-82.5859,47.5141],[-82.5875,47.5144],[-82.5889,47.5144],[-82.5898,47.5144],[-82.6046,47.5127],[-82.6245,47.5115],[-82.6261,47.5115],[-82.6273,47.5116],[-82.6286,47.5118],[-82.6348,47.5132],[-82.6359,47.5135],[-82.6367,47.5138],[-82.6398,47.5156],[-82.6482,47.5193],[-82.6494,47.5197],[-82.6506,47.52],[-82.6517,47.5201],[-82.6526,47.5201],[-82.6535,47.52],[-82.6547,47.5197],[-82.6559,47.5191],[-82.6567,47.5185],[-82.6582,47.5171],[-82.6588,47.5164],[-82.6591,47.5157],[-82.6597,47.5141],[-82.6603,47.5131],[-82.6607,47.5127],[-82.6616,47.5118],[-82.6626,47.5112],[-82.6641,47.5108],[-82.6663,47.5106],[-82.6712,47.5108],[-82.6729,47.511],[-82.6738,47.5113],[-82.6747,47.5119],[-82.675,47.5122],[-82.6758,47.5132],[-82.6764,47.5138],[-82.678,47.5148],[-82.679,47.5157],[-82.6795,47.5167],[-82.6809,47.5211],[-82.6815,47.5223],[-82.6821,47.5231],[-82.6887,47.5299],[-82.6893,47.5306],[-82.6907,47.5329],[-82.6916,47.5338],[-82.6925,47.5344],[-82.6934,47.5349],[-82.7023,47.5389],[-82.7046,47.5396],[-82.7105,47.5405],[-82.7122,47.5411],[-82.714,47.5419],[-82.7151,47.5427],[-82.7161,47.5434],[-82.7398,47.5638],[-82.7407,47.5648],[-82.7411,47.5655],[-82.7416,47.5665],[-82.7437,47.5724],[-82.7439,47.5735],[-82.7437,47.5743],[-82.7431,47.5755],[-82.7423,47.5762],[-82.7404,47.5775],[-82.7399,47.5781],[-82.7395,47.5787],[-82.7392,47.5796],[-82.7392,47.5803],[-82.7393,47.5811],[-82.7397,47.5821],[-82.7404,47.583],[-82.7409,47.5835],[-82.742,47.5841],[-82.7525,47.5904],[-82.7535,47.5909],[-82.7548,47.5915],[-82.7565,47.592],[-82.761,47.5928],[-82.7915,47.5977],[-82.7961,47.5983],[-82.7974,47.5983],[-82.7987,47.5982],[-82.8025,47.5971],[-82.8071,47.5964],[-82.808,47.5964],[-82.809,47.5965],[-82.8112,47.5971],[-82.8121,47.5972],[-82.8149,47.5973],[-82.8173,47.5974],[-82.8189,47.5973],[-82.8212,47.5962],[-82.8223,47.5959],[-82.8235,47.5958],[-82.8249,47.5959],[-82.8262,47.5963],[-82.8296,47.5977],[-82.8306,47.5982],[-82.8314,47.5988],[-82.8321,47.5996],[-82.8324,47.6005],[-82.8325,47.6009],[-82.8325,47.6028],[-82.8327,47.6036],[-82.833,47.6042],[-82.8335,47.6047],[-82.8346,47.6055],[-82.85,47.6142],[-82.8521,47.6155],[-82.8534,47.6163],[-82.8546,47.6167],[-82.8555,47.6169],[-82.862,47.618],[-82.8643,47.6183],[-82.8654,47.6184],[-82.8664,47.6183],[-82.8682,47.6179],[-82.8708,47.6169],[-82.8726,47.6164],[-82.8753,47.616],[-82.8777,47.616],[-82.8942,47.6174],[-82.8961,47.6177],[-82.898,47.6182],[-82.9071,47.6216],[-82.9085,47.622],[-82.9099,47.6222],[-82.9121,47.6222],[-82.9222,47.6215],[-82.9236,47.6215],[-82.9259,47.6219],[-82.9274,47.622],[-82.9422,47.6214],[-82.9443,47.6215],[-82.9513,47.6224],[-82.953,47.6229],[-82.9566,47.6247],[-82.9589,47.6257],[-82.9613,47.6264],[-82.9655,47.6275],[-82.9672,47.6281],[-82.9688,47.6289],[-82.9741,47.6322],[-82.9751,47.6328],[-82.9768,47.6335],[-82.9805,47.6346],[-82.9825,47.6353],[-82.9914,47.6404],[-82.9925,47.6412],[-82.993,47.6418],[-82.9949,47.6444],[-82.996,47.6453],[-82.9974,47.6459],[-82.9987,47.6461],[-83.0005,47.6462],[-83.0078,47.6452],[-83.0098,47.645],[-83.0241,47.6454],[-83.0262,47.6456],[-83.0272,47.6459],[-83.0296,47.6469],[-83.0393,47.6546],[-83.041,47.6557],[-83.0419,47.6561],[-83.0435,47.6565],[-83.0445,47.6567],[-83.0456,47.6568],[-83.0489,47.6568],[-83.0509,47.657],[-83.055,47.658],[-83.0562,47.6586],[-83.0571,47.6594],[-83.0575,47.6598],[-83.0579,47.6606],[-83.0583,47.6619],[-83.0587,47.6627],[-83.0591,47.6632],[-83.0597,47.6638],[-83.0605,47.6642],[-83.0796,47.6692],[-83.0839,47.6701],[-83.086,47.67],[-83.0877,47.6693],[-83.0902,47.6675],[-83.0924,47.6669],[-83.095,47.6669],[-83.0973,47.6676],[-83.099,47.6688],[-83.1109,47.682],[-83.112,47.683],[-83.1207,47.6884],[-83.1216,47.6888],[-83.1225,47.6891],[-83.1234,47.6893],[-83.1251,47.6894],[-83.1268,47.6892],[-83.1304,47.6883],[-83.1313,47.6881],[-83.1336,47.6881],[-83.1353,47.6883],[-83.1656,47.6941],[-83.1674,47.6945],[-83.1688,47.6949],[-83.1704,47.6956],[-83.1738,47.6974],[-83.1752,47.6979],[-83.1768,47.6984],[-83.1817,47.6995],[-83.1855,47.7005],[-83.1878,47.7014],[-83.1893,47.7023],[-83.1898,47.7027],[-83.1909,47.7037],[-83.1918,47.7049],[-83.1922,47.7055],[-83.1927,47.7069],[-83.1939,47.7092],[-83.2026,47.7253],[-83.2097,47.7383],[-83.2101,47.7388],[-83.2108,47.7397],[-83.2118,47.7406],[-83.217,47.7442],[-83.219,47.7452],[-83.2215,47.746],[-83.2231,47.7464],[-83.2256,47.7468],[-83.228,47.7468],[-83.2306,47.7466],[-83.2436,47.7441],[-83.245,47.7437],[-83.2496,47.7419],[-83.2525,47.7412],[-83.2554,47.7407],[-83.2575,47.7405],[-83.2609,47.7405],[-83.2702,47.741],[-83.3021,47.7438],[-83.3036,47.7438],[-83.305,47.7437],[-83.3064,47.7433],[-83.3163,47.7398],[-83.3183,47.7393],[-83.3225,47.7388],[-83.3247,47.7387],[-83.3259,47.7388],[-83.3274,47.739],[-83.3298,47.7396],[-83.3307,47.74],[-83.3368,47.7431],[-83.344,47.7473],[-83.3463,47.7485],[-83.348,47.749],[-83.3531,47.7498],[-83.3543,47.7501],[-83.3551,47.7504],[-83.3585,47.7529],[-83.3659,47.7586],[-83.3671,47.7597],[-83.3684,47.7612],[-83.3696,47.7629],[-83.3703,47.7642],[-83.3735,47.7707],[-83.3763,47.7802],[-83.3763,47.7811],[-83.376,47.782],[-83.3752,47.783],[-83.3739,47.7842],[-83.3732,47.7851],[-83.3731,47.7855],[-83.373,47.7862],[-83.3733,47.7873],[-83.3739,47.788],[-83.3768,47.79],[-83.3774,47.7907],[-83.3883,47.8067],[-83.389,47.8084],[-83.3893,47.8099],[-83.3897,47.8111],[-83.3903,47.812],[-83.3913,47.8131],[-83.3922,47.8143],[-83.3926,47.8152],[-83.3927,47.8165],[-83.3926,47.8192],[-83.3927,47.8202],[-83.3933,47.8225],[-83.3945,47.826],[-83.3949,47.8268],[-83.3962,47.8284],[-83.3965,47.8289],[-83.4014,47.8399],[-83.4018,47.8404],[-83.4043,47.8424],[-83.4095,47.8451],[-83.4127,47.8466],[-83.4143,47.8472],[-83.4154,47.8474],[-83.4168,47.8476],[-83.4257,47.8482],[-83.4282,47.8482],[-83.4298,47.8485],[-83.4309,47.8488],[-83.4321,47.8493],[-83.4344,47.8509],[-83.4355,47.8514],[-83.4368,47.8517],[-83.4406,47.852],[-83.4421,47.8523],[-83.4434,47.8527],[-83.4446,47.8532],[-83.4457,47.8538],[-83.4467,47.8545],[-83.45,47.8572],[-83.4507,47.858],[-83.4521,47.8604],[-83.4527,47.8611],[-83.4535,47.8616],[-83.4544,47.862],[-83.4549,47.8622],[-83.4586,47.863],[-83.4597,47.8631],[-83.4608,47.8631],[-83.4686,47.8626],[-83.4705,47.8622],[-83.4716,47.8618],[-83.4727,47.8613],[-83.4739,47.8603],[-83.4745,47.8595],[-83.4759,47.8571],[-83.4768,47.8563],[-83.4778,47.8556],[-83.4813,47.8534],[-83.4824,47.8528],[-83.4832,47.8526],[-83.4848,47.8524],[-83.4861,47.8524],[-83.4872,47.8526],[-83.4895,47.8535],[-83.4906,47.8538],[-83.4917,47.8539],[-83.4931,47.8538],[-83.4945,47.8535],[-83.5121,47.8481],[-83.5141,47.8479],[-83.5192,47.8476],[-83.521,47.8473],[-83.5298,47.8441],[-83.5358,47.8423],[-83.5368,47.8421],[-83.5379,47.8421],[-83.5392,47.8422],[-83.5403,47.8424],[-83.5416,47.843],[-83.5487,47.8462],[-83.5517,47.8479],[-83.5529,47.8484],[-83.556,47.8492],[-83.5575,47.8497],[-83.5663,47.8539],[-83.5796,47.8613],[-83.5838,47.8638],[-83.5853,47.8651],[-83.5905,47.8702],[-83.5982,47.8763],[-83.6102,47.8886],[-83.6115,47.8904],[-83.618,47.9023],[-83.6186,47.9034],[-83.6194,47.9044],[-83.6205,47.9052],[-83.6298,47.9108],[-83.6311,47.9115],[-83.6328,47.912],[-83.6421,47.9136],[-83.6438,47.9142],[-83.6453,47.9151],[-83.6461,47.9158],[-83.6482,47.9179],[-83.649,47.9186],[-83.6525,47.9204],[-83.6534,47.921],[-83.6538,47.9216],[-83.6591,47.9295],[-83.6599,47.9303],[-83.6642,47.9344],[-83.6651,47.9355],[-83.6658,47.9371],[-83.6665,47.9381],[-83.6672,47.9389],[-83.6682,47.9395],[-83.6696,47.94],[-83.6715,47.9404],[-83.6832,47.9411],[-83.6845,47.9413],[-83.6864,47.9417],[-83.689,47.9425],[-83.7025,47.9477],[-83.7044,47.9483],[-83.7087,47.9494],[-83.71,47.9496],[-83.7116,47.9496],[-83.7154,47.9488],[-83.7163,47.9487],[-83.7176,47.9488],[-83.7216,47.9495],[-83.7249,47.9507],[-83.7301,47.9518],[-83.7308,47.952],[-83.7315,47.9524],[-83.7322,47.9532],[-83.7325,47.9539],[-83.7327,47.9551],[-83.733,47.9559],[-83.7352,47.959],[-83.7357,47.9595],[-83.7364,47.9599],[-83.737,47.9601],[-83.7378,47.9603],[-83.739,47.9604],[-83.74,47.9603],[-83.7455,47.9592],[-83.747,47.959],[-83.7484,47.959],[-83.7507,47.9592],[-83.7524,47.9592],[-83.7622,47.9576],[-83.7643,47.9574],[-83.7661,47.9575],[-83.7695,47.9579],[-83.7724,47.9579],[-83.7736,47.9581],[-83.7771,47.9588],[-83.7778,47.959],[-83.7787,47.9595],[-83.7799,47.9604],[-83.7807,47.9612],[-83.7837,47.9654],[-83.7844,47.9665],[-83.7875,47.9734],[-83.7878,47.9738],[-83.7883,47.9745],[-83.7891,47.9751],[-83.79,47.9755],[-83.7933,47.9762],[-83.7948,47.9769],[-83.8042,47.9839],[-83.8139,47.9892],[-83.8145,47.9896],[-83.815,47.9902],[-83.8158,47.9913],[-83.8161,47.992],[-83.8162,47.9926],[-83.8164,47.9949],[-83.8163,47.9955],[-83.8158,47.9969],[-83.8157,47.9978],[-83.8162,48.0005],[-83.8163,48.0014],[-83.8161,48.0025],[-83.8152,48.0049],[-83.8151,48.0059],[-83.8153,48.007],[-83.8157,48.0083],[-83.817,48.0116],[-83.8174,48.0123],[-83.8177,48.0129],[-83.8186,48.014],[-83.8236,48.0194],[-83.8242,48.0202],[-83.8245,48.0209],[-83.8246,48.0218],[-83.8236,48.0312],[-83.8237,48.0326],[-83.8239,48.0336],[-83.8243,48.0344],[-83.8248,48.0353],[-83.83,48.0418],[-83.8372,48.0494],[-83.8405,48.0523],[-83.8413,48.0532],[-83.8439,48.0596],[-83.8441,48.0606],[-83.8441,48.0611],[-83.8439,48.062],[-83.8417,48.0684],[-83.8417,48.0688],[-83.8417,48.0695],[-83.842,48.0701],[-83.8426,48.0708],[-83.8435,48.0714],[-83.8453,48.0721],[-83.8461,48.0726],[-83.8467,48.0731],[-83.8474,48.0739],[-83.8479,48.0748],[-83.8496,48.0804],[-83.8499,48.0809],[-83.8504,48.0814],[-83.8511,48.0818],[-83.8523,48.0821],[-83.8607,48.0832],[-83.8621,48.0834],[-83.863,48.0837],[-83.864,48.084],[-83.8653,48.0848],[-83.8662,48.0856],[-83.8669,48.0865],[-83.8672,48.0873],[-83.868,48.0898],[-83.8688,48.0917],[-83.8693,48.0925],[-83.8711,48.095],[-83.8777,48.1012],[-83.8782,48.1016],[-83.8788,48.102],[-83.8798,48.1024],[-83.8807,48.1026],[-83.8815,48.1026],[-83.8826,48.1026],[-83.8842,48.1021],[-83.888,48.1002],[-83.8895,48.0996],[-83.8904,48.0995],[-83.8917,48.0994],[-83.8927,48.0995],[-83.8938,48.0998],[-83.8991,48.1021],[-83.9,48.1026],[-83.9017,48.1038],[-83.9064,48.1061],[-83.9072,48.1067],[-83.9101,48.1091],[-83.9108,48.1099],[-83.9112,48.1104],[-83.9116,48.1113],[-83.912,48.1133],[-83.9121,48.1139],[-83.9125,48.1144],[-83.9133,48.1151],[-83.9143,48.1155],[-83.915,48.1157],[-83.9158,48.1158],[-83.9205,48.1152],[-83.9214,48.1152],[-83.9227,48.1156],[-83.9235,48.1159],[-83.9241,48.1164],[-83.9248,48.1173],[-83.9254,48.1183],[-83.9261,48.119],[-83.9305,48.1222],[-83.9318,48.1228],[-83.9325,48.123],[-83.9336,48.1231],[-83.9347,48.123],[-83.9358,48.1227],[-83.9379,48.1215],[-83.9403,48.1203],[-83.9434,48.1179],[-83.9466,48.116],[-83.9474,48.1157],[-83.9483,48.1156],[-83.9498,48.1156],[-83.9512,48.1157],[-83.9521,48.116],[-83.9528,48.1163],[-83.9534,48.1167],[-83.9538,48.1172],[-83.9542,48.1182],[-83.9546,48.1203],[-83.9548,48.1211],[-83.9558,48.1227],[-83.9565,48.1234],[-83.9572,48.1239],[-83.958,48.1243],[-83.9613,48.1253],[-83.9623,48.1257],[-83.963,48.1262],[-83.9644,48.1276],[-83.9654,48.1281],[-83.9665,48.1283],[-83.9678,48.1283],[-83.9685,48.1282],[-83.971,48.1275],[-83.9723,48.1274],[-83.9733,48.1275],[-83.974,48.1277],[-83.9749,48.1281],[-83.9765,48.1293],[-83.977,48.1296],[-83.9825,48.1322],[-83.9845,48.1328],[-83.9895,48.1337],[-83.9911,48.1339],[-83.9929,48.1339],[-83.9973,48.1336],[-83.9987,48.1337],[-83.9996,48.1339],[-84.0002,48.1342],[-84.0024,48.1355],[-84.0056,48.1363],[-84.0096,48.1377],[-84.0112,48.1382],[-84.0135,48.1385],[-84.0197,48.1387],[-84.0205,48.1389],[-84.0215,48.1392],[-84.0221,48.1396],[-84.0227,48.1401],[-84.023,48.1405],[-84.0232,48.141],[-84.0233,48.1417],[-84.0231,48.1434],[-84.0231,48.144],[-84.0232,48.1445],[-84.0237,48.1453],[-84.0241,48.1457],[-84.0248,48.1462],[-84.0258,48.1466],[-84.029,48.1476],[-84.0298,48.148],[-84.0304,48.1485],[-84.0312,48.1494],[-84.0348,48.1552],[-84.0349,48.1557],[-84.035,48.1565],[-84.0348,48.1575],[-84.0321,48.1625],[-84.0317,48.1634],[-84.0316,48.164],[-84.0317,48.1646],[-84.0321,48.1653],[-84.0325,48.1657],[-84.0334,48.1664],[-84.0345,48.1669],[-84.0358,48.1672],[-84.0379,48.1675],[-84.0391,48.1677],[-84.0404,48.1677],[-84.0433,48.1671],[-84.0443,48.1671],[-84.0456,48.1673],[-84.0469,48.1677],[-84.0503,48.1697],[-84.0511,48.1704],[-84.0515,48.1709],[-84.052,48.1719],[-84.0522,48.1725],[-84.0525,48.1737],[-84.053,48.1744],[-84.0599,48.18],[-84.0606,48.1803],[-84.0612,48.1805],[-84.0639,48.1808],[-84.0647,48.181],[-84.0658,48.1815],[-84.0666,48.1821],[-84.0704,48.1868],[-84.0709,48.1877],[-84.0711,48.1887],[-84.0711,48.1895],[-84.0709,48.1903],[-84.0676,48.1975],[-84.0673,48.1983],[-84.0672,48.1989],[-84.0672,48.1997],[-84.0673,48.2004],[-84.069,48.206],[-84.0688,48.2082],[-84.0689,48.2089],[-84.0692,48.2097],[-84.07,48.211],[-84.0702,48.2115],[-84.0701,48.2123],[-84.0698,48.2127],[-84.0689,48.2139],[-84.0686,48.2147],[-84.0685,48.2156],[-84.0686,48.218],[-84.0684,48.219],[-84.0679,48.22],[-84.0661,48.2218],[-84.065,48.2234],[-84.0646,48.2238],[-84.0614,48.2267],[-84.0607,48.2272],[-84.0595,48.2279],[-84.0542,48.2302],[-84.0512,48.2322],[-84.0507,48.2325],[-84.0482,48.2332],[-84.0474,48.2335],[-84.0446,48.2352],[-84.0438,48.2359],[-84.0434,48.2364],[-84.0431,48.237],[-84.0428,48.2378],[-84.0423,48.2402],[-84.0423,48.2411],[-84.0426,48.2417],[-84.0429,48.2422],[-84.0442,48.2431],[-84.0448,48.2438],[-84.0463,48.2468],[-84.0464,48.2472],[-84.0463,48.2476],[-84.0459,48.249],[-84.0459,48.2495],[-84.0461,48.2501],[-84.0466,48.2514],[-84.0466,48.2519],[-84.0466,48.2525],[-84.0463,48.2532],[-84.0439,48.2563],[-84.0437,48.2572],[-84.0439,48.2581],[-84.0443,48.2588],[-84.0449,48.2593],[-84.0453,48.2596],[-84.0464,48.2601],[-84.0474,48.2603],[-84.0503,48.2605],[-84.0514,48.2607],[-84.0558,48.2617],[-84.0565,48.2619],[-84.0571,48.2623],[-84.0577,48.2628],[-84.0587,48.264],[-84.0607,48.2658],[-84.0623,48.2681],[-84.0628,48.2689],[-84.063,48.2696],[-84.0628,48.2704],[-84.0615,48.2731],[-84.0613,48.2737],[-84.0612,48.2742],[-84.0612,48.2747],[-84.0614,48.2752],[-84.0618,48.276],[-84.0627,48.2767],[-84.0649,48.2779],[-84.0683,48.2791],[-84.0721,48.2812],[-84.0744,48.2819],[-84.0753,48.2823],[-84.076,48.2829],[-84.0765,48.2833],[-84.0768,48.2838],[-84.0771,48.2847],[-84.0771,48.2852],[-84.077,48.2857],[-84.0765,48.2866],[-84.0745,48.2895],[-84.0742,48.2904],[-84.0741,48.2912],[-84.0743,48.2924],[-84.0761,48.2965],[-84.0762,48.297],[-84.0762,48.2975],[-84.076,48.2981],[-84.0757,48.2986],[-84.0723,48.3017],[-84.0719,48.3021],[-84.0715,48.3028],[-84.0714,48.3033],[-84.0714,48.3038],[-84.0717,48.3052],[-84.0721,48.3062],[-84.0725,48.3067],[-84.0734,48.3072],[-84.0746,48.3076],[-84.0755,48.3077],[-84.0776,48.3077],[-84.0789,48.3078],[-84.08,48.3082],[-84.0811,48.3088],[-84.0956,48.3185],[-84.0969,48.3195],[-84.1014,48.3232],[-84.1082,48.3276],[-84.1094,48.3282],[-84.1137,48.3293],[-84.1146,48.3296],[-84.1154,48.3301],[-84.116,48.3306],[-84.1165,48.3312],[-84.1177,48.3334],[-84.1184,48.3341],[-84.1191,48.3345],[-84.1203,48.3351],[-84.1214,48.3354],[-84.1269,48.3361],[-84.128,48.3363],[-84.1295,48.3369],[-84.1303,48.3374],[-84.131,48.3379],[-84.1315,48.3384],[-84.1321,48.3394],[-84.1351,48.3496],[-84.1355,48.3506],[-84.1358,48.3512],[-84.1366,48.3519],[-84.1373,48.3524],[-84.1444,48.3564],[-84.1457,48.357],[-84.1468,48.3573],[-84.1481,48.3574],[-84.1495,48.3574],[-84.1515,48.3571],[-84.1552,48.3559],[-84.1571,48.3556],[-84.1707,48.3556],[-84.1722,48.3558],[-84.1738,48.3563],[-84.1749,48.3569],[-84.1789,48.3592],[-84.1803,48.3598],[-84.1821,48.3602],[-84.1844,48.3603],[-84.1865,48.36],[-84.1964,48.3572],[-84.1991,48.3567],[-84.2021,48.3563],[-84.204,48.3562],[-84.2057,48.3563],[-84.2102,48.3567],[-84.2168,48.3565],[-84.2184,48.3567],[-84.2213,48.3574],[-84.222,48.3575],[-84.223,48.3574],[-84.2303,48.3558],[-84.2351,48.3552],[-84.2408,48.3548],[-84.2442,48.3544],[-84.2594,48.3513],[-84.2606,48.3511],[-84.262,48.3511],[-84.2637,48.3513],[-84.2649,48.3516],[-84.2743,48.3541],[-84.2754,48.3547],[-84.2761,48.3551],[-84.2775,48.3568],[-84.2782,48.3574],[-84.2791,48.3579],[-84.2797,48.3582],[-84.2812,48.3585],[-84.2941,48.3605],[-84.313,48.3679],[-84.3179,48.3676],[-84.3219,48.3665],[-84.324,48.3663],[-84.327,48.3668],[-84.3303,48.3667],[-84.3321,48.3663],[-84.3349,48.365],[-84.3361,48.3646],[-84.3374,48.3646],[-84.3388,48.3648],[-84.3405,48.3653],[-84.3451,48.367],[-84.3463,48.3672],[-84.3475,48.3672],[-84.3484,48.367],[-84.3567,48.3642],[-84.358,48.3641],[-84.3592,48.3642],[-84.3601,48.3645],[-84.3632,48.3669],[-84.3652,48.3672],[-84.3667,48.367],[-84.3701,48.3659],[-84.3724,48.3657],[-84.3749,48.3661],[-84.3777,48.3668],[-84.3793,48.3676],[-84.3802,48.3685],[-84.3812,48.3719],[-84.3822,48.3786],[-84.3826,48.3793],[-84.3867,48.3826],[-84.387,48.3839],[-84.3855,48.3891],[-84.3854,48.39],[-84.3855,48.3908],[-84.3861,48.3919],[-84.3867,48.3935],[-84.3865,48.3947],[-84.3832,48.3988],[-84.3834,48.4003],[-84.3837,48.4012],[-84.3889,48.4057],[-84.3911,48.4128],[-84.3929,48.4146],[-84.3951,48.4161],[-84.4003,48.4181],[-84.4038,48.4203],[-84.4074,48.4252],[-84.4072,48.4293],[-84.4073,48.4311],[-84.4069,48.4319],[-84.405,48.4339],[-84.4045,48.435],[-84.4042,48.4362],[-84.4044,48.4382],[-84.4065,48.4423],[-84.4069,48.4451],[-84.4063,48.448],[-84.4063,48.4513],[-84.4074,48.4541],[-84.4074,48.4556],[-84.4066,48.4577],[-84.4063,48.4604],[-84.4077,48.4625],[-84.4088,48.4636],[-84.4112,48.4646],[-84.4121,48.4652],[-84.4238,48.4716],[-84.4257,48.4723],[-84.4279,48.4728],[-84.4293,48.474],[-84.4304,48.4766],[-84.4309,48.4774],[-84.4317,48.4781],[-84.4343,48.4788],[-84.4429,48.4796],[-84.4497,48.4796],[-84.452,48.4795],[-84.4551,48.4786],[-84.4573,48.4778],[-84.4588,48.4776],[-84.4608,48.478],[-84.4645,48.4789],[-84.4693,48.4798],[-84.4765,48.4803],[-84.4811,48.4804],[-84.4842,48.4818],[-84.4871,48.4829],[-84.4889,48.4833],[-84.4913,48.4831],[-84.4936,48.4827],[-84.4961,48.4829],[-84.4975,48.4836],[-84.4989,48.4846],[-84.4995,48.4871],[-84.5004,48.4883],[-84.5023,48.4894],[-84.5041,48.4894],[-84.506,48.4891],[-84.5149,48.4848],[-84.5174,48.481],[-84.5215,48.4796],[-84.5247,48.4788],[-84.5268,48.4785],[-84.5285,48.4787],[-84.5303,48.4793],[-84.5319,48.4804],[-84.5349,48.4828],[-84.5368,48.4836],[-84.5394,48.4844],[-84.5415,48.4846],[-84.5443,48.4846],[-84.5471,48.4842],[-84.5491,48.4833],[-84.5533,48.4813],[-84.5558,48.48],[-84.5574,48.4798],[-84.5595,48.4798],[-84.5643,48.4814],[-84.5663,48.4817],[-84.5691,48.4814],[-84.5707,48.481],[-84.5727,48.4809],[-84.578,48.4816],[-84.5863,48.4797],[-84.5942,48.4783],[-84.5992,48.4772],[-84.6017,48.4762],[-84.6038,48.4747],[-84.6101,48.471],[-84.6123,48.4695],[-84.6158,48.4685],[-84.6185,48.4674],[-84.6201,48.4662],[-84.6215,48.4655],[-84.6228,48.4651],[-84.6247,48.4648],[-84.6271,48.4645],[-84.6298,48.4645],[-84.6323,48.4648],[-84.6349,48.466],[-84.6387,48.4676],[-84.6399,48.4679],[-84.6416,48.468],[-84.6435,48.468],[-84.6449,48.4678],[-84.6463,48.4674],[-84.6491,48.466],[-84.6505,48.4656],[-84.6517,48.4655],[-84.6528,48.4655],[-84.6538,48.4656],[-84.6551,48.466],[-84.6725,48.4736],[-84.674,48.4741],[-84.6753,48.4744],[-84.6765,48.4746],[-84.6848,48.4753],[-84.6862,48.4755],[-84.6905,48.4764],[-84.6917,48.4765],[-84.6943,48.4764],[-84.6954,48.4765],[-84.6962,48.4767],[-84.6975,48.4772],[-84.7001,48.4791],[-84.7014,48.4798],[-84.7024,48.4801],[-84.7034,48.4802],[-84.7045,48.4803],[-84.7055,48.4802],[-84.707,48.4799],[-84.7101,48.4788],[-84.7112,48.4785],[-84.7125,48.4783],[-84.715,48.4782],[-84.7159,48.4781],[-84.7168,48.4778],[-84.7222,48.4752],[-84.7235,48.4744],[-84.7254,48.473],[-84.7267,48.4723],[-84.7278,48.472],[-84.7312,48.471],[-84.7338,48.4701],[-84.7353,48.4698],[-84.7362,48.4698],[-84.7407,48.4701],[-84.7415,48.47],[-84.7425,48.4697],[-84.7431,48.4695],[-84.7438,48.4691],[-84.745,48.4679],[-84.7456,48.4675],[-84.7465,48.4671],[-84.7495,48.4666],[-84.7507,48.4662],[-84.7514,48.4658],[-84.7533,48.4642],[-84.7548,48.4634],[-84.7558,48.4631],[-84.7581,48.4626],[-84.7643,48.4604],[-84.7691,48.4588],[-84.7711,48.458],[-84.7741,48.4566],[-84.7755,48.4562],[-84.7771,48.4561],[-84.779,48.4563],[-84.7801,48.4565],[-84.781,48.4569],[-84.7874,48.4598],[-84.7955,48.4639],[-84.7965,48.4643],[-84.7973,48.4645],[-84.8029,48.4657],[-84.8044,48.4658],[-84.8067,48.4658],[-84.808,48.4659],[-84.8129,48.4672],[-84.8144,48.4675],[-84.8247,48.4688],[-84.8335,48.4691],[-84.835,48.4695],[-84.8378,48.4709],[-84.8395,48.4715],[-84.8411,48.4718],[-84.8426,48.4717],[-84.8442,48.4714],[-84.8458,48.4708],[-84.8504,48.4678],[-84.8523,48.4667],[-84.8531,48.4664],[-84.8545,48.4663],[-84.8556,48.4665],[-84.8566,48.4668],[-84.8577,48.4676],[-84.8589,48.4691],[-84.8613,48.4709],[-84.8638,48.4723],[-84.8688,48.4743],[-84.8709,48.4746],[-84.8731,48.4752],[-84.8767,48.4751],[-84.8779,48.4755],[-84.8796,48.477],[-84.8819,48.4775],[-84.8846,48.4777],[-84.8871,48.4777],[-84.8928,48.477],[-84.8942,48.4771],[-84.8955,48.4775],[-84.8981,48.479],[-84.9004,48.4799],[-84.9027,48.4804],[-84.9049,48.4808],[-84.9072,48.4808],[-84.9209,48.4793],[-84.923,48.4793],[-84.9389,48.4822],[-84.9407,48.4824],[-84.9487,48.4829],[-84.9686,48.4828],[-84.9702,48.4826],[-84.9716,48.4821],[-84.9722,48.4816],[-84.9736,48.4802],[-84.9748,48.4794],[-84.9768,48.4786],[-84.9783,48.4785],[-84.9796,48.4786],[-84.9802,48.4788],[-84.9853,48.4816],[-84.987,48.4822],[-84.9885,48.4824],[-84.9895,48.4823],[-84.9903,48.4821],[-85.0019,48.4787],[-85.0031,48.4785],[-85.0043,48.4783],[-85.0065,48.4785],[-85.0083,48.479],[-85.0089,48.4792],[-85.0098,48.4798],[-85.0116,48.4816],[-85.0123,48.4821],[-85.0132,48.4825],[-85.014,48.4827],[-85.0157,48.4828],[-85.0164,48.4827],[-85.0176,48.4824],[-85.0276,48.4784],[-85.0301,48.4776],[-85.0367,48.4764],[-85.0384,48.4763],[-85.0486,48.4762],[-85.0502,48.4761],[-85.0517,48.4758],[-85.053,48.4752],[-85.0541,48.4745],[-85.0559,48.4731],[-85.0572,48.4725],[-85.0581,48.4723],[-85.0591,48.4723],[-85.0606,48.4725],[-85.0617,48.4728],[-85.0647,48.4745],[-85.0657,48.4749],[-85.0689,48.4758],[-85.07,48.4763],[-85.0704,48.4766],[-85.0747,48.48],[-85.081,48.4845],[-85.0824,48.4853],[-85.0846,48.4863],[-85.0855,48.4869],[-85.0862,48.4875],[-85.0868,48.4883],[-85.0884,48.4911],[-85.0889,48.4916],[-85.0899,48.4924],[-85.0934,48.4943],[-85.0994,48.4967],[-85.1046,48.4997],[-85.1124,48.5037],[-85.1175,48.5069],[-85.1187,48.5074],[-85.1199,48.5077],[-85.1213,48.5078],[-85.1251,48.5078],[-85.1269,48.508],[-85.1283,48.5083],[-85.1295,48.5086],[-85.1312,48.5093],[-85.1322,48.5097],[-85.1338,48.5106],[-85.1353,48.5119],[-85.1363,48.5131],[-85.1448,48.5264],[-85.1454,48.527],[-85.1461,48.5274],[-85.1471,48.5279],[-85.1485,48.5283],[-85.1496,48.5284],[-85.1505,48.5284],[-85.1518,48.5283],[-85.1545,48.5275],[-85.1557,48.5274],[-85.1589,48.5275],[-85.1629,48.5272],[-85.1638,48.5273],[-85.165,48.5275],[-85.1656,48.5278],[-85.1662,48.5282],[-85.167,48.5289],[-85.1673,48.5294],[-85.1692,48.5338],[-85.17,48.5347],[-85.1708,48.5352],[-85.1723,48.5358],[-85.174,48.5361],[-85.1751,48.5361],[-85.1786,48.5357],[-85.1795,48.5357],[-85.1804,48.5359],[-85.1816,48.5364],[-85.1837,48.538],[-85.1847,48.5387],[-85.1862,48.5391],[-85.1898,48.5397],[-85.1909,48.5399],[-85.1991,48.5432],[-85.1998,48.5436],[-85.2005,48.544],[-85.2152,48.5547],[-85.2165,48.5555],[-85.2181,48.556],[-85.2197,48.5563],[-85.2209,48.5564],[-85.2395,48.5564],[-85.2411,48.5566],[-85.2448,48.5575],[-85.2466,48.5577],[-85.2484,48.5577],[-85.2527,48.5572],[-85.254,48.5573],[-85.2625,48.5588],[-85.2681,48.5602],[-85.2693,48.5607],[-85.2702,48.5613],[-85.2711,48.5621],[-85.2726,48.5647],[-85.2729,48.5651],[-85.2748,48.5666],[-85.2758,48.5675],[-85.2848,48.5765],[-85.2853,48.5771],[-85.2856,48.5776],[-85.2858,48.5783],[-85.2859,48.5789],[-85.2858,48.5794],[-85.2856,48.5799],[-85.2851,48.5807],[-85.2816,48.5851],[-85.2813,48.5857],[-85.2812,48.5864],[-85.2812,48.5868],[-85.2814,48.5874],[-85.2829,48.5899]]}},{"type":"Feature","id":"537","properties":{"geometryId":"537","routeId":"226-444"},"geometry":{"type":"LineString","coordinates":[[-71.2544,48.4119],[-71.2559,48.4124],[-71.2608,48.4151],[-71.2625,48.4158],[-71.2733,48.4176],[-71.2749,48.4182],[-71.2772,48.4192],[-71.2789,48.4197],[-71.2809,48.4198],[-71.3093,48.4191],[-71.3143,48.4194],[-71.3159,48.4194],[-71.3176,48.4192],[-71.3211,48.4186],[-71.3228,48.4185],[-71.3246,48.4185],[-71.3273,48.4188],[-71.336,48.4205],[-71.3407,48.4217],[-71.3597,48.4271],[-71.3637,48.4282],[-71.3825,48.4329],[-71.3854,48.4333],[-71.3915,48.4336],[-71.3927,48.4336],[-71.3964,48.433],[-71.3976,48.4329],[-71.4009,48.4329],[-71.4104,48.4321],[-71.4132,48.432],[-71.4162,48.4322],[-71.4546,48.437],[-71.4634,48.4377],[-71.4648,48.4379],[-71.4844,48.4421],[-71.4881,48.443],[-71.4902,48.4433],[-71.4992,48.444],[-71.5061,48.4452],[-71.5095,48.4453],[-71.5109,48.4455],[-71.5136,48.4464],[-71.5149,48.4467],[-71.5165,48.4469],[-71.5181,48.447],[-71.5197,48.447],[-71.5215,48.4468],[-71.526,48.446],[-71.5275,48.4459],[-71.529,48.4459],[-71.5307,48.4461],[-71.5409,48.4482],[-71.5425,48.4483],[-71.5582,48.4514],[-71.562,48.4519],[-71.5779,48.4534],[-71.5797,48.4535],[-71.5813,48.4535],[-71.5851,48.453],[-71.5873,48.4528],[-71.5898,48.4528],[-71.6005,48.4531],[-71.6055,48.453],[-71.6163,48.4521],[-71.6185,48.4517],[-71.6624,48.4435],[-71.6699,48.4423],[-71.6736,48.4419],[-71.6769,48.4418],[-71.6801,48.4419],[-71.6828,48.4421],[-71.6857,48.4424],[-71.6882,48.4429],[-71.6917,48.4438],[-71.6945,48.4447],[-71.6968,48.4456],[-71.6997,48.4469],[-71.7532,48.4761],[-71.7573,48.4783],[-71.7608,48.4797],[-71.763,48.4805],[-71.7655,48.4811],[-71.7682,48.4817],[-71.7709,48.4821],[-71.7737,48.4824],[-71.7768,48.4825],[-71.7793,48.4825],[-71.7824,48.4823],[-71.7852,48.482],[-71.8,48.4799],[-71.8024,48.4793],[-71.8036,48.4788],[-71.8046,48.4783],[-71.8058,48.4776],[-71.8264,48.4632],[-71.8272,48.4625],[-71.8278,48.4619],[-71.8281,48.4614],[-71.8304,48.4564],[-71.8309,48.4554],[-71.8322,48.454],[-71.833,48.4534],[-71.8345,48.4524],[-71.8501,48.4434],[-71.8508,48.4429],[-71.8585,48.4363],[-71.8596,48.4354],[-71.8608,48.4347],[-71.8621,48.4341],[-71.8705,48.4316],[-71.8712,48.4312],[-71.872,48.4307],[-71.8779,48.4259],[-71.8788,48.4253],[-71.8799,48.4248],[-71.8812,48.4246],[-71.8825,48.4245],[-71.8837,48.4246],[-71.8854,48.4248],[-71.887,48.4251],[-71.8888,48.4252],[-71.8928,48.4246],[-71.8954,48.4244],[-71.9066,48.4225],[-71.9078,48.4222],[-71.9091,48.4218],[-71.9149,48.4194],[-71.9161,48.419],[-71.918,48.4187],[-71.9535,48.4192],[-71.9562,48.4194],[-71.9578,48.4196],[-71.9683,48.4213],[-71.9699,48.4214],[-71.9717,48.421],[-71.9724,48.4207],[-71.9732,48.4203],[-71.981,48.4146],[-71.9817,48.4143],[-71.9825,48.414],[-71.984,48.4139],[-71.9849,48.4139],[-71.9858,48.4141],[-71.9868,48.4145],[-71.9886,48.4154],[-71.9894,48.4157],[-71.9903,48.4158],[-71.9933,48.4158],[-71.9967,48.4163],[-71.9974,48.4163],[-71.9996,48.416],[-72.0005,48.416],[-72.002,48.4161],[-72.0032,48.4166],[-72.0049,48.4178],[-72.0083,48.4193],[-72.0095,48.42],[-72.0113,48.4206],[-72.0123,48.421],[-72.013,48.4212],[-72.0156,48.4216],[-72.0161,48.4218],[-72.0178,48.4228],[-72.0207,48.4238],[-72.0214,48.424],[-72.0241,48.4244],[-72.0247,48.4246],[-72.0297,48.4267],[-72.0316,48.4272],[-72.0351,48.4284],[-72.0367,48.4287],[-72.0384,48.4286],[-72.0415,48.4281],[-72.0437,48.4275],[-72.0444,48.4272],[-72.045,48.4267],[-72.0453,48.4262],[-72.0455,48.4257],[-72.0455,48.4253],[-72.045,48.4239],[-72.0451,48.4235],[-72.0452,48.4231],[-72.0454,48.4227],[-72.0462,48.4221],[-72.0471,48.4217],[-72.0478,48.4216],[-72.0491,48.4216],[-72.0516,48.4221],[-72.0527,48.4222],[-72.0538,48.4221],[-72.0589,48.4213],[-72.0607,48.4213],[-72.0618,48.4213],[-72.0633,48.4216],[-72.0702,48.4228],[-72.0713,48.423],[-72.0724,48.423],[-72.0734,48.423],[-72.0755,48.4227],[-72.0764,48.4227],[-72.08,48.4231],[-72.0807,48.4231],[-72.0817,48.4229],[-72.085,48.4217],[-72.0864,48.4215],[-72.0871,48.4215],[-72.0914,48.4221],[-72.0926,48.4221],[-72.0949,48.4221],[-72.0959,48.422],[-72.0984,48.4213],[-72.1014,48.4209],[-72.1024,48.4206],[-72.1032,48.4203],[-72.1039,48.4199],[-72.1046,48.4192],[-72.1049,48.4186],[-72.1051,48.418],[-72.1051,48.4175],[-72.1049,48.4167],[-72.1046,48.4162],[-72.1039,48.4156],[-72.1031,48.4151],[-72.1009,48.4142],[-72.0997,48.4133],[-72.0987,48.4129],[-72.0951,48.4124],[-72.0928,48.4116],[-72.0845,48.4083],[-72.0836,48.4078],[-72.0829,48.4072],[-72.0824,48.4066],[-72.0821,48.4059],[-72.0787,48.3971],[-72.0783,48.3963],[-72.0771,48.395],[-72.0766,48.3944],[-72.0755,48.3927],[-72.0754,48.3921],[-72.0755,48.3916],[-72.0758,48.3909],[-72.078,48.3888],[-72.0788,48.3882],[-72.0795,48.3876],[-72.0805,48.3871],[-72.0823,48.3863],[-72.0828,48.3859],[-72.0831,48.3855],[-72.0834,48.3845],[-72.0837,48.3841],[-72.0842,48.3835],[-72.0891,48.3791],[-72.0898,48.3786],[-72.091,48.378],[-72.096,48.3761],[-72.0968,48.3757],[-72.0973,48.3753],[-72.0977,48.3748],[-72.0979,48.3742],[-72.0991,48.3703],[-72.0994,48.3695],[-72.0998,48.3688],[-72.104,48.3634],[-72.1093,48.3589],[-72.1103,48.3579],[-72.111,48.3574],[-72.1123,48.3568],[-72.1146,48.3552],[-72.1154,48.3549],[-72.1167,48.3544],[-72.1181,48.3536],[-72.12,48.3529],[-72.121,48.3527],[-72.1218,48.3527],[-72.1227,48.3529],[-72.125,48.3543],[-72.1258,48.3546],[-72.1268,48.3549],[-72.1293,48.3552],[-72.1303,48.3554],[-72.1315,48.356],[-72.1344,48.3582],[-72.1354,48.3588],[-72.1364,48.3591],[-72.1374,48.3593],[-72.1388,48.3591],[-72.1396,48.3589],[-72.1404,48.3585],[-72.1412,48.3578],[-72.1455,48.3536],[-72.1461,48.3532],[-72.1476,48.3523],[-72.1482,48.3519],[-72.1486,48.3513],[-72.1488,48.3506],[-72.1489,48.35],[-72.1486,48.3482],[-72.1487,48.3476],[-72.1491,48.3471],[-72.1498,48.3466],[-72.1507,48.3463],[-72.1517,48.3462],[-72.1527,48.3464],[-72.1547,48.3469],[-72.1557,48.347],[-72.1567,48.3469],[-72.1578,48.3465],[-72.1584,48.346],[-72.1616,48.3434],[-72.1627,48.3424],[-72.1633,48.3416],[-72.1639,48.3406],[-72.1644,48.3394],[-72.1645,48.3382],[-72.1643,48.337],[-72.1638,48.3357],[-72.1587,48.3247],[-72.1586,48.3236],[-72.1649,48.2981],[-72.1649,48.2965],[-72.165,48.295],[-72.165,48.2946],[-72.1647,48.2942],[-72.1636,48.2932],[-72.1633,48.2929],[-72.1629,48.2913],[-72.1628,48.2907],[-72.1628,48.2901],[-72.1632,48.2884],[-72.1634,48.2878],[-72.1642,48.287],[-72.1648,48.2866],[-72.1699,48.2842],[-72.1708,48.2839],[-72.1729,48.2834],[-72.1736,48.283],[-72.174,48.2826],[-72.1743,48.2821],[-72.1744,48.2817],[-72.1743,48.2813],[-72.174,48.2808],[-72.1729,48.2796],[-72.1727,48.279],[-72.1726,48.2784],[-72.1726,48.2777],[-72.1724,48.2771],[-72.1723,48.2765],[-72.1724,48.276],[-72.1734,48.2727],[-72.1736,48.2719],[-72.1736,48.2702],[-72.1734,48.2698],[-72.1731,48.2694],[-72.1661,48.2643],[-72.1657,48.2638],[-72.1653,48.2631],[-72.1649,48.2619],[-72.1644,48.2612],[-72.1637,48.2607],[-72.163,48.2605],[-72.1617,48.2603],[-72.1606,48.26],[-72.1593,48.2595],[-72.1582,48.2588],[-72.1547,48.256],[-72.154,48.2553],[-72.1535,48.2546],[-72.1531,48.2539],[-72.1529,48.2532],[-72.1519,48.248],[-72.1518,48.2473],[-72.1528,48.2387],[-72.1528,48.2381],[-72.1525,48.2375],[-72.1511,48.2358],[-72.1506,48.2354],[-72.15,48.235],[-72.1484,48.2342],[-72.1479,48.2338],[-72.1477,48.2334],[-72.1475,48.233],[-72.1471,48.2306],[-72.1464,48.2243],[-72.1462,48.2236],[-72.1434,48.2181],[-72.143,48.2149],[-72.1426,48.2139],[-72.1415,48.2116],[-72.1406,48.2104],[-72.14,48.2093],[-72.1394,48.2077],[-72.1394,48.2072],[-72.1397,48.2057],[-72.1398,48.205],[-72.1395,48.2036],[-72.1396,48.2031],[-72.1399,48.2024],[-72.1404,48.2017],[-72.1407,48.2009],[-72.1407,48.1989],[-72.1415,48.1959],[-72.1418,48.1952],[-72.1422,48.1945],[-72.1428,48.1939],[-72.1445,48.1927],[-72.1454,48.1919],[-72.146,48.191],[-72.1463,48.19],[-72.1478,48.1785],[-72.148,48.1776],[-72.1484,48.1765],[-72.1491,48.1757],[-72.1498,48.175],[-72.1508,48.1743],[-72.1541,48.1726],[-72.1547,48.1722],[-72.1552,48.1717],[-72.1555,48.1711],[-72.1559,48.1693],[-72.1569,48.1667],[-72.1573,48.1657],[-72.1577,48.1653],[-72.1596,48.1637],[-72.16,48.1633],[-72.1602,48.1628],[-72.1602,48.1624],[-72.1599,48.1609],[-72.1599,48.1604],[-72.1608,48.1577],[-72.161,48.1572],[-72.1613,48.1568],[-72.162,48.1563],[-72.1689,48.1521],[-72.1697,48.1515],[-72.1702,48.151],[-72.1711,48.1495],[-72.1718,48.1473],[-72.1778,48.1369],[-72.1783,48.136],[-72.1801,48.1342],[-72.1807,48.1334],[-72.1851,48.1258],[-72.1853,48.1251],[-72.1854,48.1244],[-72.1852,48.1237],[-72.1849,48.1231],[-72.179,48.1162],[-72.1787,48.1157],[-72.1774,48.1135],[-72.1772,48.1129],[-72.1771,48.1122],[-72.1772,48.1116],[-72.1792,48.1052],[-72.1793,48.1045],[-72.1788,48.1022],[-72.1789,48.1007],[-72.1788,48.1003],[-72.1784,48.0993],[-72.1784,48.0989],[-72.1789,48.0977],[-72.1788,48.0971],[-72.1782,48.0957],[-72.1778,48.0952],[-72.1771,48.0948],[-72.1753,48.0941],[-72.1742,48.0934],[-72.1735,48.0924],[-72.1735,48.0915],[-72.174,48.0905],[-72.1815,48.0806],[-72.1818,48.08],[-72.1819,48.0793],[-72.1818,48.0787],[-72.1812,48.0768],[-72.1812,48.0763],[-72.1812,48.0758],[-72.1815,48.0752],[-72.1831,48.0726],[-72.1834,48.072],[-72.1836,48.0707],[-72.1839,48.0701],[-72.1856,48.0678],[-72.1859,48.0673],[-72.186,48.0667],[-72.186,48.0654],[-72.1862,48.0642],[-72.1861,48.0635],[-72.1859,48.063],[-72.1848,48.0618],[-72.1847,48.0613],[-72.1846,48.0603],[-72.1845,48.0598],[-72.184,48.0592],[-72.1826,48.058],[-72.182,48.0574],[-72.1801,48.0544],[-72.18,48.0539],[-72.1801,48.0531],[-72.1803,48.0523],[-72.1808,48.0509],[-72.181,48.0491],[-72.1811,48.0486],[-72.1817,48.0477],[-72.1818,48.0473],[-72.1817,48.0468],[-72.1797,48.0407],[-72.1797,48.0403],[-72.1798,48.0398],[-72.1808,48.0383],[-72.1817,48.0362],[-72.1821,48.0356],[-72.184,48.0341],[-72.1845,48.0335],[-72.1859,48.0305],[-72.1862,48.03],[-72.1874,48.0288],[-72.1876,48.0284],[-72.1877,48.0279],[-72.1876,48.0275],[-72.1869,48.0256],[-72.1865,48.0249],[-72.1863,48.0245],[-72.1856,48.024],[-72.1841,48.0234],[-72.1837,48.0231],[-72.1832,48.0226],[-72.1814,48.02],[-72.1811,48.0193],[-72.181,48.0186],[-72.181,48.0179],[-72.1811,48.017],[-72.1813,48.0165],[-72.1827,48.014],[-72.1829,48.0134],[-72.1829,48.0129],[-72.1828,48.0123],[-72.1823,48.0106],[-72.1822,48.0099],[-72.1822,48.0093],[-72.1824,48.0086],[-72.1846,48.0021],[-72.1847,48.0016],[-72.1846,48.0012],[-72.1843,48.0007],[-72.1836,47.9997],[-72.1813,47.9973],[-72.1808,47.9966],[-72.1793,47.9943],[-72.1771,47.9926],[-72.1768,47.9922],[-72.1734,47.9862],[-72.1732,47.9854],[-72.1731,47.9826],[-72.1729,47.9819],[-72.1701,47.9745],[-72.1695,47.973],[-72.1673,47.9696],[-72.167,47.969],[-72.1669,47.9684],[-72.1672,47.9625],[-72.1671,47.9617],[-72.1669,47.9611],[-72.1665,47.9605],[-72.1655,47.9596],[-72.1653,47.9591],[-72.1652,47.9584],[-72.1653,47.9566],[-72.1653,47.9561],[-72.165,47.9555],[-72.1604,47.9479],[-72.1599,47.9472],[-72.1587,47.9458],[-72.157,47.9433],[-72.1566,47.943],[-72.1535,47.9407],[-72.1532,47.9403],[-72.1525,47.9391],[-72.1506,47.9374],[-72.1501,47.9367],[-72.149,47.9342],[-72.1486,47.9337],[-72.1469,47.9322],[-72.1464,47.9317],[-72.1463,47.931],[-72.1464,47.9304],[-72.1474,47.9281],[-72.1474,47.9276],[-72.1473,47.9271],[-72.1469,47.9263],[-72.1467,47.9256],[-72.1466,47.925],[-72.1468,47.9238],[-72.1468,47.9233],[-72.1466,47.9228],[-72.1463,47.9223],[-72.1456,47.9217],[-72.1451,47.9211],[-72.1448,47.9205],[-72.1437,47.9161],[-72.143,47.9143],[-72.1428,47.9134],[-72.1429,47.9127],[-72.144,47.9082],[-72.1441,47.9076],[-72.1441,47.9066],[-72.1443,47.906],[-72.1448,47.9042],[-72.1447,47.9035],[-72.1441,47.9008],[-72.1429,47.8976],[-72.1429,47.8972],[-72.1436,47.8945],[-72.1438,47.8938],[-72.1437,47.8923],[-72.1432,47.8892],[-72.1432,47.8884],[-72.1432,47.8875],[-72.1437,47.8853],[-72.1438,47.8847],[-72.1436,47.8843],[-72.1433,47.8838],[-72.142,47.8828],[-72.1388,47.8795],[-72.1386,47.879],[-72.1383,47.8768],[-72.138,47.8763],[-72.1371,47.8752],[-72.137,47.8748],[-72.137,47.8742],[-72.1372,47.8737],[-72.1376,47.8733],[-72.1385,47.8728],[-72.139,47.8723],[-72.1393,47.8718],[-72.1406,47.8686],[-72.141,47.8678],[-72.1416,47.8672],[-72.1443,47.8648],[-72.1473,47.8609],[-72.1479,47.8604],[-72.1487,47.8601],[-72.1531,47.8597],[-72.154,47.8594],[-72.1546,47.859],[-72.155,47.8585],[-72.1552,47.8579],[-72.1556,47.8549],[-72.1558,47.8541],[-72.158,47.8489],[-72.1585,47.8481],[-72.171,47.8326],[-72.1717,47.8321],[-72.1769,47.8289],[-72.1779,47.8285],[-72.1818,47.8272],[-72.1827,47.8268],[-72.1841,47.8259],[-72.185,47.8254],[-72.1863,47.8243],[-72.1872,47.8235],[-72.1876,47.8229],[-72.1879,47.8222],[-72.1881,47.8211],[-72.1882,47.8203],[-72.1882,47.8195],[-72.1879,47.818],[-72.1872,47.816],[-72.1869,47.8152],[-72.1869,47.8145],[-72.1873,47.8121],[-72.1873,47.8115],[-72.1869,47.8106],[-72.1853,47.8078],[-72.185,47.807],[-72.1827,47.7967],[-72.1828,47.7963],[-72.1833,47.7951],[-72.1833,47.7946],[-72.1831,47.7941],[-72.1822,47.793],[-72.1819,47.7924],[-72.1819,47.7919],[-72.1823,47.7899],[-72.1827,47.7894],[-72.1832,47.7889],[-72.184,47.7886],[-72.1852,47.7884],[-72.1857,47.7884],[-72.1866,47.7881],[-72.1874,47.7877],[-72.1879,47.7871],[-72.1881,47.7866],[-72.1881,47.7861],[-72.1879,47.7856],[-72.187,47.7841],[-72.1864,47.7825],[-72.186,47.782],[-72.1854,47.7816],[-72.1837,47.7809],[-72.183,47.7804],[-72.1826,47.7799],[-72.1824,47.7793],[-72.1821,47.7742],[-72.1825,47.7705],[-72.1839,47.7639],[-72.1843,47.763],[-72.1898,47.7531],[-72.1902,47.7526],[-72.191,47.7518],[-72.1928,47.7488],[-72.1933,47.7481],[-72.1954,47.7462],[-72.1961,47.7456],[-72.1971,47.7452],[-72.1987,47.745],[-72.1995,47.7447],[-72.2001,47.7443],[-72.202,47.7425],[-72.2035,47.7404],[-72.204,47.7399],[-72.2049,47.7396],[-72.2071,47.7393],[-72.2079,47.7389],[-72.2085,47.7383],[-72.2088,47.7377],[-72.209,47.7364],[-72.2095,47.7357],[-72.2113,47.7344],[-72.2123,47.7339],[-72.2135,47.7334],[-72.2144,47.7333],[-72.2155,47.7332],[-72.2158,47.733],[-72.216,47.7331],[-72.2169,47.733],[-72.2185,47.7323],[-72.2238,47.7295],[-72.2252,47.7287],[-72.2267,47.7274],[-72.2291,47.7262],[-72.2296,47.7258],[-72.2299,47.7254],[-72.23,47.7249],[-72.2298,47.724],[-72.2299,47.7236],[-72.2302,47.723],[-72.231,47.7225],[-72.2348,47.7207],[-72.2356,47.7204],[-72.2371,47.72],[-72.2378,47.7197],[-72.2384,47.7193],[-72.2391,47.7183],[-72.2398,47.7178],[-72.2409,47.7171],[-72.2418,47.7164],[-72.2439,47.7141],[-72.2451,47.7123],[-72.2451,47.7116],[-72.2448,47.7104],[-72.2449,47.7097],[-72.2452,47.7092],[-72.2459,47.7087],[-72.2477,47.7081],[-72.2485,47.7076],[-72.2492,47.7069],[-72.2495,47.7063],[-72.2495,47.7056],[-72.249,47.7045],[-72.249,47.704],[-72.2492,47.7028],[-72.2491,47.7024],[-72.2488,47.702],[-72.2481,47.7013],[-72.2477,47.7009],[-72.2476,47.7005],[-72.2476,47.7001],[-72.2477,47.6997],[-72.2488,47.6979],[-72.2488,47.6971],[-72.2486,47.6953],[-72.2488,47.6949],[-72.2511,47.691],[-72.252,47.689],[-72.2524,47.6885],[-72.2531,47.688],[-72.255,47.6872],[-72.2556,47.6868],[-72.2569,47.6853],[-72.2577,47.6845],[-72.2592,47.6833],[-72.2603,47.6822],[-72.2612,47.6817],[-72.263,47.6795],[-72.2638,47.6789],[-72.2647,47.6782],[-72.2652,47.6774],[-72.2655,47.6769],[-72.2656,47.6764],[-72.265,47.6749],[-72.265,47.674],[-72.2648,47.6732],[-72.2639,47.6709],[-72.264,47.6702],[-72.2644,47.6696],[-72.2652,47.6689],[-72.2663,47.6682],[-72.2704,47.666],[-72.2712,47.6654],[-72.2718,47.6647],[-72.2721,47.6638],[-72.2732,47.6602],[-72.2738,47.6592],[-72.2752,47.6578],[-72.2793,47.655],[-72.2804,47.6541],[-72.2812,47.6533],[-72.282,47.6521],[-72.2861,47.6457],[-72.2863,47.645],[-72.2863,47.6443],[-72.286,47.6416],[-72.2859,47.641],[-72.2856,47.6405],[-72.2851,47.6401],[-72.2844,47.6398],[-72.2825,47.6391],[-72.2812,47.6384],[-72.2788,47.6371],[-72.2779,47.6366],[-72.277,47.6364],[-72.2763,47.6363],[-72.2734,47.6366],[-72.2726,47.6366],[-72.2719,47.6365],[-72.2712,47.6362],[-72.2693,47.6352],[-72.2684,47.6349],[-72.2674,47.6348],[-72.2663,47.6349],[-72.2653,47.6353],[-72.2639,47.6362],[-72.2632,47.6365],[-72.2625,47.6366],[-72.2617,47.6366],[-72.2607,47.6364],[-72.2599,47.636],[-72.2593,47.6354],[-72.2591,47.6349],[-72.2591,47.6341],[-72.2589,47.6336],[-72.2584,47.6331],[-72.2514,47.6259],[-72.2491,47.6238],[-72.2484,47.6231],[-72.2481,47.6225],[-72.2478,47.6218],[-72.2468,47.6174],[-72.2463,47.6165],[-72.2447,47.6149],[-72.2444,47.6143],[-72.242,47.6055],[-72.2417,47.6049],[-72.2412,47.6044],[-72.2402,47.6035],[-72.2398,47.6031],[-72.238,47.6007],[-72.2377,47.6002],[-72.2365,47.5975],[-72.2351,47.5939],[-72.2349,47.593],[-72.2348,47.59],[-72.2347,47.5897],[-72.2342,47.5892],[-72.2333,47.5883],[-72.233,47.5878],[-72.2329,47.5873],[-72.2334,47.5859],[-72.2335,47.5846],[-72.2336,47.5839],[-72.2339,47.5833],[-72.2347,47.5824],[-72.235,47.5819],[-72.2351,47.5813],[-72.2352,47.5788],[-72.2355,47.5782],[-72.2361,47.5776],[-72.2369,47.5772],[-72.2388,47.5766],[-72.24,47.576],[-72.2411,47.5752],[-72.2443,47.5724],[-72.2451,47.5716],[-72.2455,47.5709],[-72.2456,47.5703],[-72.2455,47.5697],[-72.2447,47.5672],[-72.2446,47.5666],[-72.2447,47.5659],[-72.2455,47.5645],[-72.2456,47.5639],[-72.2456,47.5618],[-72.2455,47.5609],[-72.2452,47.5602],[-72.244,47.5581],[-72.2437,47.5572],[-72.2437,47.5562],[-72.2441,47.5551],[-72.2459,47.5519],[-72.246,47.5511],[-72.2459,47.5462],[-72.2459,47.5452],[-72.2456,47.5442],[-72.2442,47.5412],[-72.2442,47.5404],[-72.2443,47.5386],[-72.2442,47.538],[-72.244,47.5374],[-72.2433,47.5366],[-72.2425,47.5362],[-72.2416,47.5359],[-72.2388,47.5353],[-72.2376,47.535],[-72.2369,47.5346],[-72.2362,47.5339],[-72.2298,47.5258],[-72.229,47.525],[-72.2275,47.5237],[-72.2266,47.5227],[-72.2261,47.5217],[-72.2244,47.5139],[-72.2241,47.513],[-72.2236,47.5125],[-72.2224,47.5115],[-72.222,47.511],[-72.219,47.5007],[-72.2185,47.4993],[-72.2176,47.498],[-72.2163,47.4966],[-72.2157,47.4957],[-72.2154,47.4945],[-72.215,47.4939],[-72.2143,47.4935],[-72.2136,47.4932],[-72.2118,47.4929],[-72.2108,47.4926],[-72.2099,47.4919],[-72.2093,47.4909],[-72.2083,47.4898],[-72.208,47.4892],[-72.2073,47.4866],[-72.2073,47.4858],[-72.2075,47.4851],[-72.2079,47.4844],[-72.2086,47.4837],[-72.2096,47.483],[-72.2112,47.4824],[-72.2126,47.4821],[-72.2143,47.4819],[-72.2192,47.4824],[-72.2209,47.4824],[-72.2227,47.4821],[-72.2243,47.4815],[-72.2295,47.4789],[-72.2307,47.4784],[-72.2332,47.4779],[-72.2343,47.4775],[-72.2351,47.477],[-72.2357,47.4764],[-72.236,47.4758],[-72.239,47.4703],[-72.2403,47.4684],[-72.2438,47.4652],[-72.2449,47.4646],[-72.2459,47.4642],[-72.2486,47.4634],[-72.2517,47.4621],[-72.2532,47.4614],[-72.254,47.4606],[-72.2543,47.46],[-72.2544,47.4591],[-72.2543,47.4584],[-72.2536,47.457],[-72.2533,47.4559],[-72.2535,47.455],[-72.255,47.4522],[-72.2553,47.4511],[-72.2551,47.4498],[-72.2544,47.448],[-72.2541,47.4469],[-72.254,47.4449],[-72.2536,47.444],[-72.2528,47.4431],[-72.2516,47.4423],[-72.2492,47.4414],[-72.245,47.4402],[-72.243,47.4395],[-72.2417,47.4387],[-72.2407,47.4377],[-72.2402,47.4368],[-72.2399,47.4359],[-72.2398,47.4344],[-72.2395,47.4335],[-72.2388,47.4329],[-72.2359,47.4317],[-72.2348,47.4311],[-72.2339,47.4301],[-72.2334,47.4289],[-72.2328,47.4237],[-72.2327,47.4232],[-72.2322,47.4218],[-72.2321,47.4211],[-72.2322,47.4183],[-72.2321,47.4145],[-72.2317,47.4083],[-72.2313,47.4068],[-72.2282,47.4027],[-72.2278,47.4019],[-72.2276,47.4005],[-72.2274,47.3995],[-72.2263,47.3974],[-72.2249,47.3957],[-72.2236,47.3926],[-72.223,47.3907],[-72.2228,47.3898],[-72.2229,47.388],[-72.2226,47.385],[-72.2223,47.384],[-72.2213,47.3816],[-72.2203,47.3788],[-72.2193,47.3773],[-72.2181,47.3749],[-72.2169,47.3736],[-72.2144,47.3714],[-72.2136,47.3706],[-72.2123,47.3682],[-72.2111,47.3665],[-72.2061,47.3613],[-72.2,47.3556],[-72.1994,47.3545],[-72.1991,47.3537],[-72.1988,47.3507],[-72.201,47.3425],[-72.2044,47.3291],[-72.2051,47.3276],[-72.208,47.3231],[-72.2091,47.3219],[-72.2125,47.3185],[-72.213,47.3178],[-72.2142,47.315],[-72.2148,47.3141],[-72.2167,47.3122],[-72.2201,47.3098],[-72.2239,47.3065],[-72.2252,47.3043],[-72.2275,47.3012],[-72.2289,47.2996],[-72.231,47.2983],[-72.2332,47.2971],[-72.2341,47.2965],[-72.2348,47.2957],[-72.2374,47.2908],[-72.2382,47.2896],[-72.2394,47.2885],[-72.2411,47.2877],[-72.2418,47.2872],[-72.2435,47.2855],[-72.2447,47.2851],[-72.2499,47.2844],[-72.252,47.2837],[-72.2548,47.2822],[-72.2561,47.2814],[-72.2567,47.2804],[-72.2569,47.2796],[-72.2565,47.2779],[-72.2561,47.2773],[-72.2553,47.2767],[-72.2536,47.276],[-72.2514,47.2751],[-72.2494,47.2739],[-72.247,47.2718],[-72.2465,47.271],[-72.2465,47.2703],[-72.2475,47.2686],[-72.2477,47.2677],[-72.2477,47.2669],[-72.2475,47.2659],[-72.2448,47.26],[-72.2446,47.2585],[-72.2447,47.2571],[-72.2455,47.2546],[-72.2462,47.2525],[-72.2479,47.2495],[-72.2483,47.2487],[-72.2487,47.2419],[-72.2491,47.24],[-72.2499,47.2379],[-72.2503,47.2367],[-72.2504,47.2353],[-72.2502,47.2338],[-72.2486,47.2298],[-72.2484,47.2288],[-72.2485,47.2278],[-72.2499,47.2218],[-72.2502,47.221],[-72.2506,47.2204],[-72.2513,47.2199],[-72.2529,47.2194],[-72.2541,47.2193],[-72.2552,47.2195],[-72.2579,47.2203],[-72.2587,47.2203],[-72.2596,47.2202],[-72.2604,47.22],[-72.2655,47.2175],[-72.2677,47.2162],[-72.2686,47.2156],[-72.2695,47.2147],[-72.2727,47.211],[-72.2736,47.2096],[-72.2755,47.2075],[-72.2759,47.2068],[-72.2761,47.2061],[-72.276,47.2047],[-72.276,47.2044],[-72.2771,47.2028],[-72.2807,47.199],[-72.2822,47.1969],[-72.2844,47.194],[-72.2847,47.1933],[-72.2849,47.1926],[-72.2847,47.1907],[-72.2849,47.1826],[-72.2858,47.1796],[-72.2863,47.1768],[-72.2864,47.1758],[-72.2862,47.175],[-72.2849,47.1716],[-72.2845,47.1701],[-72.2845,47.168],[-72.2847,47.1658],[-72.2846,47.1646],[-72.2842,47.1636],[-72.2836,47.1627],[-72.2817,47.1606],[-72.2809,47.1596],[-72.2805,47.1586],[-72.2805,47.1577],[-72.283,47.146],[-72.2835,47.1453],[-72.2843,47.1446],[-72.2848,47.1442],[-72.285,47.1437],[-72.2854,47.1416],[-72.2854,47.1403],[-72.2853,47.1395],[-72.2846,47.1378],[-72.284,47.1371],[-72.283,47.1367],[-72.2809,47.1363],[-72.2801,47.1359],[-72.2795,47.1354],[-72.2791,47.1347],[-72.2789,47.1341],[-72.2786,47.1316],[-72.2788,47.1295],[-72.2786,47.1282],[-72.2786,47.1258],[-72.2785,47.1248],[-72.2782,47.124],[-72.2775,47.122],[-72.2766,47.1209],[-72.2738,47.1182],[-72.2731,47.1176],[-72.2722,47.1172],[-72.27,47.1166],[-72.2689,47.1161],[-72.268,47.1155],[-72.2658,47.1132],[-72.2638,47.1121],[-72.2631,47.1115],[-72.2626,47.1108],[-72.2622,47.1101],[-72.2621,47.109],[-72.2611,47.1073],[-72.261,47.1067],[-72.2612,47.106],[-72.2619,47.1048],[-72.2624,47.1043],[-72.2639,47.1034],[-72.2643,47.1029],[-72.2645,47.1023],[-72.2644,47.1016],[-72.2637,47.1003],[-72.2632,47.0997],[-72.2603,47.0974],[-72.2594,47.0968],[-72.2585,47.0963],[-72.2577,47.0961],[-72.2561,47.0958],[-72.2551,47.0955],[-72.2543,47.0951],[-72.2537,47.0945],[-72.2523,47.093],[-72.2514,47.0916],[-72.2509,47.0908],[-72.2501,47.0887],[-72.2487,47.0863],[-72.2478,47.0852],[-72.245,47.083],[-72.2389,47.0761],[-72.2381,47.0751],[-72.2369,47.0707],[-72.2365,47.07],[-72.2354,47.0689],[-72.235,47.0683],[-72.2344,47.0663],[-72.2322,47.061],[-72.2318,47.0604],[-72.2313,47.0599],[-72.2307,47.0596],[-72.2298,47.0592],[-72.2281,47.0588],[-72.2269,47.0585],[-72.2259,47.0579],[-72.2236,47.0561],[-72.223,47.0553],[-72.2221,47.054],[-72.2207,47.0527],[-72.2201,47.052],[-72.2169,47.0474],[-72.2147,47.045],[-72.2144,47.0443],[-72.2143,47.0433],[-72.2139,47.0422],[-72.2131,47.0408],[-72.2126,47.0403],[-72.212,47.0399],[-72.2111,47.0396],[-72.209,47.0393],[-72.2079,47.0388],[-72.2057,47.0381],[-72.2016,47.036],[-72.2002,47.0351],[-72.1994,47.0343],[-72.1988,47.0335],[-72.1985,47.0328],[-72.1985,47.032],[-72.199,47.03],[-72.1989,47.0292],[-72.1978,47.0258],[-72.1973,47.0248],[-72.1949,47.022],[-72.194,47.0212],[-72.1927,47.0204],[-72.1912,47.019],[-72.1906,47.0179],[-72.1895,47.0156],[-72.189,47.0148],[-72.1879,47.0141],[-72.1865,47.0136],[-72.1821,47.0127],[-72.1801,47.0121],[-72.1785,47.0112],[-72.1775,47.0102],[-72.177,47.0091],[-72.1757,47.0038],[-72.1757,47.003],[-72.1759,47.0023],[-72.1765,47.001],[-72.177,47.0002],[-72.1778,46.9995],[-72.1798,46.9981],[-72.1806,46.9974],[-72.181,46.9968],[-72.1811,46.9961],[-72.1811,46.9954],[-72.1794,46.989],[-72.1788,46.9861],[-72.1772,46.98],[-72.1765,46.9784],[-72.1764,46.9777],[-72.1765,46.9772],[-72.1767,46.9765],[-72.177,46.9761],[-72.1776,46.9757],[-72.1784,46.9753],[-72.18,46.9747],[-72.1837,46.9743],[-72.185,46.974],[-72.1863,46.9735],[-72.1872,46.973],[-72.1881,46.9724],[-72.189,46.9716],[-72.1896,46.9708],[-72.1901,46.9699],[-72.1904,46.9689],[-72.1905,46.9682],[-72.1904,46.9674],[-72.19,46.9656],[-72.1901,46.9652],[-72.1903,46.9647],[-72.1908,46.9641],[-72.1934,46.9625],[-72.1944,46.962],[-72.1952,46.9617],[-72.1975,46.9614],[-72.1987,46.9615],[-72.2006,46.9619],[-72.2018,46.9619],[-72.2028,46.9617],[-72.2037,46.9612],[-72.2041,46.9607],[-72.2047,46.9596],[-72.205,46.9592],[-72.2053,46.959],[-72.2057,46.9588],[-72.2074,46.9583],[-72.2079,46.958],[-72.2085,46.9576],[-72.2096,46.9566],[-72.2105,46.956],[-72.2119,46.9556],[-72.2132,46.9553],[-72.2145,46.9553],[-72.2162,46.9556],[-72.2174,46.956],[-72.2201,46.9578],[-72.2219,46.9586],[-72.2226,46.9588],[-72.2251,46.9593],[-72.2269,46.9599],[-72.2275,46.9599],[-72.2286,46.9599],[-72.2307,46.9593],[-72.2313,46.9592],[-72.2376,46.9589],[-72.2385,46.9588],[-72.2394,46.9586],[-72.242,46.9573],[-72.2436,46.9565],[-72.2443,46.956],[-72.2449,46.9555],[-72.2452,46.955],[-72.2454,46.9542],[-72.2457,46.9536],[-72.247,46.9518],[-72.2472,46.9513],[-72.2474,46.9503],[-72.2476,46.9498],[-72.248,46.9494],[-72.2485,46.949],[-72.2493,46.9487],[-72.2501,46.9486],[-72.2518,46.9484],[-72.2525,46.9482],[-72.2531,46.9479],[-72.2535,46.9475],[-72.254,46.9466],[-72.2545,46.9461],[-72.2567,46.9442],[-72.2572,46.9436],[-72.2575,46.943],[-72.2576,46.9422],[-72.2578,46.9415],[-72.2582,46.9408],[-72.2586,46.9403],[-72.2592,46.9398],[-72.2604,46.9391],[-72.261,46.9389],[-72.2618,46.9388],[-72.2626,46.9388],[-72.2642,46.9392],[-72.265,46.9392],[-72.2657,46.9391],[-72.2665,46.9389],[-72.2682,46.938],[-72.2692,46.9377],[-72.2764,46.9368],[-72.2785,46.9364],[-72.2893,46.9329],[-72.2903,46.9324],[-72.2914,46.9317],[-72.2921,46.9311],[-72.2927,46.9304],[-72.2931,46.9295],[-72.2933,46.9287],[-72.2944,46.9204],[-72.2944,46.9194],[-72.2943,46.9184],[-72.294,46.9173],[-72.2935,46.9162],[-72.292,46.9132],[-72.2919,46.9126],[-72.292,46.9111],[-72.2918,46.9105],[-72.2914,46.9098],[-72.2907,46.9091],[-72.2878,46.9071],[-72.2874,46.9067],[-72.2872,46.9063],[-72.287,46.9056],[-72.2871,46.904],[-72.287,46.903],[-72.2868,46.902],[-72.2855,46.8991],[-72.2854,46.8984],[-72.2856,46.8977],[-72.2859,46.8969],[-72.2865,46.8961],[-72.2881,46.895],[-72.2894,46.8943],[-72.2909,46.8938],[-72.2971,46.8927],[-72.299,46.8923],[-72.3,46.8918],[-72.3026,46.8903],[-72.3041,46.89],[-72.3057,46.8901],[-72.3106,46.8912],[-72.3114,46.8912],[-72.3124,46.8912],[-72.3135,46.8909],[-72.3143,46.8906],[-72.3151,46.8901],[-72.316,46.8894],[-72.3165,46.8889],[-72.3168,46.8885],[-72.3171,46.8879],[-72.3175,46.8864],[-72.3179,46.8858],[-72.3182,46.8854],[-72.3186,46.8851],[-72.3192,46.8847],[-72.32,46.8844],[-72.3223,46.8838],[-72.324,46.8832],[-72.3363,46.8795],[-72.3369,46.8792],[-72.3377,46.8787],[-72.3391,46.8776],[-72.34,46.877],[-72.3409,46.8767],[-72.3428,46.8762],[-72.3452,46.8761],[-72.3459,46.876],[-72.3466,46.8757],[-72.3526,46.8719],[-72.3535,46.8715],[-72.3552,46.8709],[-72.3558,46.8705],[-72.3581,46.8684],[-72.359,46.8677],[-72.3603,46.867],[-72.3613,46.8666],[-72.3641,46.8661],[-72.3653,46.8656],[-72.3659,46.8655],[-72.3673,46.8655],[-72.37,46.8661],[-72.3746,46.8668],[-72.3757,46.8671],[-72.3767,46.8674],[-72.3782,46.8682],[-72.3788,46.8684],[-72.3795,46.8685],[-72.3803,46.8685],[-72.3811,46.8684],[-72.3832,46.8677],[-72.3854,46.8668],[-72.3863,46.8664],[-72.3875,46.8662],[-72.3889,46.8663],[-72.4022,46.8687],[-72.4034,46.8689],[-72.4048,46.8688],[-72.4061,46.8684],[-72.4214,46.8633],[-72.4226,46.8627],[-72.4241,46.8614],[-72.4247,46.861],[-72.4256,46.8607],[-72.4266,46.8605],[-72.4274,46.8606],[-72.4282,46.8608],[-72.4291,46.8612],[-72.4317,46.8633],[-72.4356,46.8678],[-72.4364,46.8686],[-72.4377,46.8693],[-72.4407,46.8706],[-72.442,46.8709],[-72.4433,46.8709],[-72.4443,46.8707],[-72.4454,46.8703],[-72.4506,46.867],[-72.4513,46.8665],[-72.4518,46.8659],[-72.4523,46.8652],[-72.4541,46.8609],[-72.455,46.8596],[-72.456,46.8587],[-72.4584,46.8575],[-72.4679,46.8536],[-72.4734,46.8512],[-72.4743,46.8505],[-72.4888,46.8361],[-72.4897,46.8349],[-72.4912,46.8316],[-72.4985,46.8207],[-72.4992,46.8197],[-72.4994,46.8189],[-72.4994,46.818],[-72.4928,46.782],[-72.4928,46.7812],[-72.4937,46.7774],[-72.4941,46.7767],[-72.4949,46.7762],[-72.4999,46.7733],[-72.5009,46.7726],[-72.5015,46.7717],[-72.5054,46.7576],[-72.5059,46.7563],[-72.5069,46.7548],[-72.5083,46.7535],[-72.5219,46.7434],[-72.5227,46.7429],[-72.5236,46.7426],[-72.5277,46.7419],[-72.529,46.7416],[-72.533,46.7399],[-72.5337,46.7394],[-72.5344,46.7389],[-72.5398,46.7338],[-72.5409,46.733],[-72.5423,46.7323],[-72.5592,46.7263],[-72.5601,46.7259],[-72.5612,46.7253],[-72.562,46.7247],[-72.5729,46.7162],[-72.574,46.7156],[-72.5784,46.7138],[-72.5799,46.7133],[-72.5894,46.711],[-72.5909,46.7105],[-72.5916,46.7101],[-72.6016,46.7032],[-72.6028,46.7023],[-72.6038,46.7012],[-72.6044,46.7003],[-72.6257,46.6624],[-72.6258,46.6618],[-72.6258,46.6613],[-72.6256,46.6608],[-72.621,46.6551],[-72.6208,46.6546],[-72.6207,46.654],[-72.6208,46.6534],[-72.6212,46.6527],[-72.622,46.6519],[-72.6382,46.64],[-72.6396,46.6392],[-72.6678,46.6261],[-72.6688,46.6255],[-72.6695,46.6248],[-72.6699,46.624],[-72.6701,46.6234],[-72.6702,46.6227],[-72.67,46.622],[-72.6694,46.6209],[-72.6692,46.6201],[-72.6691,46.6194],[-72.6693,46.6187],[-72.6697,46.618],[-72.6702,46.6174],[-72.6727,46.6152],[-72.6731,46.6148],[-72.6733,46.6143],[-72.6733,46.6138],[-72.673,46.6133],[-72.6726,46.613],[-72.6719,46.6127],[-72.6705,46.6123],[-72.67,46.612],[-72.6696,46.6115],[-72.6694,46.6109],[-72.6689,46.6081],[-72.6689,46.6075],[-72.6692,46.607],[-72.6696,46.6066],[-72.6703,46.6063],[-72.6711,46.6062],[-72.6718,46.6063],[-72.6728,46.6065],[-72.678,46.6079],[-72.679,46.6082],[-72.6801,46.6082],[-72.6811,46.6081],[-72.6825,46.6075],[-72.6836,46.6073],[-72.6848,46.6071],[-72.6856,46.6068],[-72.6863,46.6064],[-72.6867,46.6059],[-72.6869,46.6053],[-72.6869,46.6046],[-72.6866,46.6039],[-72.686,46.6032],[-72.6844,46.6018],[-72.6839,46.6013],[-72.6837,46.6005],[-72.6838,46.5997],[-72.6843,46.5988],[-72.6852,46.5977],[-72.6863,46.5968],[-72.6875,46.596],[-72.6911,46.5941],[-72.6924,46.5933],[-72.6934,46.5925],[-72.6945,46.5913],[-72.6966,46.5876],[-72.6977,46.5861],[-72.6991,46.5849],[-72.7011,46.5838],[-72.7048,46.5824],[-72.7067,46.5815],[-72.7083,46.5804],[-72.7094,46.5793],[-72.7103,46.5779],[-72.7126,46.5723],[-72.7136,46.5708],[-72.7149,46.5697],[-72.7167,46.5685],[-72.7303,46.5615],[-72.7315,46.5608],[-72.7321,46.5603],[-72.7328,46.5593],[-72.7346,46.5551],[-72.7355,46.5539],[-72.737,46.5526],[-72.7391,46.5518],[-72.7453,46.5498],[-72.7468,46.5496],[-72.7482,46.5496],[-72.7494,46.5499],[-72.7506,46.5503],[-72.758,46.5539],[-72.7595,46.5542],[-72.7616,46.5544],[-72.7782,46.5553],[-72.7808,46.5554],[-72.7927,46.5549],[-72.7953,46.5547],[-72.7974,46.5543],[-72.7995,46.5535],[-72.8009,46.5527],[-72.8021,46.5517],[-72.8028,46.551],[-72.8051,46.5482],[-72.8061,46.5472],[-72.8072,46.5463],[-72.8091,46.5452],[-72.8109,46.5444],[-72.8127,46.5439],[-72.8164,46.5431],[-72.8174,46.5428],[-72.8183,46.5423],[-72.8191,46.5418],[-72.8196,46.5413],[-72.8203,46.5404],[-72.8208,46.5396],[-72.8217,46.5377],[-72.8222,46.5366],[-72.823,46.5336],[-72.8236,46.5323],[-72.8431,46.4996],[-72.8504,46.4851],[-72.851,46.4842],[-72.8518,46.4836],[-72.8528,46.483],[-72.8809,46.4694],[-72.8827,46.4684],[-72.8936,46.4619],[-72.8948,46.4611],[-72.8957,46.4601],[-72.8982,46.4569],[-72.8989,46.456],[-72.9,46.4552],[-72.9144,46.4458],[-72.9217,46.4421],[-72.9234,46.4413],[-72.9249,46.4409],[-72.9331,46.4402],[-72.9347,46.4402],[-72.9364,46.4404],[-72.9441,46.4416],[-72.9451,46.4416],[-72.9467,46.4414],[-72.9475,46.4412],[-72.9484,46.4409],[-72.9492,46.4403],[-72.9535,46.4367],[-72.954,46.4362],[-72.9549,46.4358],[-72.9561,46.4354],[-72.9615,46.4344],[-72.9628,46.4341],[-72.9639,46.4336],[-72.9648,46.433],[-72.9666,46.4311],[-72.9676,46.4305],[-72.969,46.4299],[-72.9802,46.4268],[-72.9823,46.426],[-72.9843,46.4251],[-72.9863,46.4241],[-72.9879,46.423],[-72.9893,46.4219],[-72.991,46.4202],[-73.003,46.4062],[-73.004,46.4051],[-73.0049,46.4044],[-73.0061,46.4038],[-73.0077,46.4033],[-73.0234,46.3991],[-73.0258,46.3982],[-73.0276,46.3973],[-73.0291,46.3964],[-73.0306,46.3954],[-73.0318,46.3943],[-73.0329,46.3931],[-73.0431,46.3794],[-73.0441,46.3781],[-73.0452,46.377],[-73.0497,46.3732],[-73.0504,46.3722],[-73.0626,46.3459],[-73.063,46.3451],[-73.0635,46.3445],[-73.0642,46.3439],[-73.0669,46.3418],[-73.0675,46.3412],[-73.0679,46.3406],[-73.0683,46.3398],[-73.0713,46.3323],[-73.0716,46.3315],[-73.072,46.3309],[-73.0727,46.3303],[-73.0737,46.3296],[-73.0763,46.3286],[-73.077,46.3282],[-73.0777,46.3276],[-73.0781,46.327],[-73.0868,46.3113],[-73.0878,46.31],[-73.0935,46.3037],[-73.0957,46.3014],[-73.0979,46.2992],[-73.0993,46.2973],[-73.1001,46.2964],[-73.1007,46.2955],[-73.105,46.2872],[-73.1055,46.2859],[-73.1058,46.285],[-73.1064,46.281],[-73.1068,46.2796],[-73.1077,46.2772],[-73.1096,46.2732],[-73.1138,46.2644],[-73.1309,46.2378],[-73.1938,46.1935],[-73.1957,46.1923],[-73.197,46.1918],[-73.1987,46.1912],[-73.2367,46.1807],[-73.2377,46.1804],[-73.2384,46.1801],[-73.2985,46.1335],[-73.3024,46.1306],[-73.3355,46.109],[-73.3374,46.1076],[-73.3383,46.1066],[-73.3516,46.0902],[-73.353,46.0886],[-73.3548,46.0872],[-73.4335,46.0335],[-73.4346,46.0329],[-73.436,46.0323],[-73.4452,46.029],[-73.4501,46.0259],[-73.4511,46.0251],[-73.4516,46.0241],[-73.4682,45.9634],[-73.4685,45.9616],[-73.4686,45.9499],[-73.4689,45.9396],[-73.4784,45.859],[-73.4784,45.8576],[-73.4781,45.8561],[-73.4775,45.8547],[-73.4767,45.8534],[-73.4755,45.8522],[-73.4391,45.8226],[-73.4374,45.8208],[-73.4366,45.8191],[-73.4364,45.8183],[-73.4363,45.8171],[-73.4364,45.8162],[-73.4367,45.8152],[-73.4375,45.8138],[-73.4845,45.7395],[-73.4854,45.7377],[-73.4859,45.7357],[-73.4885,45.7194],[-73.4885,45.7181],[-73.4861,45.7081],[-73.4854,45.7004],[-73.4854,45.6994],[-73.4856,45.6986],[-73.4859,45.6977],[-73.4866,45.6965],[-73.4875,45.6955],[-73.4903,45.6933],[-73.4908,45.6927],[-73.4917,45.6917],[-73.4924,45.6902],[-73.493,45.6881],[-73.4938,45.6797],[-73.494,45.679],[-73.4942,45.6787],[-73.4946,45.6782],[-73.4955,45.6775],[-73.4966,45.6769],[-73.4976,45.6766],[-73.5188,45.672],[-73.5212,45.6713],[-73.523,45.6704],[-73.5416,45.6592],[-73.552,45.6514],[-73.5968,45.6178],[-73.6073,45.6099],[-73.6093,45.608],[-73.644,45.5666],[-73.6453,45.5649],[-73.6679,45.5262],[-73.6684,45.5252],[-73.6685,45.5242],[-73.6684,45.517],[-73.6688,45.5151],[-73.6819,45.4674],[-73.6852,45.461],[-73.6858,45.459],[-73.6869,45.45],[-73.6867,45.4492],[-73.6862,45.4486],[-73.6856,45.4482],[-73.6848,45.448],[-73.6832,45.4479],[-73.6496,45.4471],[-73.6466,45.4472],[-73.6439,45.4476],[-73.6416,45.4481],[-73.6373,45.4496],[-73.6343,45.451],[-73.631,45.4529],[-73.6236,45.4578],[-73.619,45.4605],[-73.6028,45.4672],[-73.5943,45.4718],[-73.5864,45.4766],[-73.5856,45.4769],[-73.5846,45.4771],[-73.5809,45.4769],[-73.5791,45.4766],[-73.5757,45.4757],[-73.5744,45.4755],[-73.5724,45.4755],[-73.57,45.4757],[-73.5674,45.4763],[-73.5655,45.4772],[-73.5595,45.4814],[-73.5584,45.4819],[-73.5577,45.4824],[-73.557,45.483],[-73.5563,45.484],[-73.556,45.4846],[-73.5559,45.4852],[-73.556,45.4858],[-73.5566,45.4871],[-73.5567,45.4876],[-73.5567,45.4881],[-73.5561,45.4919],[-73.5559,45.4935],[-73.5559,45.4938],[-73.5561,45.4945],[-73.5564,45.4951],[-73.5568,45.4955],[-73.5576,45.4959],[-73.5662,45.4999]]}},{"type":"Feature","id":"536","properties":{"geometryId":"536","routeId":"226-460"},"geometry":{"type":"LineString","coordinates":[[-73.5662,45.4999],[-73.5576,45.4959],[-73.5568,45.4955],[-73.5564,45.4951],[-73.5561,45.4945],[-73.5559,45.4938],[-73.5559,45.4935],[-73.5561,45.4919],[-73.5567,45.4881],[-73.5567,45.4876],[-73.5566,45.4871],[-73.556,45.4858],[-73.5559,45.4852],[-73.556,45.4846],[-73.5563,45.484],[-73.557,45.483],[-73.5577,45.4824],[-73.5584,45.4819],[-73.5595,45.4814],[-73.5655,45.4772],[-73.5674,45.4763],[-73.57,45.4757],[-73.5724,45.4755],[-73.5744,45.4755],[-73.5757,45.4757],[-73.5791,45.4766],[-73.5809,45.4769],[-73.5846,45.4771],[-73.5856,45.4769],[-73.5864,45.4766],[-73.5943,45.4718],[-73.6028,45.4672],[-73.619,45.4605],[-73.6236,45.4578],[-73.631,45.4529],[-73.6343,45.451],[-73.6373,45.4496],[-73.6416,45.4481],[-73.6439,45.4476],[-73.6466,45.4472],[-73.6496,45.4471],[-73.6832,45.4479],[-73.6848,45.448],[-73.6856,45.4482],[-73.6862,45.4486],[-73.6867,45.4492],[-73.6869,45.45],[-73.6858,45.459],[-73.6852,45.461],[-73.6819,45.4674],[-73.6688,45.5151],[-73.6684,45.517],[-73.6686,45.5242],[-73.6684,45.5252],[-73.6679,45.5262],[-73.6453,45.5649],[-73.644,45.5666],[-73.6093,45.608],[-73.6073,45.6099],[-73.5968,45.6178],[-73.552,45.6514],[-73.5416,45.6592],[-73.523,45.6704],[-73.5212,45.6713],[-73.5188,45.672],[-73.4976,45.6766],[-73.4966,45.6769],[-73.4955,45.6775],[-73.4946,45.6782],[-73.4942,45.6787],[-73.494,45.679],[-73.4938,45.6797],[-73.493,45.6881],[-73.4924,45.6902],[-73.4917,45.6917],[-73.4908,45.6927],[-73.4903,45.6933],[-73.4875,45.6955],[-73.4866,45.6965],[-73.4859,45.6977],[-73.4856,45.6986],[-73.4854,45.6994],[-73.4854,45.7004],[-73.4861,45.7081],[-73.4885,45.7181],[-73.4885,45.7194],[-73.4859,45.7357],[-73.4854,45.7377],[-73.4845,45.7395],[-73.4375,45.8138],[-73.4367,45.8152],[-73.4364,45.8162],[-73.4363,45.8171],[-73.4364,45.8183],[-73.4366,45.8191],[-73.4374,45.8208],[-73.4391,45.8226],[-73.4755,45.8522],[-73.4767,45.8534],[-73.4775,45.8547],[-73.4781,45.8561],[-73.4784,45.8576],[-73.4784,45.859],[-73.4689,45.9396],[-73.4686,45.9499],[-73.4685,45.9616],[-73.4682,45.9634],[-73.4516,46.0241],[-73.4511,46.0251],[-73.4501,46.0259],[-73.4452,46.029],[-73.436,46.0323],[-73.4346,46.0329],[-73.4335,46.0335],[-73.3548,46.0872],[-73.353,46.0886],[-73.3516,46.0902],[-73.3383,46.1066],[-73.3374,46.1076],[-73.3355,46.109],[-73.3024,46.1306],[-73.2985,46.1335],[-73.2384,46.1801],[-73.2377,46.1804],[-73.2367,46.1807],[-73.1987,46.1912],[-73.197,46.1917],[-73.1957,46.1923],[-73.1938,46.1935],[-73.1309,46.2378],[-73.1138,46.2644],[-73.1096,46.2732],[-73.1077,46.2772],[-73.1068,46.2796],[-73.1064,46.281],[-73.1058,46.285],[-73.1055,46.2859],[-73.105,46.2872],[-73.1007,46.2955],[-73.1001,46.2964],[-73.0993,46.2973],[-73.0979,46.2992],[-73.0957,46.3014],[-73.0935,46.3037],[-73.0878,46.31],[-73.0868,46.3113],[-73.0781,46.327],[-73.0777,46.3276],[-73.077,46.3282],[-73.0763,46.3286],[-73.0737,46.3296],[-73.0727,46.3303],[-73.072,46.3309],[-73.0716,46.3315],[-73.0713,46.3323],[-73.0683,46.3398],[-73.0679,46.3406],[-73.0675,46.3412],[-73.0669,46.3418],[-73.0642,46.3439],[-73.0635,46.3445],[-73.063,46.3451],[-73.0626,46.3459],[-73.0504,46.3722],[-73.0497,46.3732],[-73.0452,46.377],[-73.0441,46.3781],[-73.0431,46.3794],[-73.0329,46.3931],[-73.0318,46.3943],[-73.0306,46.3954],[-73.0291,46.3964],[-73.0276,46.3973],[-73.0258,46.3982],[-73.0234,46.3991],[-73.0077,46.4033],[-73.0061,46.4038],[-73.0049,46.4044],[-73.004,46.4051],[-73.003,46.4062],[-72.991,46.4202],[-72.9893,46.4219],[-72.9879,46.423],[-72.9863,46.4241],[-72.9843,46.4251],[-72.9823,46.426],[-72.9802,46.4268],[-72.969,46.4299],[-72.9676,46.4305],[-72.9666,46.4311],[-72.9648,46.433],[-72.9639,46.4336],[-72.9628,46.4341],[-72.9615,46.4344],[-72.9561,46.4354],[-72.9549,46.4358],[-72.954,46.4362],[-72.9535,46.4367],[-72.9492,46.4403],[-72.9484,46.4409],[-72.9475,46.4412],[-72.9467,46.4414],[-72.9451,46.4416],[-72.9441,46.4416],[-72.9364,46.4404],[-72.9347,46.4402],[-72.9331,46.4402],[-72.9249,46.4409],[-72.9234,46.4413],[-72.9217,46.4421],[-72.9144,46.4458],[-72.9,46.4552],[-72.8989,46.456],[-72.8982,46.4569],[-72.8957,46.4601],[-72.8948,46.4611],[-72.8936,46.4619],[-72.8827,46.4684],[-72.8809,46.4694],[-72.8528,46.483],[-72.8518,46.4836],[-72.851,46.4842],[-72.8504,46.4851],[-72.8431,46.4996],[-72.8236,46.5323],[-72.823,46.5336],[-72.8222,46.5366],[-72.8217,46.5377],[-72.8208,46.5396],[-72.8203,46.5404],[-72.8196,46.5413],[-72.8191,46.5418],[-72.8183,46.5423],[-72.8174,46.5428],[-72.8164,46.5431],[-72.8127,46.5439],[-72.8109,46.5444],[-72.8091,46.5452],[-72.8072,46.5463],[-72.8061,46.5472],[-72.8051,46.5482],[-72.8028,46.551],[-72.8021,46.5517],[-72.8009,46.5527],[-72.7995,46.5535],[-72.7974,46.5543],[-72.7953,46.5547],[-72.7927,46.5549],[-72.7808,46.5554],[-72.7782,46.5553],[-72.7616,46.5544],[-72.7595,46.5542],[-72.758,46.5538],[-72.7506,46.5503],[-72.7494,46.5499],[-72.7482,46.5496],[-72.7468,46.5496],[-72.7453,46.5498],[-72.7391,46.5518],[-72.737,46.5526],[-72.7355,46.5538],[-72.7346,46.5551],[-72.7328,46.5593],[-72.7321,46.5603],[-72.7315,46.5608],[-72.7303,46.5615],[-72.7167,46.5685],[-72.7149,46.5697],[-72.7136,46.5708],[-72.7126,46.5723],[-72.7103,46.5779],[-72.7094,46.5793],[-72.7083,46.5804],[-72.7067,46.5815],[-72.7048,46.5824],[-72.7011,46.5838],[-72.6991,46.5849],[-72.6977,46.5861],[-72.6966,46.5876],[-72.6945,46.5913],[-72.6934,46.5925],[-72.6924,46.5933],[-72.6911,46.5941],[-72.6875,46.596],[-72.6863,46.5968],[-72.6852,46.5977],[-72.6843,46.5988],[-72.6838,46.5997],[-72.6837,46.6005],[-72.6839,46.6013],[-72.6844,46.6018],[-72.686,46.6032],[-72.6866,46.6039],[-72.6869,46.6046],[-72.6869,46.6053],[-72.6867,46.6059],[-72.6863,46.6064],[-72.6856,46.6068],[-72.6848,46.6071],[-72.6836,46.6073],[-72.6825,46.6075],[-72.6811,46.6081],[-72.6801,46.6082],[-72.679,46.6082],[-72.678,46.6079],[-72.6728,46.6065],[-72.6718,46.6063],[-72.6711,46.6062],[-72.6703,46.6063],[-72.6696,46.6066],[-72.6692,46.607],[-72.6689,46.6075],[-72.6689,46.6081],[-72.6694,46.6109],[-72.6696,46.6115],[-72.67,46.612],[-72.6705,46.6123],[-72.6719,46.6127],[-72.6726,46.613],[-72.673,46.6133],[-72.6733,46.6138],[-72.6733,46.6143],[-72.6731,46.6148],[-72.6727,46.6152],[-72.6702,46.6174],[-72.6697,46.618],[-72.6693,46.6187],[-72.6691,46.6194],[-72.6692,46.6201],[-72.6694,46.6209],[-72.67,46.622],[-72.6702,46.6227],[-72.6701,46.6234],[-72.6699,46.624],[-72.6695,46.6248],[-72.6688,46.6255],[-72.6678,46.6261],[-72.6396,46.6392],[-72.6382,46.64],[-72.622,46.6519],[-72.6212,46.6527],[-72.6208,46.6534],[-72.6207,46.654],[-72.6208,46.6546],[-72.621,46.6551],[-72.6256,46.6608],[-72.6258,46.6613],[-72.6258,46.6618],[-72.6257,46.6624],[-72.6044,46.7003],[-72.6038,46.7012],[-72.6028,46.7023],[-72.6016,46.7032],[-72.5916,46.7101],[-72.5909,46.7105],[-72.5894,46.711],[-72.5799,46.7133],[-72.5784,46.7138],[-72.574,46.7156],[-72.5729,46.7162],[-72.562,46.7247],[-72.5612,46.7253],[-72.5601,46.7259],[-72.5592,46.7263],[-72.5423,46.7323],[-72.5409,46.733],[-72.5398,46.7338],[-72.5344,46.7389],[-72.5337,46.7394],[-72.533,46.7399],[-72.529,46.7416],[-72.5278,46.7419],[-72.5236,46.7426],[-72.5227,46.7429],[-72.5219,46.7434],[-72.5083,46.7535],[-72.5069,46.7548],[-72.5059,46.7563],[-72.5054,46.7576],[-72.5015,46.7717],[-72.5009,46.7726],[-72.4999,46.7733],[-72.4949,46.7762],[-72.4941,46.7767],[-72.4937,46.7774],[-72.4928,46.7812],[-72.4928,46.782],[-72.4994,46.818],[-72.4994,46.8189],[-72.4992,46.8197],[-72.4912,46.8316],[-72.4897,46.8349],[-72.4888,46.8361],[-72.4743,46.8505],[-72.4734,46.8512],[-72.4725,46.8516],[-72.4659,46.8545],[-72.4647,46.8556],[-72.464,46.8568],[-72.4639,46.858],[-72.4644,46.8608],[-72.465,46.8625],[-72.466,46.8642],[-72.4695,46.8689],[-72.4704,46.8707],[-72.4723,46.8749],[-72.473,46.876],[-72.474,46.8771],[-72.4806,46.8818],[-72.4814,46.8826],[-72.4818,46.8834],[-72.4819,46.8841],[-72.4813,46.8862],[-72.4812,46.887],[-72.4815,46.888],[-72.4832,46.8918],[-72.4833,46.8927],[-72.4832,46.8936],[-72.4828,46.8945],[-72.4802,46.8993],[-72.4796,46.9009],[-72.479,46.9031],[-72.4787,46.904],[-72.4754,46.9076],[-72.4748,46.9087],[-72.4707,46.9189],[-72.4702,46.9207],[-72.4695,46.9276],[-72.4698,46.929],[-72.4705,46.9301],[-72.4719,46.931],[-72.4789,46.934],[-72.4805,46.9346],[-72.4834,46.9354],[-72.4848,46.936],[-72.4866,46.9376],[-72.4876,46.9382],[-72.491,46.9394],[-72.4919,46.9399],[-72.494,46.9415],[-72.4953,46.9421],[-72.5059,46.9469],[-72.5072,46.9474],[-72.5086,46.9476],[-72.5113,46.9474],[-72.5127,46.9476],[-72.516,46.9489],[-72.5173,46.9492],[-72.519,46.9492],[-72.5219,46.9488],[-72.5238,46.9491],[-72.5249,46.9498],[-72.5256,46.9508],[-72.5257,46.9517],[-72.5253,46.9528],[-72.5242,46.9556],[-72.524,46.9567],[-72.5242,46.9577],[-72.5246,46.9587],[-72.5252,46.9594],[-72.5263,46.9603],[-72.5337,46.9652],[-72.5346,46.9661],[-72.5349,46.9672],[-72.5346,46.9698],[-72.5348,46.9706],[-72.5355,46.9721],[-72.5362,46.9734],[-72.5369,46.9742],[-72.5398,46.9759],[-72.5406,46.9766],[-72.5411,46.9773],[-72.5416,46.9798],[-72.5419,46.9804],[-72.5425,46.9812],[-72.5439,46.9825],[-72.5443,46.983],[-72.5446,46.9838],[-72.5448,46.985],[-72.5451,46.9858],[-72.5467,46.9879],[-72.5471,46.9888],[-72.547,46.9896],[-72.546,46.9916],[-72.5459,46.9924],[-72.546,46.9932],[-72.5477,46.9978],[-72.5483,46.999],[-72.552,47.004],[-72.5525,47.0046],[-72.5543,47.006],[-72.5549,47.0067],[-72.5552,47.0073],[-72.5552,47.0081],[-72.5548,47.0089],[-72.554,47.0095],[-72.5521,47.0108],[-72.5513,47.0115],[-72.5507,47.0127],[-72.5478,47.0194],[-72.5476,47.0201],[-72.5476,47.0207],[-72.5478,47.0212],[-72.5481,47.0217],[-72.5485,47.0221],[-72.5492,47.0225],[-72.55,47.0228],[-72.5509,47.023],[-72.5524,47.0229],[-72.553,47.0228],[-72.5541,47.0223],[-72.5545,47.0219],[-72.5561,47.0203],[-72.5568,47.0197],[-72.5579,47.0193],[-72.559,47.0192],[-72.5601,47.0192],[-72.5613,47.0196],[-72.5698,47.0238],[-72.5711,47.0246],[-72.5757,47.029],[-72.5763,47.0297],[-72.5777,47.0322],[-72.5786,47.0335],[-72.5815,47.0368],[-72.5828,47.0389],[-72.591,47.0563],[-72.5912,47.0576],[-72.591,47.0585],[-72.5895,47.0617],[-72.5892,47.0629],[-72.5894,47.064],[-72.5899,47.0651],[-72.5907,47.0661],[-72.6007,47.0757],[-72.6015,47.0767],[-72.6034,47.0794],[-72.6037,47.0801],[-72.6037,47.0811],[-72.6034,47.0821],[-72.6025,47.0835],[-72.6022,47.0843],[-72.6023,47.0852],[-72.6028,47.086],[-72.6038,47.0867],[-72.6067,47.088],[-72.6075,47.0888],[-72.608,47.0896],[-72.6082,47.0904],[-72.6081,47.0914],[-72.6068,47.0938],[-72.6067,47.0949],[-72.6071,47.0961],[-72.608,47.0971],[-72.6091,47.0978],[-72.6116,47.0989],[-72.6123,47.0996],[-72.613,47.1006],[-72.6132,47.1014],[-72.6129,47.1024],[-72.6122,47.1034],[-72.6109,47.1042],[-72.6082,47.1052],[-72.607,47.106],[-72.6063,47.1071],[-72.6062,47.1081],[-72.6065,47.1095],[-72.608,47.1133],[-72.6081,47.1139],[-72.608,47.1145],[-72.6067,47.1167],[-72.6065,47.1175],[-72.6068,47.1196],[-72.6068,47.1206],[-72.6063,47.1215],[-72.6051,47.1225],[-72.6029,47.1241],[-72.6021,47.1249],[-72.6019,47.1259],[-72.6022,47.1268],[-72.6028,47.1275],[-72.6039,47.1281],[-72.6074,47.1292],[-72.6082,47.1297],[-72.6124,47.1331],[-72.613,47.1334],[-72.6182,47.135],[-72.619,47.1355],[-72.6196,47.1361],[-72.62,47.1369],[-72.6212,47.139],[-72.6221,47.1403],[-72.6231,47.1426],[-72.6239,47.1446],[-72.6245,47.1455],[-72.6267,47.1473],[-72.6316,47.1572],[-72.6325,47.1582],[-72.6408,47.1662],[-72.6417,47.1668],[-72.6455,47.1687],[-72.6467,47.1697],[-72.6475,47.171],[-72.6527,47.1829],[-72.6539,47.1848],[-72.6556,47.1867],[-72.677,47.2073],[-72.6783,47.2085],[-72.6788,47.2091],[-72.6791,47.2098],[-72.6792,47.2105],[-72.6795,47.2209],[-72.6798,47.2221],[-72.6826,47.2263],[-72.683,47.2273],[-72.683,47.2281],[-72.6822,47.2307],[-72.6823,47.2317],[-72.6859,47.2405],[-72.6866,47.2418],[-72.6876,47.2432],[-72.691,47.2472],[-72.6929,47.2489],[-72.6981,47.2528],[-72.704,47.2583],[-72.7124,47.2663],[-72.7138,47.2679],[-72.7239,47.2812],[-72.7245,47.2822],[-72.7245,47.2831],[-72.7237,47.2853],[-72.7236,47.2863],[-72.7241,47.2874],[-72.7311,47.2988],[-72.7321,47.2997],[-72.7332,47.3001],[-72.7347,47.3003],[-72.7385,47.3003],[-72.7406,47.3005],[-72.7426,47.3011],[-72.7444,47.3021],[-72.7456,47.3033],[-72.7459,47.3043],[-72.7459,47.3063],[-72.7461,47.3072],[-72.7468,47.308],[-72.7508,47.312],[-72.752,47.3128],[-72.754,47.3134],[-72.7562,47.3139],[-72.7575,47.3145],[-72.7648,47.3199],[-72.766,47.3205],[-72.7675,47.321],[-72.7711,47.3213],[-72.7727,47.3217],[-72.7738,47.3224],[-72.7745,47.3231],[-72.775,47.3242],[-72.7766,47.3286],[-72.7767,47.3293],[-72.7766,47.3322],[-72.7764,47.333],[-72.7738,47.3379],[-72.7735,47.3391],[-72.773,47.342],[-72.7727,47.343],[-72.7681,47.3499],[-72.7676,47.3508],[-72.7676,47.3517],[-72.7682,47.3526],[-72.7696,47.3536],[-72.7722,47.3551],[-72.7731,47.356],[-72.7733,47.3567],[-72.7733,47.358],[-72.7729,47.364],[-72.7725,47.3672],[-72.7726,47.3681],[-72.7729,47.3687],[-72.7735,47.3694],[-72.7765,47.3714],[-72.7771,47.3721],[-72.7774,47.3728],[-72.7773,47.3736],[-72.7762,47.376],[-72.7713,47.3847],[-72.7709,47.3858],[-72.771,47.3903],[-72.7708,47.3912],[-72.7702,47.392],[-72.7691,47.3926],[-72.7674,47.3931],[-72.7643,47.3939],[-72.7596,47.3966],[-72.7571,47.3972],[-72.7442,47.3985],[-72.7428,47.399],[-72.7417,47.3999],[-72.7413,47.4008],[-72.7415,47.4019],[-72.7424,47.4029],[-72.7485,47.4056],[-72.7496,47.4064],[-72.7515,47.4084],[-72.7527,47.4093],[-72.7543,47.41],[-72.7618,47.4128],[-72.7637,47.4138],[-72.7687,47.4168],[-72.77,47.4173],[-72.7716,47.4176],[-72.7749,47.4177],[-72.7764,47.4179],[-72.7781,47.4184],[-72.7799,47.4192],[-72.7813,47.4203],[-72.7822,47.4218],[-72.7826,47.4233],[-72.7827,47.4245],[-72.783,47.4259],[-72.7828,47.4312],[-72.7823,47.441],[-72.7821,47.4422],[-72.7787,47.4515],[-72.7784,47.4527],[-72.7784,47.454],[-72.7793,47.4671],[-72.7793,47.4677],[-72.7792,47.4683],[-72.7686,47.4993],[-72.7684,47.5],[-72.7685,47.5007],[-72.7687,47.5016],[-72.7745,47.5188],[-72.7746,47.5196],[-72.7744,47.5204],[-72.773,47.5225],[-72.7726,47.5235],[-72.7728,47.5246],[-72.7734,47.5256],[-72.7745,47.5264],[-72.7775,47.5279],[-72.7788,47.5283],[-72.7799,47.5285],[-72.7835,47.5289],[-72.7859,47.5296],[-72.7906,47.5314],[-72.7936,47.5333],[-72.7945,47.5337],[-72.7984,47.5347],[-72.7999,47.5353],[-72.801,47.5361],[-72.8018,47.5371],[-72.8022,47.5383],[-72.8016,47.5418],[-72.8019,47.5433],[-72.8026,47.5447],[-72.804,47.5459],[-72.8143,47.5519],[-72.8157,47.5525],[-72.8173,47.553],[-72.819,47.5538],[-72.8241,47.5568],[-72.8256,47.5574],[-72.8274,47.5578],[-72.8312,47.5582],[-72.8335,47.5588],[-72.8394,47.5611],[-72.8406,47.5617],[-72.8424,47.5628],[-72.845,47.565],[-72.8488,47.5673],[-72.8498,47.5677],[-72.8533,47.5688],[-72.8549,47.5695],[-72.8585,47.5714],[-72.8663,47.5743],[-72.868,47.5747],[-72.8722,47.5751],[-72.8741,47.5756],[-72.8758,47.5764],[-72.88,47.5793],[-72.8827,47.5815],[-72.8847,47.5844],[-72.8859,47.5856],[-72.8875,47.5863],[-72.892,47.5878],[-72.8933,47.5889],[-72.8943,47.5907],[-72.8948,47.5913],[-72.8957,47.592],[-72.8985,47.5937],[-72.8992,47.5944],[-72.9029,47.599],[-72.9064,47.6018],[-72.9109,47.6071],[-72.9115,47.6093],[-72.9121,47.6101],[-72.9154,47.6125],[-72.9161,47.6133],[-72.9163,47.6142],[-72.9163,47.6166],[-72.9165,47.6173],[-72.9177,47.6197],[-72.9189,47.6242],[-72.9193,47.6249],[-72.9252,47.6313],[-72.9298,47.6351],[-72.9357,47.6376],[-72.9408,47.6403],[-72.9419,47.641],[-72.9472,47.6456],[-72.9518,47.6474],[-72.953,47.6482],[-72.9568,47.6525],[-72.9575,47.6529],[-72.9637,47.6553],[-72.9694,47.6584],[-72.9709,47.6591],[-72.9738,47.6598],[-72.9803,47.6611],[-72.9831,47.662],[-72.9854,47.6629],[-72.986,47.6635],[-72.9892,47.6681],[-72.9905,47.669],[-72.9919,47.6698],[-72.9954,47.672],[-72.9966,47.6724],[-72.9984,47.6724],[-73.0062,47.6714],[-73.0078,47.6716],[-73.0088,47.6721],[-73.0113,47.6736],[-73.0124,47.6741],[-73.0178,47.6756],[-73.0189,47.6758],[-73.0203,47.6758],[-73.0266,47.6755],[-73.0276,47.6756],[-73.033,47.6763],[-73.0411,47.6785],[-73.0423,47.6787],[-73.044,47.6788],[-73.0474,47.6789],[-73.0488,47.6785],[-73.0499,47.678],[-73.0536,47.6743],[-73.0543,47.6728],[-73.056,47.6683],[-73.0564,47.6667],[-73.0576,47.6602],[-73.0579,47.6582],[-73.0584,47.657],[-73.0603,47.6539],[-73.0612,47.6529],[-73.064,47.6505],[-73.0653,47.6497],[-73.067,47.6492],[-73.0713,47.6489],[-73.0721,47.6486],[-73.0741,47.6476],[-73.0757,47.6471],[-73.0768,47.647],[-73.0778,47.647],[-73.0789,47.6473],[-73.0867,47.6513],[-73.088,47.6519],[-73.0895,47.6522],[-73.0993,47.652],[-73.1006,47.6521],[-73.1017,47.6525],[-73.1024,47.653],[-73.1029,47.6536],[-73.1033,47.6545],[-73.1062,47.6633],[-73.1069,47.6643],[-73.1081,47.665],[-73.1098,47.6654],[-73.1227,47.6668],[-73.1243,47.6671],[-73.1258,47.6679],[-73.1288,47.6698],[-73.1299,47.6703],[-73.1313,47.6705],[-73.1405,47.6709],[-73.1416,47.6708],[-73.1426,47.6705],[-73.1435,47.6699],[-73.1502,47.6643],[-73.1508,47.6636],[-73.152,47.6612],[-73.1524,47.6606],[-73.1551,47.6582],[-73.1556,47.6575],[-73.1571,47.6547],[-73.1602,47.6508],[-73.1607,47.6498],[-73.1612,47.647],[-73.1616,47.6462],[-73.1624,47.6454],[-73.1635,47.6449],[-73.1645,47.6447],[-73.1656,47.6447],[-73.1668,47.645],[-73.1678,47.6455],[-73.1699,47.6469],[-73.1712,47.6475],[-73.1729,47.6477],[-73.1783,47.6481],[-73.1796,47.6483],[-73.1874,47.6509],[-73.1887,47.6515],[-73.1944,47.6542],[-73.1952,47.6547],[-73.196,47.6554],[-73.1994,47.6588],[-73.2,47.6599],[-73.2012,47.6632],[-73.2013,47.6641],[-73.201,47.6651],[-73.1998,47.667],[-73.1997,47.6677],[-73.2,47.6685],[-73.2008,47.6703],[-73.2009,47.6709],[-73.2005,47.6732],[-73.2006,47.6738],[-73.201,47.6745],[-73.2029,47.6774],[-73.2033,47.6784],[-73.2052,47.6853],[-73.2053,47.6861],[-73.2051,47.6889],[-73.2051,47.6895],[-73.2081,47.7004],[-73.2086,47.702],[-73.2089,47.7028],[-73.2095,47.7035],[-73.2105,47.7043],[-73.214,47.7067],[-73.2151,47.7073],[-73.2164,47.7077],[-73.241,47.7125],[-73.2556,47.7162],[-73.257,47.7163],[-73.2581,47.7162],[-73.2591,47.7158],[-73.26,47.7153],[-73.2605,47.7146],[-73.2639,47.7087],[-73.2648,47.7079],[-73.2664,47.7072],[-73.2683,47.7071],[-73.2706,47.708],[-73.2869,47.7165],[-73.2881,47.7177],[-73.319,47.7603],[-73.322,47.7642],[-73.3232,47.7653],[-73.3247,47.7661],[-73.3281,47.7674],[-73.329,47.7679],[-73.3341,47.7712],[-73.3353,47.7717],[-73.337,47.7721],[-73.3386,47.7722],[-73.3441,47.7724],[-73.3455,47.7725],[-73.3466,47.7728],[-73.3476,47.7733],[-73.3543,47.7775],[-73.3558,47.778],[-73.3581,47.7786],[-73.359,47.779],[-73.3598,47.7795],[-73.3629,47.7827],[-73.3636,47.7832],[-73.3672,47.7849],[-73.3684,47.7852],[-73.3697,47.7853],[-73.371,47.785],[-73.3735,47.7841],[-73.375,47.7837],[-73.3762,47.7838],[-73.3775,47.7841],[-73.3787,47.785],[-73.3792,47.7857],[-73.3798,47.7881],[-73.3804,47.7891],[-73.3814,47.7897],[-73.3825,47.7901],[-73.3846,47.7903],[-73.3921,47.7914],[-73.3941,47.7919],[-73.3958,47.7925],[-73.3983,47.7938],[-73.4134,47.805],[-73.4147,47.806],[-73.4153,47.8071],[-73.4173,47.8121],[-73.4174,47.813],[-73.4181,47.8141],[-73.4237,47.8281],[-73.4244,47.8296],[-73.4254,47.8306],[-73.438,47.8418],[-73.439,47.8424],[-73.4403,47.843],[-73.4676,47.8532],[-73.4681,47.8534],[-73.4843,47.8594],[-73.4855,47.8598],[-73.487,47.8601],[-73.5015,47.8626],[-73.5033,47.8627],[-73.505,47.8625],[-73.5065,47.8622],[-73.5079,47.8617],[-73.5211,47.8555],[-73.5279,47.8524],[-73.5291,47.852],[-73.5326,47.8516],[-73.5341,47.8512],[-73.5355,47.8507],[-73.5365,47.85],[-73.5381,47.8487],[-73.5392,47.8482],[-73.5403,47.8479],[-73.5416,47.8479],[-73.5427,47.848],[-73.5523,47.8514],[-73.5533,47.852],[-73.5541,47.8528],[-73.5564,47.8577],[-73.557,47.8585],[-73.5577,47.8591],[-73.5594,47.8601],[-73.5637,47.8625],[-73.5649,47.863],[-73.5669,47.8636],[-73.5994,47.8719],[-73.6017,47.8726],[-73.6077,47.8748],[-73.6096,47.8754],[-73.6239,47.8794],[-73.6252,47.8799],[-73.6264,47.8805],[-73.6295,47.8832],[-73.6304,47.8841],[-73.6315,47.8848],[-73.633,47.8854],[-73.6347,47.8856],[-73.6499,47.8858],[-73.6513,47.8859],[-73.6526,47.8863],[-73.6584,47.8895],[-73.6595,47.8899],[-73.6609,47.8902],[-73.6674,47.8912],[-73.6684,47.8913],[-73.6696,47.8912],[-73.6915,47.8887],[-73.6925,47.8886],[-73.7108,47.8905],[-73.712,47.8908],[-73.713,47.8912],[-73.7206,47.8948],[-73.7217,47.8955],[-73.7259,47.8997],[-73.7268,47.9003],[-73.7281,47.9008],[-73.7295,47.9008],[-73.731,47.9006],[-73.7395,47.8979],[-73.7414,47.8975],[-73.7423,47.8975],[-73.7492,47.8985],[-73.7662,47.9011],[-73.7675,47.9012],[-73.7687,47.9012],[-73.7698,47.9011],[-73.7711,47.9008],[-73.7724,47.9003],[-73.7736,47.8995],[-73.7754,47.8979],[-73.7772,47.8961],[-73.7778,47.8956],[-73.7786,47.8952],[-73.7798,47.8948],[-73.7815,47.8946],[-73.796,47.8938],[-73.7994,47.8935],[-73.8011,47.8932],[-73.8089,47.891],[-73.8101,47.8909],[-73.8203,47.8898],[-73.8251,47.8891],[-73.837,47.8878],[-73.8397,47.8876],[-73.8417,47.8877],[-73.8439,47.8881],[-73.8735,47.8956],[-73.8748,47.896],[-73.8758,47.8966],[-73.8766,47.8973],[-73.892,47.913],[-73.8929,47.9138],[-73.8943,47.9144],[-73.8982,47.9153],[-73.8991,47.9157],[-73.8999,47.9162],[-73.9007,47.917],[-73.9028,47.9196],[-73.9038,47.9204],[-73.9049,47.9211],[-73.9062,47.9215],[-73.9078,47.9219],[-73.909,47.922],[-73.9103,47.922],[-73.9187,47.9207],[-73.9202,47.9205],[-73.9218,47.9205],[-73.9233,47.9208],[-73.925,47.9214],[-73.9285,47.9231],[-73.9296,47.9235],[-73.9309,47.9237],[-73.9402,47.9247],[-73.9415,47.9247],[-73.9427,47.9245],[-73.9437,47.9241],[-73.9446,47.9234],[-73.9451,47.9226],[-73.9452,47.9218],[-73.945,47.921],[-73.9432,47.917],[-73.9429,47.916],[-73.9433,47.9147],[-73.9445,47.9108],[-73.9452,47.9095],[-73.9459,47.9087],[-73.9471,47.9078],[-73.9526,47.905],[-73.9533,47.9045],[-73.9541,47.9038],[-73.9595,47.8969],[-73.9603,47.8961],[-73.9612,47.8956],[-73.9623,47.8953],[-73.9633,47.8951],[-73.9646,47.8952],[-73.9699,47.896],[-73.9711,47.896],[-73.9723,47.8958],[-73.9734,47.8954],[-73.9796,47.8912],[-73.9813,47.8903],[-73.993,47.8858],[-73.9942,47.8852],[-73.995,47.8846],[-73.9959,47.8838],[-74.0019,47.8764],[-74.0029,47.8755],[-74.0041,47.8749],[-74.0056,47.8745],[-74.0073,47.8744],[-74.0163,47.8742],[-74.0176,47.8743],[-74.0186,47.8745],[-74.0195,47.875],[-74.023,47.8775],[-74.0241,47.878],[-74.0255,47.8782],[-74.0266,47.8782],[-74.0279,47.8778],[-74.0344,47.8749],[-74.0361,47.8741],[-74.0374,47.8731],[-74.043,47.8672],[-74.0447,47.8653],[-74.0456,47.8646],[-74.0476,47.8635],[-74.058,47.859],[-74.0604,47.8578],[-74.0682,47.8526],[-74.0701,47.8514],[-74.0708,47.8511],[-74.0739,47.8501],[-74.0751,47.8499],[-74.0764,47.8499],[-74.0776,47.8501],[-74.0788,47.8506],[-74.086,47.8546],[-74.0874,47.8551],[-74.0887,47.8553],[-74.0901,47.8552],[-74.0916,47.8548],[-74.0928,47.8542],[-74.0952,47.8524],[-74.0964,47.8517],[-74.0979,47.8514],[-74.0995,47.8515],[-74.1007,47.8519],[-74.1017,47.8526],[-74.1022,47.8537],[-74.1021,47.8548],[-74.1011,47.8592],[-74.101,47.86],[-74.1012,47.8608],[-74.1019,47.8617],[-74.1056,47.8659],[-74.1061,47.8667],[-74.1064,47.8676],[-74.1066,47.8701],[-74.1068,47.8708],[-74.1072,47.8714],[-74.1079,47.872],[-74.1091,47.8725],[-74.1157,47.8745],[-74.1167,47.8746],[-74.1206,47.8748],[-74.1218,47.875],[-74.1226,47.8752],[-74.1235,47.8757],[-74.1272,47.8786],[-74.1283,47.8793],[-74.1296,47.8797],[-74.1438,47.8832],[-74.1454,47.8835],[-74.1465,47.8836],[-74.1479,47.8835],[-74.1491,47.8831],[-74.1526,47.8818],[-74.1536,47.8815],[-74.1549,47.8813],[-74.1564,47.8813],[-74.1576,47.8816],[-74.1888,47.8899],[-74.1899,47.8901],[-74.191,47.8901],[-74.192,47.8898],[-74.193,47.8892],[-74.1959,47.8871],[-74.1967,47.8868],[-74.1976,47.8866],[-74.2351,47.8803],[-74.2368,47.8799],[-74.2379,47.8794],[-74.2387,47.8787],[-74.2448,47.873],[-74.2457,47.8723],[-74.2469,47.8716],[-74.2484,47.8712],[-74.25,47.8709],[-74.2673,47.8692],[-74.2686,47.869],[-74.2701,47.8684],[-74.2713,47.8678],[-74.2771,47.8631],[-74.2781,47.8625],[-74.2793,47.8621],[-74.2806,47.8618],[-74.2887,47.8616],[-74.2899,47.8614],[-74.2936,47.8605],[-74.2948,47.86],[-74.2958,47.8593],[-74.2965,47.8584],[-74.2971,47.8574],[-74.2974,47.8563],[-74.2981,47.8492],[-74.2984,47.8482],[-74.2988,47.8473],[-74.2996,47.8462],[-74.301,47.8451],[-74.3025,47.8443],[-74.3044,47.8438],[-74.3064,47.8435],[-74.3083,47.8434],[-74.3103,47.8437],[-74.3122,47.8443],[-74.3135,47.8449],[-74.3148,47.8458],[-74.3181,47.8497],[-74.3192,47.8504],[-74.3203,47.8507],[-74.3222,47.8507],[-74.3345,47.8503],[-74.3364,47.8502],[-74.338,47.8505],[-74.3396,47.851],[-74.3409,47.8517],[-74.3419,47.8527],[-74.3441,47.8562],[-74.3495,47.8616],[-74.3499,47.8621],[-74.3526,47.8672],[-74.3535,47.868],[-74.3547,47.8687],[-74.3619,47.871],[-74.3631,47.8717],[-74.3639,47.8724],[-74.3662,47.8761],[-74.3671,47.877],[-74.3683,47.8777],[-74.3698,47.8783],[-74.3721,47.8788],[-74.3815,47.8803],[-74.383,47.8803],[-74.3842,47.88],[-74.3851,47.8796],[-74.3858,47.879],[-74.3879,47.8755],[-74.3886,47.8745],[-74.3894,47.8739],[-74.3904,47.8736],[-74.401,47.8721],[-74.4029,47.8715],[-74.4061,47.8704],[-74.4077,47.87],[-74.4098,47.8697],[-74.4175,47.8698],[-74.419,47.8696],[-74.4241,47.868],[-74.425,47.8678],[-74.4261,47.8679],[-74.4354,47.8694],[-74.4367,47.8695],[-74.4595,47.8705],[-74.4716,47.8728],[-74.4797,47.8741],[-74.482,47.8739],[-74.4839,47.8726],[-74.4856,47.8691],[-74.4869,47.8681],[-74.4887,47.8676],[-74.4907,47.8677],[-74.4967,47.8713],[-74.5031,47.8736],[-74.5101,47.8751],[-74.5125,47.8764],[-74.5174,47.8806],[-74.5224,47.8824],[-74.5248,47.8841],[-74.5281,47.8857],[-74.5302,47.888],[-74.5322,47.8893],[-74.5339,47.8894],[-74.5353,47.8891],[-74.5368,47.8887],[-74.5417,47.8874],[-74.5434,47.8871],[-74.5448,47.8871],[-74.5469,47.8876],[-74.566,47.8948],[-74.5673,47.8955],[-74.5729,47.8993],[-74.5735,47.8999],[-74.5757,47.9033],[-74.5793,47.9053],[-74.5819,47.9074],[-74.5971,47.9167],[-74.599,47.9176],[-74.6009,47.918],[-74.6142,47.9196],[-74.6213,47.9202],[-74.6244,47.9212],[-74.6306,47.9258],[-74.6377,47.928],[-74.6604,47.9347],[-74.6648,47.935],[-74.6744,47.9331],[-74.6817,47.9337],[-74.6982,47.9357],[-74.7032,47.9372],[-74.7257,47.9471],[-74.7333,47.9517],[-74.7417,47.9571],[-74.7458,47.9601],[-74.7571,47.9628],[-74.76,47.9639],[-74.7692,47.9724],[-74.771,47.9731],[-74.7738,47.9737],[-74.781,47.9739],[-74.7845,47.9747],[-74.7918,47.9787],[-74.8126,47.9883],[-74.8141,47.9893],[-74.817,47.9922],[-74.8179,47.9928],[-74.8194,47.9933],[-74.8225,47.9941],[-74.8236,47.9945],[-74.8285,47.9984],[-74.8307,47.9995],[-74.839,48.0017],[-74.8402,48.0022],[-74.8435,48.004],[-74.8602,48.0135],[-74.8613,48.0143],[-74.8618,48.015],[-74.866,48.0221],[-74.8665,48.0231],[-74.8666,48.0239],[-74.8666,48.0249],[-74.8659,48.0301],[-74.8655,48.0337],[-74.8658,48.0348],[-74.8664,48.0357],[-74.8671,48.0364],[-74.8682,48.0371],[-74.8765,48.0418],[-74.8775,48.0426],[-74.8808,48.0467],[-74.8819,48.0476],[-74.8857,48.0502],[-74.8867,48.0511],[-74.8921,48.0572],[-74.893,48.0582],[-74.8935,48.0591],[-74.8936,48.0599],[-74.8937,48.063],[-74.8938,48.064],[-74.8941,48.0652],[-74.8945,48.0659],[-74.8952,48.0672],[-74.8958,48.068],[-74.903,48.0766],[-74.9041,48.0776],[-74.9099,48.0813],[-74.9111,48.0823],[-74.9139,48.0859],[-74.915,48.0868],[-74.9242,48.0923],[-74.926,48.0931],[-74.9312,48.0947],[-74.9331,48.0957],[-74.9443,48.1053],[-74.9455,48.1065],[-74.9505,48.1122],[-74.9512,48.1128],[-74.9523,48.1134],[-74.9537,48.1138],[-74.9749,48.1189],[-74.9772,48.1193],[-74.979,48.1194],[-74.9814,48.1192],[-74.997,48.1174],[-74.9987,48.117],[-75.0002,48.1166],[-75.002,48.1158],[-75.0127,48.1106],[-75.0143,48.11],[-75.0159,48.1095],[-75.0183,48.1091],[-75.0256,48.1082],[-75.0274,48.1081],[-75.0291,48.1081],[-75.053,48.1113],[-75.0545,48.1113],[-75.0566,48.1112],[-75.0627,48.1104],[-75.0638,48.1103],[-75.0649,48.1104],[-75.0705,48.1114],[-75.0718,48.1115],[-75.0731,48.1114],[-75.0768,48.1107],[-75.0785,48.1106],[-75.1213,48.1072],[-75.1237,48.1072],[-75.1351,48.1077],[-75.1399,48.1071],[-75.1408,48.1071],[-75.1418,48.1071],[-75.143,48.1074],[-75.1444,48.1079],[-75.1475,48.1096],[-75.1496,48.1105],[-75.157,48.1131],[-75.1589,48.1135],[-75.1604,48.1138],[-75.1624,48.1138],[-75.1644,48.1137],[-75.1961,48.1104],[-75.1976,48.1101],[-75.2148,48.1056],[-75.216,48.1053],[-75.2173,48.1052],[-75.2185,48.1052],[-75.2204,48.1057],[-75.2371,48.1122],[-75.239,48.1128],[-75.2458,48.1138],[-75.2545,48.117],[-75.2558,48.1172],[-75.2575,48.1173],[-75.3363,48.1122],[-75.361,48.1095],[-75.3884,48.1064],[-75.39,48.1064],[-75.3918,48.1065],[-75.422,48.1095],[-75.4235,48.1098],[-75.425,48.1104],[-75.4388,48.1182],[-75.4397,48.1186],[-75.4407,48.1188],[-75.4416,48.1189],[-75.4428,48.1187],[-75.4442,48.1181],[-75.4491,48.1158],[-75.4505,48.1153],[-75.4574,48.1142],[-75.464,48.1122],[-75.4652,48.1119],[-75.4664,48.1119],[-75.4679,48.1121],[-75.4692,48.1125],[-75.4703,48.1133],[-75.4759,48.1174],[-75.4786,48.1187],[-75.4803,48.1194],[-75.4923,48.1248],[-75.4936,48.1252],[-75.4955,48.1255],[-75.5086,48.1268],[-75.5109,48.1272],[-75.5125,48.1277],[-75.5256,48.1328],[-75.535,48.1363],[-75.536,48.1366],[-75.5464,48.1382],[-75.5478,48.1385],[-75.5666,48.1448],[-75.5687,48.1454],[-75.571,48.1457],[-75.5789,48.1463],[-75.5804,48.1465],[-75.5917,48.1491],[-75.5937,48.1498],[-75.5957,48.1507],[-75.6005,48.1537],[-75.6018,48.1548],[-75.6051,48.1589],[-75.6058,48.1596],[-75.6072,48.1603],[-75.6089,48.1608],[-75.6185,48.1627],[-75.6326,48.1637],[-75.6359,48.1645],[-75.6439,48.1695],[-75.6489,48.1723],[-75.6565,48.1749],[-75.6626,48.1801],[-75.6657,48.182],[-75.668,48.1827],[-75.6783,48.1833],[-75.6799,48.1835],[-75.6814,48.1839],[-75.7095,48.1946],[-75.7111,48.195],[-75.7126,48.1951],[-75.7143,48.195],[-75.7272,48.1934],[-75.7284,48.1934],[-75.7296,48.1934],[-75.7353,48.1943],[-75.7378,48.1944],[-75.7625,48.1944],[-75.7649,48.1942],[-75.7795,48.1924],[-75.7816,48.1923],[-75.7836,48.1924],[-75.8291,48.1998],[-75.8305,48.2001],[-75.8319,48.2005],[-75.8331,48.2011],[-75.8343,48.2018],[-75.8413,48.2067],[-75.8425,48.2073],[-75.844,48.208],[-75.8459,48.2084],[-75.8534,48.2092],[-75.855,48.2092],[-75.8566,48.209],[-75.8577,48.2087],[-75.8632,48.2066],[-75.8641,48.2064],[-75.8658,48.2063],[-75.8669,48.2065],[-75.868,48.2069],[-75.8719,48.2092],[-75.8731,48.2096],[-75.8745,48.2098],[-75.8764,48.2096],[-75.8804,48.2091],[-75.8864,48.2078],[-75.8876,48.2076],[-75.8889,48.2076],[-75.8903,48.2079],[-75.8918,48.2084],[-75.8991,48.2124],[-75.9041,48.2163],[-75.9052,48.2171],[-75.907,48.2178],[-75.909,48.2183],[-75.9113,48.2185],[-75.9213,48.2186],[-75.9366,48.2177],[-75.9377,48.2178],[-75.9393,48.2181],[-75.9725,48.231],[-75.9742,48.2314],[-75.9759,48.2315],[-75.987,48.2303],[-75.9948,48.2301],[-75.9985,48.2296],[-76.0034,48.2287],[-76.0175,48.2278],[-76.0197,48.2276],[-76.031,48.2256],[-76.0325,48.2255],[-76.0339,48.2257],[-76.0352,48.2262],[-76.0363,48.2271],[-76.054,48.2451],[-76.0559,48.2465],[-76.0647,48.2508],[-76.0661,48.2513],[-76.0679,48.2514],[-76.0734,48.2504],[-76.0757,48.2501],[-76.0852,48.2493],[-76.0922,48.2498],[-76.1237,48.2494],[-76.1255,48.2495],[-76.1271,48.2501],[-76.1313,48.252],[-76.1331,48.2525],[-76.1352,48.2526],[-76.1427,48.2524],[-76.1444,48.2525],[-76.1457,48.2528],[-76.1472,48.2534],[-76.1677,48.2632],[-76.1688,48.2636],[-76.1701,48.2639],[-76.1715,48.2638],[-76.1731,48.2635],[-76.1815,48.2608],[-76.183,48.2605],[-76.1849,48.2604],[-76.2087,48.2627],[-76.2119,48.2629],[-76.2143,48.2629],[-76.2448,48.2607],[-76.2463,48.2605],[-76.2478,48.2601],[-76.2733,48.2542],[-76.2749,48.2539],[-76.2768,48.2538],[-76.2826,48.2537],[-76.2851,48.2539],[-76.2871,48.2543],[-76.2911,48.2554],[-76.2923,48.2556],[-76.2937,48.2557],[-76.2994,48.256],[-76.3101,48.2556],[-76.3125,48.2553],[-76.315,48.2545],[-76.324,48.2511],[-76.3342,48.249],[-76.3356,48.2484],[-76.3399,48.2462],[-76.3412,48.2457],[-76.3426,48.2454],[-76.3931,48.2352],[-76.3951,48.235],[-76.3975,48.2352],[-76.4118,48.2374],[-76.4133,48.2375],[-76.4149,48.2374],[-76.431,48.235],[-76.434,48.2343],[-76.4476,48.2308],[-76.4492,48.2305],[-76.4509,48.2303],[-76.4906,48.2286],[-76.4928,48.2287],[-76.5057,48.2306],[-76.5067,48.2306],[-76.5077,48.2305],[-76.5131,48.2294],[-76.5179,48.2277],[-76.5194,48.2273],[-76.5211,48.2272],[-76.5226,48.2273],[-76.5255,48.2278],[-76.5273,48.2279],[-76.5291,48.2275],[-76.5327,48.2261],[-76.5341,48.2258],[-76.5392,48.2253],[-76.5411,48.2249],[-76.5494,48.2223],[-76.551,48.2219],[-76.5528,48.2218],[-76.5545,48.2219],[-76.6018,48.2292],[-76.6034,48.2293],[-76.6155,48.2292],[-76.6173,48.2294],[-76.6193,48.2298],[-76.6603,48.2439],[-76.6615,48.2443],[-76.6633,48.2445],[-76.6652,48.2445],[-76.6886,48.242],[-76.6897,48.2419],[-76.691,48.242],[-76.6941,48.2424],[-76.7085,48.2418],[-76.7122,48.2418],[-76.7386,48.2425],[-76.7408,48.2424],[-76.7544,48.2409],[-76.7564,48.2409],[-76.7584,48.2413],[-76.7601,48.2422],[-76.7614,48.2435],[-76.7677,48.2499],[-76.788,48.2632],[-76.7895,48.2645],[-76.7922,48.2674],[-76.7931,48.2682],[-76.7945,48.269],[-76.8,48.2714],[-76.8041,48.2731],[-76.8051,48.2737],[-76.8061,48.2745],[-76.8271,48.2942],[-76.8297,48.2959],[-76.8313,48.2967],[-76.8445,48.3023],[-76.8468,48.3036],[-76.859,48.3137],[-76.8605,48.3146],[-76.8622,48.3152],[-76.8642,48.3156],[-76.9132,48.3199],[-76.9151,48.3202],[-76.9712,48.3344],[-76.9729,48.3347],[-76.9896,48.3353],[-76.9925,48.3351],[-77.0164,48.3315],[-77.0184,48.331],[-77.0249,48.3288],[-77.0263,48.3284],[-77.0281,48.3281],[-77.0363,48.3273],[-77.0374,48.3273],[-77.0386,48.3274],[-77.0399,48.3278],[-77.044,48.3295],[-77.0458,48.3299],[-77.0477,48.33],[-77.0495,48.3299],[-77.0633,48.3281],[-77.0651,48.3281],[-77.067,48.3283],[-77.0744,48.3296],[-77.0758,48.3299],[-77.0773,48.3304],[-77.0884,48.3346],[-77.0895,48.3349],[-77.0908,48.3351],[-77.0924,48.3351],[-77.0982,48.3347],[-77.0993,48.3347],[-77.1005,48.3348],[-77.1021,48.335],[-77.1801,48.3523],[-77.1825,48.353],[-77.1846,48.3537],[-77.21,48.3661],[-77.2115,48.367],[-77.2332,48.3834],[-77.2344,48.3846],[-77.2352,48.3858],[-77.2372,48.3894],[-77.2379,48.3901],[-77.239,48.3909],[-77.2405,48.3915],[-77.2444,48.3923]]}},{"type":"Feature","id":"534","properties":{"geometryId":"534","routeId":"21-458"},"geometry":{"type":"LineString","coordinates":[[-130.3522,54.2957],[-130.3523,54.2947],[-130.3527,54.2939],[-130.3557,54.2894],[-130.3561,54.2886],[-130.3562,54.2879],[-130.3562,54.2873],[-130.3556,54.2859],[-130.3555,54.2853],[-130.3555,54.285],[-130.3563,54.2826],[-130.3566,54.2821],[-130.3584,54.2802],[-130.3587,54.2796],[-130.3597,54.2767],[-130.3597,54.2758],[-130.3595,54.275],[-130.3588,54.2737],[-130.3506,54.2604],[-130.3499,54.2595],[-130.3384,54.2462],[-130.3379,54.2453],[-130.3361,54.242],[-130.3352,54.2411],[-130.3346,54.2407],[-130.334,54.2403],[-130.3328,54.2398],[-130.3308,54.2393],[-130.3292,54.2392],[-130.3277,54.2392],[-130.3264,54.2394],[-130.3247,54.24],[-130.3234,54.2406],[-130.312,54.2471],[-130.3108,54.2477],[-130.3093,54.248],[-130.3078,54.248],[-130.3063,54.2477],[-130.3056,54.2474],[-130.305,54.2471],[-130.3044,54.2466],[-130.304,54.246],[-130.2957,54.2314],[-130.2951,54.2299],[-130.2934,54.2227],[-130.2927,54.221],[-130.2923,54.2203],[-130.2891,54.2159],[-130.2885,54.2149],[-130.2875,54.2125],[-130.287,54.2115],[-130.2865,54.2109],[-130.2859,54.2101],[-130.285,54.2092],[-130.2841,54.2085],[-130.2822,54.2072],[-130.2803,54.2063],[-130.264,54.1996],[-130.2627,54.1992],[-130.2617,54.1989],[-130.2542,54.1978],[-130.2524,54.1977],[-130.2498,54.1974],[-130.2402,54.1957],[-130.2381,54.1957],[-130.2333,54.1961],[-130.2313,54.1961],[-130.2287,54.1959],[-130.2262,54.1954],[-130.2038,54.1883],[-130.1921,54.1837],[-130.1793,54.1793],[-130.177,54.1783],[-130.175,54.1773],[-130.1698,54.1738],[-130.1683,54.173],[-130.1563,54.1674],[-130.1549,54.1667],[-130.1535,54.1659],[-130.1513,54.1643],[-130.1388,54.1545],[-130.1378,54.1538],[-130.1353,54.1525],[-130.1344,54.152],[-130.1337,54.1514],[-130.1327,54.1502],[-130.132,54.1496],[-130.1311,54.1492],[-130.1298,54.1488],[-130.1282,54.1487],[-130.1267,54.1489],[-130.1259,54.1492],[-130.1225,54.1506],[-130.121,54.151],[-130.1156,54.1519],[-130.1137,54.1525],[-130.1124,54.1531],[-130.1119,54.1535],[-130.1093,54.1555],[-130.1063,54.1571],[-130.1058,54.1574],[-130.1036,54.1608],[-130.1027,54.162],[-130.1019,54.1632],[-130.1003,54.1654],[-130.0993,54.1664],[-130.098,54.1672],[-130.0967,54.1678],[-130.0953,54.1681],[-130.0902,54.169],[-130.0892,54.1692],[-130.0878,54.1698],[-130.0838,54.1717],[-130.0822,54.1722],[-130.0801,54.1727],[-130.0741,54.1739],[-130.0717,54.1743],[-130.0696,54.1746],[-130.0674,54.1746],[-130.0654,54.1746],[-130.0609,54.1741],[-130.0483,54.1718],[-130.0472,54.1718],[-130.0455,54.1719],[-130.0386,54.1729],[-130.0369,54.173],[-130.0355,54.1727],[-130.0341,54.1722],[-130.0334,54.1718],[-130.0318,54.1705],[-130.0312,54.1702],[-130.03,54.1697],[-130.0288,54.1695],[-130.0274,54.1695],[-130.0268,54.1696],[-130.0252,54.1701],[-130.0238,54.1705],[-130.0226,54.171],[-130.0217,54.1716],[-130.0211,54.1721],[-130.0191,54.1744],[-130.0178,54.1753],[-130.017,54.1758],[-130.015,54.1765],[-130.0093,54.1779],[-130.008,54.1784],[-130.0067,54.1789],[-130.0048,54.1799],[-129.9988,54.185],[-129.9984,54.1856],[-129.9978,54.187],[-129.997,54.1884],[-129.9966,54.1894],[-129.9957,54.1912],[-129.9953,54.1919],[-129.9947,54.1925],[-129.9939,54.1932],[-129.993,54.1939],[-129.9918,54.1945],[-129.9906,54.195],[-129.9884,54.1957],[-129.9801,54.1982],[-129.9788,54.1986],[-129.9761,54.1992],[-129.9728,54.1996],[-129.9543,54.2015],[-129.9497,54.2019],[-129.9479,54.2023],[-129.9464,54.2029],[-129.9437,54.2045],[-129.9431,54.2047],[-129.9418,54.2051],[-129.9389,54.2057],[-129.9373,54.2062],[-129.9324,54.209],[-129.9289,54.2107],[-129.928,54.2113],[-129.9246,54.2139],[-129.9233,54.2145],[-129.9218,54.2148],[-129.9171,54.2154],[-129.9092,54.2163],[-129.9071,54.2169],[-129.9022,54.219],[-129.8965,54.2209],[-129.8944,54.2223],[-129.8922,54.2236],[-129.8893,54.2242],[-129.8861,54.2247],[-129.8833,54.2257],[-129.8716,54.2336],[-129.8688,54.235],[-129.8656,54.2361],[-129.8618,54.2371],[-129.8582,54.2376],[-129.8549,54.2379],[-129.8508,54.2378],[-129.8209,54.2364],[-129.8172,54.236],[-129.8136,54.2353],[-129.8113,54.2346],[-129.7966,54.2299],[-129.7943,54.2291],[-129.7909,54.2277],[-129.7857,54.2251],[-129.7831,54.2241],[-129.7804,54.2233],[-129.7677,54.2207],[-129.7629,54.2202],[-129.7606,54.2202],[-129.7518,54.2205],[-129.7466,54.2203],[-129.744,54.22],[-129.7303,54.2184],[-129.7235,54.2172],[-129.7195,54.2167],[-129.7158,54.2165],[-129.7121,54.216],[-129.7086,54.2152],[-129.7049,54.2147],[-129.7013,54.2144],[-129.6906,54.2123],[-129.6875,54.2111],[-129.6845,54.2098],[-129.678,54.2077],[-129.6752,54.2062],[-129.6679,54.2012],[-129.6654,54.1996],[-129.6604,54.1966],[-129.6579,54.1949],[-129.6529,54.1914],[-129.6504,54.1898],[-129.6471,54.1887],[-129.6437,54.1879],[-129.6386,54.1873],[-129.6306,54.1875],[-129.6245,54.1873],[-129.6226,54.1874],[-129.6207,54.1879],[-129.6195,54.1883],[-129.6102,54.1925],[-129.6041,54.1965],[-129.6025,54.1974],[-129.6016,54.1977],[-129.5983,54.1985],[-129.5963,54.1991],[-129.5887,54.2041],[-129.588,54.2048],[-129.5872,54.2058],[-129.5869,54.2079],[-129.5859,54.2097],[-129.5856,54.2105],[-129.5853,54.2118],[-129.5854,54.2146],[-129.5853,54.2152],[-129.5848,54.2166],[-129.5839,54.2179],[-129.5824,54.2192],[-129.5802,54.2208],[-129.5788,54.2216],[-129.5771,54.2223],[-129.5747,54.2231],[-129.5719,54.2239],[-129.5687,54.2244],[-129.542,54.2273],[-129.5347,54.2275],[-129.5331,54.2278],[-129.5317,54.2285],[-129.5309,54.2291],[-129.5267,54.2338],[-129.5248,54.2353],[-129.5231,54.2366],[-129.5223,54.2374],[-129.5218,54.2381],[-129.5217,54.2384],[-129.5217,54.2392],[-129.522,54.2407],[-129.5219,54.2413],[-129.5217,54.2419],[-129.5213,54.2424],[-129.5208,54.2428],[-129.5202,54.2433],[-129.5194,54.2436],[-129.5067,54.248],[-129.505,54.2484],[-129.4986,54.2497],[-129.4967,54.2498],[-129.4949,54.2497],[-129.4876,54.2483],[-129.4858,54.2481],[-129.4762,54.2477],[-129.474,54.2477],[-129.4681,54.2484],[-129.4603,54.2489],[-129.4575,54.2493],[-129.4404,54.2527],[-129.4384,54.2534],[-129.4376,54.2538],[-129.4359,54.2552],[-129.4348,54.2562],[-129.4341,54.257],[-129.4336,54.2579],[-129.4329,54.2598],[-129.4323,54.261],[-129.4297,54.2651],[-129.4285,54.2663],[-129.4251,54.269],[-129.4241,54.2701],[-129.4238,54.2707],[-129.4232,54.2755],[-129.4234,54.2784],[-129.4231,54.2793],[-129.4226,54.2802],[-129.422,54.2807],[-129.4136,54.2861],[-129.4106,54.2875],[-129.4091,54.2883],[-129.4079,54.2892],[-129.4046,54.2926],[-129.4039,54.2931],[-129.4031,54.2936],[-129.4021,54.294],[-129.397,54.2961],[-129.3944,54.297],[-129.3776,54.3035],[-129.3756,54.3044],[-129.3707,54.3061],[-129.3648,54.3083],[-129.3613,54.3094],[-129.3589,54.3103],[-129.3385,54.3175],[-129.3355,54.3185],[-129.3255,54.3221],[-129.3227,54.3229],[-129.32,54.3234],[-129.3074,54.3252],[-129.3048,54.3259],[-129.3028,54.3268],[-129.3015,54.3277],[-129.3007,54.3285],[-129.2992,54.3304],[-129.2988,54.3309],[-129.298,54.3314],[-129.2932,54.3337],[-129.2917,54.3343],[-129.2908,54.3346],[-129.2898,54.3347],[-129.2862,54.3349],[-129.2057,54.3369],[-129.2046,54.337],[-129.2037,54.3372],[-129.1926,54.3408],[-129.1878,54.3426],[-129.1868,54.3432],[-129.1858,54.3442],[-129.1839,54.346],[-129.1745,54.3525],[-129.1723,54.3541],[-129.1683,54.3582],[-129.1651,54.3618],[-129.1642,54.3622],[-129.1625,54.3627],[-129.1571,54.3637],[-129.1549,54.364],[-129.1492,54.3643],[-129.1447,54.3647],[-129.143,54.365],[-129.1419,54.3655],[-129.1402,54.3668],[-129.1401,54.367],[-129.1397,54.3677],[-129.1397,54.3681],[-129.1396,54.37],[-129.1394,54.3705],[-129.139,54.371],[-129.1374,54.3721],[-129.1338,54.3743],[-129.1319,54.3758],[-129.1266,54.3792],[-129.1246,54.3803],[-129.1234,54.3808],[-129.1216,54.3814],[-129.0836,54.3893],[-129.082,54.3897],[-129.077,54.3914],[-129.0752,54.3921],[-129.0742,54.3926],[-129.0704,54.395],[-129.0698,54.3955],[-129.0675,54.3975],[-129.0665,54.3982],[-129.0653,54.3989],[-129.0641,54.3994],[-129.0614,54.4002],[-129.0583,54.4006],[-129.0365,54.4026],[-129.034,54.403],[-129.032,54.4034],[-129.0103,54.4086],[-129.0084,54.4093],[-129.0062,54.4105],[-129.0053,54.4109],[-129.0042,54.4112],[-129.0031,54.4114],[-129.002,54.4114],[-128.9564,54.4095],[-128.9024,54.4096],[-128.9012,54.4097],[-128.8992,54.41],[-128.8795,54.4149],[-128.8652,54.4175],[-128.8631,54.418],[-128.8615,54.4186],[-128.8602,54.4191],[-128.8567,54.4213],[-128.8557,54.4218],[-128.8533,54.4228],[-128.8521,54.4235],[-128.8517,54.4238],[-128.8509,54.4248],[-128.8503,54.4258],[-128.8497,54.4282],[-128.8495,54.4287],[-128.8489,54.4295],[-128.8482,54.4301],[-128.8474,54.4306],[-128.8464,54.431],[-128.842,54.4319],[-128.8406,54.4324],[-128.8398,54.4328],[-128.8389,54.4335],[-128.8347,54.437],[-128.8327,54.4383],[-128.8147,54.4486],[-128.8132,54.4497],[-128.8108,54.4522],[-128.8099,54.4529],[-128.8085,54.4536],[-128.8032,54.4561],[-128.801,54.457],[-128.7971,54.4586],[-128.7949,54.4594],[-128.7931,54.46],[-128.7916,54.4602],[-128.7871,54.4608],[-128.7587,54.4665],[-128.7562,54.467],[-128.7551,54.4674],[-128.7542,54.4678],[-128.75,54.4704],[-128.7492,54.4709],[-128.7487,54.4714],[-128.7454,54.4756],[-128.744,54.477],[-128.7423,54.4782],[-128.7139,54.4968],[-128.7116,54.498],[-128.6974,54.5035],[-128.6949,54.5041],[-128.6908,54.5049],[-128.6898,54.5052],[-128.6888,54.5058],[-128.6852,54.5087],[-128.6843,54.5096],[-128.6837,54.5103],[-128.6826,54.512],[-128.6805,54.5157],[-128.6803,54.5163],[-128.6801,54.5176],[-128.6799,54.5181],[-128.6793,54.5188],[-128.6789,54.5191],[-128.678,54.5195],[-128.6727,54.5212],[-128.6713,54.5215],[-128.6697,54.5218],[-128.6677,54.5218],[-128.6663,54.5217],[-128.6652,54.5214],[-128.6573,54.5192],[-128.6549,54.5188],[-128.5786,54.514],[-128.5759,54.5139],[-128.5726,54.5142],[-128.5695,54.5147],[-128.5671,54.5154],[-128.5635,54.5167],[-128.5627,54.5171],[-128.5608,54.5183],[-128.5592,54.5197],[-128.5584,54.5206],[-128.5574,54.522],[-128.5566,54.5238],[-128.5556,54.5267],[-128.5549,54.5279],[-128.5543,54.5287],[-128.5532,54.5297],[-128.5523,54.5303],[-128.5509,54.531],[-128.5498,54.5314],[-128.5482,54.5318],[-128.5024,54.5435],[-128.4965,54.5451],[-128.4945,54.546],[-128.4937,54.5465],[-128.4926,54.5472],[-128.492,54.5477],[-128.491,54.5489],[-128.4875,54.5529],[-128.4867,54.5535],[-128.4856,54.5541],[-128.4692,54.561],[-128.4429,54.5703],[-128.4409,54.5711],[-128.4399,54.5717],[-128.4391,54.5725],[-128.4389,54.5729],[-128.4386,54.5737],[-128.4386,54.5745],[-128.4392,54.578],[-128.4391,54.5787],[-128.4389,54.5792],[-128.4384,54.5802],[-128.4374,54.5811],[-128.4367,54.5817],[-128.4269,54.5883],[-128.4262,54.5891],[-128.426,54.5897],[-128.4262,54.5903],[-128.4278,54.5937],[-128.4288,54.5953],[-128.4294,54.5977],[-128.4296,54.6001],[-128.4344,54.6079],[-128.435,54.6086],[-128.4353,54.6093],[-128.4355,54.6101],[-128.4355,54.6105],[-128.4353,54.6111],[-128.4344,54.6132],[-128.4344,54.6138],[-128.4346,54.6151],[-128.4346,54.6154],[-128.4344,54.6162],[-128.4342,54.6165],[-128.4336,54.6172],[-128.4322,54.6181],[-128.4317,54.6185],[-128.4312,54.6193],[-128.4311,54.6197],[-128.4314,54.6208],[-128.4316,54.6212],[-128.433,54.6225],[-128.4332,54.6231],[-128.4331,54.6241],[-128.4321,54.6305],[-128.4319,54.631],[-128.4314,54.6318],[-128.428,54.6341],[-128.4273,54.6345],[-128.4264,54.6348],[-128.4252,54.635],[-128.4077,54.6378],[-128.4056,54.6383],[-128.405,54.6386],[-128.4037,54.6393],[-128.4029,54.6401],[-128.4024,54.641],[-128.4003,54.6483],[-128.3976,54.6568],[-128.3971,54.6579],[-128.3964,54.6589],[-128.3951,54.6603],[-128.3942,54.6611],[-128.3929,54.662],[-128.3915,54.6628],[-128.3886,54.6642],[-128.3857,54.6651],[-128.3833,54.6656],[-128.379,54.6663],[-128.3777,54.6667],[-128.3767,54.6671],[-128.3652,54.6731],[-128.3636,54.6741],[-128.3628,54.6747],[-128.3621,54.6756],[-128.3618,54.6761],[-128.3614,54.6774],[-128.3614,54.6782],[-128.3615,54.6787],[-128.3621,54.6806],[-128.3622,54.6813],[-128.3622,54.6817],[-128.3618,54.6824],[-128.3602,54.6848],[-128.3591,54.6865],[-128.358,54.6879],[-128.3572,54.6887],[-128.3535,54.6915],[-128.3478,54.694],[-128.3454,54.6949],[-128.3438,54.6953],[-128.3352,54.6966],[-128.334,54.6968],[-128.3323,54.6975],[-128.3316,54.6979],[-128.3305,54.6988],[-128.33,54.6993],[-128.3291,54.7012],[-128.3288,54.7021],[-128.3283,54.703],[-128.3279,54.7036],[-128.3206,54.7124],[-128.3173,54.7166],[-128.3167,54.7175],[-128.3164,54.7183],[-128.3161,54.7193],[-128.3161,54.7202],[-128.3161,54.7211],[-128.3163,54.7221],[-128.3176,54.7261],[-128.3177,54.7266],[-128.3176,54.7272],[-128.3173,54.7278],[-128.3164,54.7286],[-128.311,54.7319],[-128.3086,54.7339],[-128.3074,54.7346],[-128.3058,54.7351],[-128.2881,54.7391],[-128.2855,54.7398],[-128.2725,54.744],[-128.2716,54.7445],[-128.2709,54.7451],[-128.2705,54.7455],[-128.2698,54.7465],[-128.2687,54.7482],[-128.2686,54.7486],[-128.2685,54.7497],[-128.2685,54.7502],[-128.2689,54.751],[-128.2701,54.7525],[-128.2724,54.7542],[-128.2727,54.7546],[-128.2731,54.7553],[-128.2742,54.7569],[-128.2744,54.7575],[-128.2748,54.7582],[-128.2753,54.7595],[-128.2752,54.7605],[-128.2749,54.7614],[-128.2747,54.7617],[-128.2742,54.7624],[-128.2721,54.7645],[-128.2717,54.765],[-128.2713,54.7657],[-128.2712,54.7666],[-128.2722,54.7708],[-128.2761,54.7858],[-128.2768,54.7874],[-128.2811,54.7961],[-128.2837,54.7991],[-128.2857,54.8019],[-128.2896,54.8056],[-128.2899,54.8058],[-128.2913,54.8063],[-128.2936,54.8076],[-128.2948,54.8086],[-128.2972,54.8116],[-128.3022,54.8173],[-128.306,54.8214],[-128.3066,54.8219],[-128.3072,54.8223],[-128.3133,54.8256],[-128.3149,54.8261],[-128.316,54.8262],[-128.3236,54.8261],[-128.3257,54.8263],[-128.3267,54.8266],[-128.3273,54.8269],[-128.3296,54.8287],[-128.3349,54.8313],[-128.3383,54.8339],[-128.3389,54.8345],[-128.3403,54.8362],[-128.3496,54.848],[-128.3507,54.8491],[-128.3546,54.8526],[-128.3563,54.8536],[-128.369,54.8599],[-128.3801,54.8655],[-128.3819,54.8663],[-128.3827,54.8666],[-128.3855,54.8686],[-128.387,54.8702],[-128.3876,54.8711],[-128.3887,54.8734],[-128.3892,54.875],[-128.3893,54.8763],[-128.3891,54.8852],[-128.3891,54.8858],[-128.3893,54.8866],[-128.39,54.8879],[-128.3937,54.893],[-128.3942,54.8938],[-128.3946,54.8948],[-128.3947,54.8959],[-128.3946,54.8969],[-128.3945,54.8974],[-128.3932,54.901],[-128.3916,54.9044],[-128.3911,54.9053],[-128.3905,54.906],[-128.3895,54.9065],[-128.3838,54.9089],[-128.383,54.9094],[-128.3818,54.9104],[-128.3812,54.9113],[-128.3809,54.9119],[-128.3807,54.9129],[-128.3807,54.9137],[-128.3811,54.9158],[-128.3821,54.9179],[-128.3825,54.9188],[-128.3844,54.9244],[-128.3856,54.9283],[-128.386,54.9291],[-128.3863,54.9297],[-128.3884,54.9317],[-128.3888,54.9322],[-128.3891,54.9328],[-128.3892,54.9336],[-128.3895,54.9372],[-128.3897,54.9379],[-128.39,54.9384],[-128.3906,54.9391],[-128.3915,54.9395],[-128.393,54.94],[-128.3966,54.9408],[-128.3983,54.9414],[-128.3994,54.9421],[-128.4001,54.9427],[-128.4004,54.9431],[-128.4007,54.9438],[-128.4014,54.9472],[-128.4015,54.9476],[-128.4013,54.9484],[-128.3979,54.9561],[-128.3964,54.9619],[-128.396,54.9627],[-128.3955,54.9635],[-128.3948,54.9643],[-128.3943,54.9648],[-128.393,54.9657],[-128.3919,54.9662],[-128.3899,54.967],[-128.3863,54.9683],[-128.3842,54.9689],[-128.3824,54.9693],[-128.3722,54.9703],[-128.3709,54.9707],[-128.3675,54.9718],[-128.3666,54.9722],[-128.3653,54.9729],[-128.3643,54.9739],[-128.3631,54.9754],[-128.3609,54.9779],[-128.3596,54.9798],[-128.3582,54.9817],[-128.3576,54.9824],[-128.3553,54.9838],[-128.3548,54.9843],[-128.3543,54.9848],[-128.3536,54.9858],[-128.3533,54.9866],[-128.3522,54.9922],[-128.3522,54.9929],[-128.3527,54.9951],[-128.3526,54.9958],[-128.3522,54.9964],[-128.3515,54.997],[-128.3404,55.0045],[-128.3397,55.0053],[-128.3382,55.0076],[-128.3374,55.0082],[-128.3356,55.0092],[-128.3352,55.0097],[-128.3349,55.0101],[-128.3347,55.0107],[-128.3348,55.0113],[-128.3354,55.0127],[-128.3354,55.0132],[-128.3353,55.0136],[-128.3348,55.0144],[-128.3334,55.0161],[-128.3325,55.0166],[-128.3129,55.0253],[-128.3118,55.0258],[-128.3047,55.0281],[-128.2993,55.0296],[-128.295,55.0314],[-128.2934,55.0325],[-128.2923,55.0337],[-128.2919,55.0344],[-128.2892,55.0401],[-128.2881,55.0423],[-128.2875,55.0429],[-128.2865,55.0436],[-128.283,55.0448],[-128.2809,55.0457],[-128.28,55.046],[-128.2722,55.0479],[-128.2708,55.0484],[-128.2704,55.0486],[-128.2696,55.0493],[-128.2688,55.0507],[-128.2681,55.0515],[-128.2674,55.052],[-128.2668,55.0523],[-128.2364,55.0646],[-128.2087,55.0778],[-128.2074,55.0782],[-128.2028,55.0796],[-128.2019,55.08],[-128.1997,55.0813],[-128.1983,55.0817],[-128.193,55.0827],[-128.1909,55.0831],[-128.1889,55.0831],[-128.1852,55.0831],[-128.1837,55.0833],[-128.1824,55.0836],[-128.1647,55.0902],[-128.1613,55.0913],[-128.153,55.0943],[-128.1516,55.0947],[-128.1502,55.0949],[-128.1485,55.0951],[-128.1257,55.0964],[-128.1235,55.0967],[-128.1217,55.0973],[-128.1206,55.098],[-128.1183,55.1004],[-128.1141,55.1041],[-128.1134,55.1046],[-128.1128,55.1049],[-128.1118,55.1052],[-128.1093,55.1058],[-128.1004,55.1067],[-128.099,55.1068],[-128.0973,55.1067],[-128.0466,55.0985],[-128.045,55.0982],[-128.0428,55.0975],[-128.0274,55.0922],[-128.0213,55.0908],[-128.0196,55.0905],[-128.0184,55.0905],[-128.0168,55.0905],[-128.0156,55.0906],[-128.0144,55.0909],[-128.0128,55.0914],[-128.011,55.0922],[-128.009,55.0933],[-128.0057,55.096],[-128.0048,55.0965],[-128.0041,55.0967],[-128.0031,55.0969],[-127.9996,55.0971],[-127.9989,55.0972],[-127.9981,55.0975],[-127.9969,55.098],[-127.9955,55.0992],[-127.9946,55.0999],[-127.9934,55.1005],[-127.9927,55.1007],[-127.9919,55.1009],[-127.9871,55.1011],[-127.9838,55.1011],[-127.9793,55.1007],[-127.9701,55.0996],[-127.9676,55.0994],[-127.9443,55.0985],[-127.9414,55.0985],[-127.9388,55.0988],[-127.9236,55.1009],[-127.9217,55.1013],[-127.9189,55.1024],[-127.9176,55.1028],[-127.9129,55.1037],[-127.9106,55.1041],[-127.9097,55.104],[-127.9084,55.1039],[-127.9049,55.1031],[-127.9039,55.1029],[-127.9011,55.1029],[-127.8997,55.1026],[-127.8956,55.1007],[-127.8882,55.0973],[-127.8774,55.0931],[-127.8717,55.0914],[-127.8612,55.0885],[-127.8592,55.0881],[-127.8532,55.0876],[-127.8505,55.0876],[-127.8487,55.0876],[-127.8436,55.088],[-127.8417,55.0883],[-127.8406,55.0887],[-127.8393,55.0894],[-127.8385,55.09],[-127.8367,55.0917],[-127.8356,55.0924],[-127.8319,55.0942],[-127.8304,55.0948],[-127.8292,55.0951],[-127.8264,55.0952],[-127.8254,55.0953],[-127.8241,55.0957],[-127.8205,55.0971],[-127.8194,55.0974],[-127.817,55.0975],[-127.8131,55.0973],[-127.8115,55.0974],[-127.8109,55.0976],[-127.8102,55.0978],[-127.8095,55.0982],[-127.7986,55.1048],[-127.7973,55.1054],[-127.7926,55.1069],[-127.7913,55.1075],[-127.7897,55.1086],[-127.7886,55.1098],[-127.788,55.1107],[-127.7877,55.1119],[-127.7878,55.1156],[-127.7875,55.1163],[-127.7767,55.1305],[-127.7763,55.1311],[-127.7759,55.1321],[-127.7755,55.1333],[-127.775,55.1357],[-127.7749,55.1368],[-127.7752,55.1421],[-127.7751,55.1432],[-127.7749,55.144],[-127.7743,55.1456],[-127.7684,55.1574],[-127.7683,55.1577],[-127.7683,55.1583],[-127.7687,55.1603],[-127.7687,55.161],[-127.7686,55.1616],[-127.7684,55.1619],[-127.7677,55.1628],[-127.7577,55.1706],[-127.7515,55.1765],[-127.7495,55.1779],[-127.7483,55.1784],[-127.747,55.1789],[-127.7337,55.1829],[-127.7321,55.1836],[-127.7316,55.184],[-127.7311,55.1847],[-127.731,55.1852],[-127.7311,55.1872],[-127.7308,55.1878],[-127.7303,55.1884],[-127.7257,55.1916],[-127.7247,55.1922],[-127.722,55.1934],[-127.7188,55.1952],[-127.7168,55.1966],[-127.7149,55.1976],[-127.7117,55.1989],[-127.7096,55.2],[-127.7086,55.2009],[-127.7075,55.2025],[-127.7067,55.2034],[-127.7058,55.2042],[-127.7036,55.2057],[-127.7032,55.2061],[-127.703,55.2066],[-127.7023,55.2087],[-127.7018,55.2095],[-127.7009,55.2102],[-127.6983,55.2115],[-127.6968,55.2126],[-127.6961,55.2129],[-127.6953,55.2131],[-127.6946,55.2132],[-127.6939,55.2132],[-127.6921,55.213],[-127.6895,55.2126],[-127.6882,55.2125],[-127.6875,55.2126],[-127.6861,55.2129],[-127.6828,55.214],[-127.6816,55.2143],[-127.6804,55.2145],[-127.6754,55.2146],[-127.6745,55.2146],[-127.6735,55.2149],[-127.6723,55.2155],[-127.672,55.2158],[-127.6715,55.2165],[-127.6705,55.2207],[-127.6705,55.2216],[-127.671,55.2238],[-127.671,55.2244],[-127.6709,55.2249],[-127.6706,55.2255],[-127.6703,55.2258],[-127.669,55.2273],[-127.6678,55.2287],[-127.6673,55.2295],[-127.6671,55.23],[-127.6667,55.233],[-127.6666,55.236],[-127.6661,55.2369],[-127.6655,55.2376],[-127.6649,55.2379],[-127.6637,55.2385],[-127.663,55.2387],[-127.6579,55.2399],[-127.6559,55.2401],[-127.6522,55.2397],[-127.6509,55.2398],[-127.6494,55.24],[-127.6443,55.2413],[-127.6432,55.2415],[-127.6424,55.2415],[-127.6411,55.2414],[-127.6398,55.241],[-127.6302,55.237],[-127.629,55.2366],[-127.6269,55.2361],[-127.624,55.2357],[-127.622,55.2356],[-127.6197,55.2358],[-127.6173,55.2362],[-127.606,55.2388],[-127.6037,55.2394],[-127.6016,55.2401],[-127.5991,55.2412],[-127.5974,55.2422],[-127.5913,55.246],[-127.5891,55.2472],[-127.5854,55.2485],[-127.5705,55.2531],[-127.5695,55.2533],[-127.5685,55.2533],[-127.5677,55.2533],[-127.5667,55.2531],[-127.5657,55.2528],[-127.5626,55.2512],[-127.5619,55.2509],[-127.5608,55.2507],[-127.56,55.2507],[-127.5585,55.2507],[-127.5578,55.2508],[-127.5562,55.2513],[-127.5553,55.2517],[-127.5546,55.2522],[-127.554,55.2528],[-127.5521,55.2551],[-127.5513,55.2557],[-127.55,55.2562],[-127.546,55.2572],[-127.5454,55.2574],[-127.5444,55.258],[-127.5437,55.2588],[-127.5421,55.2607],[-127.5418,55.2617],[-127.5418,55.2634],[-127.5417,55.2638],[-127.5414,55.2644],[-127.5397,55.2664],[-127.5388,55.2671],[-127.5378,55.2676],[-127.536,55.2681],[-127.5341,55.2684],[-127.5325,55.2685],[-127.5309,55.2685],[-127.5278,55.2682],[-127.5249,55.2677],[-127.5214,55.2673],[-127.5165,55.2665],[-127.5135,55.2658],[-127.5122,55.2654],[-127.508,55.2636],[-127.5071,55.2634],[-127.5061,55.2633],[-127.5043,55.2635],[-127.5029,55.2635],[-127.5017,55.2633],[-127.5002,55.2628],[-127.4996,55.2623],[-127.4992,55.262],[-127.4988,55.2613],[-127.4983,55.2598],[-127.4981,55.2594],[-127.4978,55.259],[-127.4974,55.2587],[-127.4965,55.2583],[-127.4952,55.2579],[-127.4938,55.2578],[-127.4925,55.2579],[-127.4913,55.2583],[-127.4882,55.2598],[-127.4869,55.26],[-127.4854,55.26],[-127.484,55.2597],[-127.4833,55.2594],[-127.4796,55.2576],[-127.4748,55.2554],[-127.4731,55.2549],[-127.4717,55.2546],[-127.4706,55.2545],[-127.4683,55.2546],[-127.4624,55.2558],[-127.4611,55.256],[-127.4602,55.2559],[-127.4588,55.2557],[-127.458,55.2555],[-127.4573,55.2551],[-127.4569,55.2548],[-127.4565,55.2542],[-127.4563,55.2538],[-127.4562,55.2532],[-127.4592,55.244],[-127.4591,55.242],[-127.4592,55.2413],[-127.4597,55.2406],[-127.4605,55.24],[-127.4614,55.2396],[-127.4642,55.2387],[-127.4651,55.2382],[-127.4656,55.2378],[-127.466,55.2372],[-127.4662,55.2366],[-127.4661,55.2358],[-127.4657,55.2353],[-127.462,55.2315],[-127.4609,55.2304],[-127.4599,55.2299],[-127.459,55.2296],[-127.458,55.2294],[-127.4529,55.2288],[-127.4515,55.2286],[-127.4504,55.2282],[-127.4499,55.2279],[-127.4493,55.2274],[-127.4489,55.2268],[-127.4488,55.2261],[-127.4488,55.2258],[-127.4491,55.2251],[-127.4502,55.2238],[-127.4504,55.2234],[-127.4505,55.2229],[-127.4504,55.2222],[-127.4491,55.2203],[-127.449,55.2197],[-127.4487,55.2184],[-127.4485,55.2179],[-127.4481,55.2174],[-127.4469,55.2162],[-127.4444,55.2127],[-127.4425,55.2115],[-127.4311,55.2044],[-127.4262,55.2018],[-127.4252,55.2009],[-127.4217,55.1975],[-127.4212,55.1972],[-127.4196,55.1965],[-127.4147,55.1953],[-127.4123,55.1946],[-127.4108,55.194],[-127.4083,55.1929],[-127.4068,55.1921],[-127.4049,55.1909],[-127.4039,55.1904],[-127.3982,55.1867],[-127.3933,55.183],[-127.3926,55.1822],[-127.3924,55.1819],[-127.3914,55.1792],[-127.3909,55.1782],[-127.39,55.1774],[-127.3878,55.1761],[-127.3874,55.1758],[-127.3858,55.1735],[-127.3851,55.1728],[-127.3832,55.1711],[-127.3827,55.1705],[-127.3823,55.1697],[-127.3821,55.1686],[-127.3826,55.1611],[-127.383,55.159],[-127.3833,55.1585],[-127.3839,55.1577],[-127.3863,55.1562],[-127.3869,55.1557],[-127.3872,55.1552],[-127.3874,55.1546],[-127.3873,55.154],[-127.3871,55.1536],[-127.3868,55.1533],[-127.386,55.1527],[-127.3845,55.1518],[-127.384,55.1514],[-127.3836,55.151],[-127.3833,55.1501],[-127.3831,55.148],[-127.3833,55.1468],[-127.3836,55.146],[-127.3874,55.1394],[-127.3879,55.1381],[-127.3882,55.137],[-127.3885,55.1357],[-127.3885,55.1344],[-127.388,55.1254],[-127.3879,55.1249],[-127.3877,55.1245],[-127.3874,55.1241],[-127.387,55.1237],[-127.3857,55.1231],[-127.3839,55.1227],[-127.3803,55.1222],[-127.3785,55.1218],[-127.377,55.1212],[-127.3734,55.1192],[-127.3716,55.1183],[-127.3697,55.118],[-127.3672,55.1178],[-127.3662,55.1176],[-127.3647,55.1171],[-127.3602,55.1152],[-127.3558,55.1122],[-127.3547,55.1113],[-127.3535,55.1096],[-127.3506,55.105],[-127.3497,55.1031],[-127.3492,55.1025],[-127.3484,55.1019],[-127.3471,55.1011],[-127.3437,55.0992],[-127.3392,55.0971],[-127.3378,55.0966],[-127.3349,55.096],[-127.3337,55.0956],[-127.3317,55.0948],[-127.3302,55.0938],[-127.329,55.0927],[-127.3285,55.0919],[-127.3281,55.091],[-127.328,55.0906],[-127.328,55.0894],[-127.3281,55.0888],[-127.3283,55.0881],[-127.3359,55.0773],[-127.3364,55.0761],[-127.3366,55.0748],[-127.3366,55.074],[-127.3363,55.073],[-127.3299,55.058],[-127.3294,55.0571],[-127.3277,55.055],[-127.3274,55.0544],[-127.3274,55.0537],[-127.3276,55.0532],[-127.3278,55.0528],[-127.3287,55.0518],[-127.3425,55.037],[-127.3452,55.0342],[-127.3513,55.0276],[-127.3521,55.0265],[-127.3523,55.026],[-127.3523,55.0255],[-127.3521,55.0246],[-127.349,55.0194],[-127.3484,55.0181],[-127.3468,55.0068],[-127.3466,55.0055],[-127.3466,55.0048],[-127.347,55.0034],[-127.3477,55.0023],[-127.3485,55.0014],[-127.3527,54.9972],[-127.3533,54.9964],[-127.3534,54.996],[-127.3536,54.9954],[-127.3534,54.9944],[-127.3527,54.9923],[-127.3522,54.9916],[-127.3519,54.9913],[-127.3514,54.991],[-127.3505,54.9906],[-127.3453,54.989],[-127.3441,54.9885],[-127.3433,54.9877],[-127.3422,54.9864],[-127.3414,54.9857],[-127.3401,54.9851],[-127.3378,54.9841],[-127.3367,54.9835],[-127.3362,54.9831],[-127.3337,54.9808],[-127.3332,54.9804],[-127.3319,54.9798],[-127.3301,54.9792],[-127.3294,54.9788],[-127.3288,54.9784],[-127.328,54.9776],[-127.3278,54.977],[-127.3278,54.9763],[-127.3281,54.9756],[-127.3294,54.9734],[-127.3298,54.9727],[-127.3299,54.972],[-127.3299,54.9716],[-127.3296,54.9681],[-127.3297,54.9674],[-127.3298,54.9671],[-127.3304,54.9664],[-127.331,54.9659],[-127.3322,54.9653],[-127.3339,54.9648],[-127.3447,54.9626],[-127.3454,54.9624],[-127.3465,54.9619],[-127.3474,54.9612],[-127.3477,54.9609],[-127.348,54.9605],[-127.3482,54.9596],[-127.3482,54.9588],[-127.3479,54.9564],[-127.3476,54.9556],[-127.3471,54.9548],[-127.3467,54.9544],[-127.3399,54.9495],[-127.3392,54.9488],[-127.3378,54.9468],[-127.3369,54.9457],[-127.3359,54.9449],[-127.3324,54.9424],[-127.3292,54.9395],[-127.3285,54.9384],[-127.3278,54.9364],[-127.3275,54.9357],[-127.3268,54.935],[-127.3257,54.9341],[-127.3238,54.9331],[-127.323,54.9327],[-127.322,54.9325],[-127.32,54.9321],[-127.316,54.9319],[-127.3145,54.9318],[-127.3129,54.9314],[-127.3117,54.9308],[-127.3107,54.9301],[-127.31,54.9294],[-127.3097,54.9286],[-127.3089,54.9254],[-127.3086,54.9248],[-127.3078,54.9241],[-127.3067,54.9234],[-127.3057,54.9231],[-127.2966,54.9206],[-127.2946,54.9198],[-127.2933,54.919],[-127.2923,54.9181],[-127.2897,54.915],[-127.2889,54.9143],[-127.2878,54.9135],[-127.282,54.9104],[-127.2811,54.9098],[-127.2807,54.9094],[-127.2802,54.9087],[-127.28,54.9081],[-127.28,54.9078],[-127.2809,54.9034],[-127.2808,54.9024],[-127.2804,54.9016],[-127.2799,54.9009],[-127.2792,54.9001],[-127.2652,54.8886],[-127.264,54.8876],[-127.2636,54.8868],[-127.2634,54.8862],[-127.2596,54.8742],[-127.2593,54.8737],[-127.2589,54.8732],[-127.2583,54.8726],[-127.2568,54.8717],[-127.2541,54.8702],[-127.2447,54.8655],[-127.2428,54.8643],[-127.2417,54.8635],[-127.2378,54.8597],[-127.2369,54.8588],[-127.2366,54.8583],[-127.2363,54.8572],[-127.2359,54.8563],[-127.2357,54.8561],[-127.2328,54.8542],[-127.2315,54.8535],[-127.227,54.8509],[-127.226,54.8502],[-127.2251,54.8494],[-127.2249,54.849],[-127.2244,54.8481],[-127.2225,54.841],[-127.222,54.84],[-127.221,54.8388],[-127.2181,54.8363],[-127.2166,54.8349],[-127.2156,54.8332],[-127.2154,54.8325],[-127.2152,54.8314],[-127.2152,54.8306],[-127.2154,54.8297],[-127.216,54.8283],[-127.2182,54.8248],[-127.2184,54.8243],[-127.2186,54.8233],[-127.2185,54.8227],[-127.2183,54.8221],[-127.2167,54.8194],[-127.207,54.8042],[-127.2065,54.8033],[-127.2059,54.802],[-127.2045,54.7979],[-127.2038,54.7969],[-127.2028,54.7961],[-127.2022,54.7957],[-127.1979,54.7936],[-127.1965,54.7927],[-127.1408,54.7512],[-127.1388,54.7496],[-127.1383,54.7491],[-127.1375,54.748],[-127.1367,54.7466],[-127.1326,54.7367],[-127.1325,54.7362],[-127.1324,54.7353],[-127.1326,54.7344],[-127.133,54.7339],[-127.1374,54.7297],[-127.1384,54.7283],[-127.1389,54.727],[-127.1391,54.7262],[-127.1392,54.7249],[-127.139,54.7207],[-127.1387,54.7196],[-127.1385,54.7192],[-127.1382,54.7187],[-127.1375,54.7178],[-127.1315,54.7118],[-127.1305,54.7111],[-127.1279,54.7094],[-127.1266,54.709],[-127.1237,54.7084],[-127.1082,54.7036],[-127.1062,54.7032],[-127.1047,54.7031],[-127.1032,54.7032],[-127.0704,54.7081],[-127.0694,54.7082],[-127.0678,54.7081],[-127.0665,54.7079],[-127.0654,54.7075],[-127.0639,54.7066],[-127.0583,54.7022],[-127.0576,54.7016],[-127.0566,54.7002],[-127.0562,54.6997],[-127.0535,54.6941],[-127.0531,54.6936],[-127.0526,54.6931],[-127.0431,54.6856],[-127.0425,54.6851],[-127.0415,54.6846],[-127.0301,54.6801],[-127.0289,54.6795],[-127.0281,54.6789],[-127.0272,54.6782],[-127.0242,54.6751],[-127.0225,54.6737],[-127.0104,54.6657],[-127.0095,54.6652],[-127.0075,54.6645],[-126.9772,54.6557],[-126.9755,54.6551],[-126.9747,54.6547],[-126.9741,54.6542],[-126.9737,54.6536],[-126.9736,54.653],[-126.9738,54.6523],[-126.9789,54.6425],[-126.9791,54.6417],[-126.979,54.6409],[-126.9785,54.6399],[-126.9778,54.6392],[-126.977,54.6387],[-126.9695,54.6335],[-126.9671,54.6321],[-126.9646,54.6309],[-126.9629,54.6302],[-126.9528,54.627],[-126.9494,54.6262],[-126.9445,54.6254],[-126.9344,54.6249],[-126.9317,54.6246],[-126.9307,54.6243],[-126.9199,54.6213],[-126.9143,54.6198],[-126.9011,54.6168],[-126.8993,54.6163],[-126.8724,54.6069],[-126.8701,54.6059],[-126.8652,54.6025],[-126.8641,54.6016],[-126.8632,54.6007],[-126.8625,54.5998],[-126.8614,54.5979],[-126.8611,54.597],[-126.8592,54.5903],[-126.8588,54.5894],[-126.8581,54.5884],[-126.8562,54.5864],[-126.8558,54.5857],[-126.855,54.5841],[-126.8543,54.5834],[-126.8526,54.5822],[-126.8518,54.5816],[-126.8514,54.5809],[-126.8513,54.5806],[-126.8514,54.5799],[-126.8517,54.5794],[-126.8523,54.5788],[-126.8527,54.5785],[-126.854,54.578],[-126.8572,54.5773],[-126.858,54.577],[-126.859,54.5763],[-126.8598,54.5754],[-126.8601,54.5747],[-126.8602,54.5741],[-126.8602,54.5737],[-126.86,54.5729],[-126.8597,54.5723],[-126.8579,54.5696],[-126.8574,54.5689],[-126.8565,54.5681],[-126.8554,54.5673],[-126.8547,54.567],[-126.85,54.565],[-126.8495,54.5646],[-126.8489,54.5641],[-126.8486,54.5637],[-126.8472,54.5611],[-126.8465,54.5598],[-126.8453,54.556],[-126.8445,54.5549],[-126.8424,54.5526],[-126.8421,54.5521],[-126.8418,54.5512],[-126.8417,54.5504],[-126.8422,54.5345],[-126.843,54.528],[-126.8431,54.5274],[-126.8435,54.5267],[-126.844,54.5262],[-126.8452,54.5253],[-126.8458,54.5246],[-126.8461,54.5238],[-126.8461,54.523],[-126.8457,54.5221],[-126.8367,54.5042],[-126.8355,54.5018],[-126.8256,54.4712],[-126.8251,54.4694],[-126.825,54.4689],[-126.825,54.4683],[-126.8251,54.4676],[-126.8254,54.4671],[-126.8258,54.4664],[-126.8266,54.4656],[-126.8313,54.4617],[-126.8319,54.461],[-126.8323,54.4602],[-126.8324,54.4593],[-126.8323,54.4587],[-126.8318,54.4578],[-126.8312,54.4573],[-126.8302,54.4566],[-126.8158,54.4494],[-126.8133,54.4481],[-126.8109,54.4462],[-126.8098,54.4451],[-126.8015,54.438],[-126.8008,54.4374],[-126.7992,54.4364],[-126.7969,54.4353],[-126.7946,54.4345],[-126.7466,54.4201],[-126.7457,54.4198],[-126.7443,54.4192],[-126.7431,54.4184],[-126.7419,54.4175],[-126.73,54.4053],[-126.7294,54.4047],[-126.7279,54.4036],[-126.7122,54.3932],[-126.7103,54.3923],[-126.708,54.3916],[-126.7064,54.3913],[-126.7048,54.3911],[-126.6869,54.3892],[-126.685,54.3892],[-126.6836,54.3893],[-126.6813,54.3896],[-126.6799,54.3899],[-126.6785,54.3903],[-126.6402,54.404],[-126.6389,54.4046],[-126.6373,54.4055],[-126.5979,54.4351],[-126.5962,54.4364],[-126.5948,54.4372],[-126.5772,54.445],[-126.5748,54.4459],[-126.5735,54.4462],[-126.5715,54.4465],[-126.5526,54.4489],[-126.5512,54.4491],[-126.5492,54.4495],[-126.5472,54.4502],[-126.5276,54.459],[-126.5269,54.4593],[-126.5247,54.4607],[-126.5231,54.4618],[-126.491,54.4858],[-126.4895,54.4874],[-126.4867,54.4909],[-126.4858,54.4919],[-126.4687,54.5102],[-126.4678,54.5109],[-126.4669,54.5116],[-126.4656,54.5123],[-126.4638,54.5131],[-126.4625,54.5135],[-126.4611,54.5139],[-126.4583,54.5144],[-126.4437,54.5166],[-126.4414,54.5168],[-126.4387,54.517],[-126.4365,54.517],[-126.4344,54.5168],[-126.3882,54.5134],[-126.3866,54.5135],[-126.385,54.5136],[-126.3797,54.5143],[-126.378,54.5144],[-126.3759,54.5145],[-126.3735,54.5143],[-126.3018,54.5033],[-126.285,54.5008],[-126.2829,54.5003],[-126.2819,54.5],[-126.2811,54.4995],[-126.28,54.4988],[-126.2751,54.4933],[-126.2737,54.4917],[-126.2725,54.4906],[-126.2705,54.4892],[-126.26,54.4827],[-126.2588,54.4818],[-126.2577,54.4807],[-126.257,54.4795],[-126.2495,54.4639],[-126.2486,54.4626],[-126.248,54.4619],[-126.2471,54.4612],[-126.2369,54.4553],[-126.2148,54.4454],[-126.2132,54.4445],[-126.2125,54.444],[-126.2114,54.443],[-126.2103,54.4416],[-126.2046,54.4327],[-126.2042,54.4319],[-126.204,54.4313],[-126.2039,54.4305],[-126.204,54.4294],[-126.2066,54.4238],[-126.2068,54.4229],[-126.2068,54.4224],[-126.2066,54.4215],[-126.2051,54.4174],[-126.2045,54.4164],[-126.2034,54.4152],[-126.2022,54.4143],[-126.2007,54.4134],[-126.1625,54.396],[-126.1601,54.3947],[-126.1512,54.3887],[-126.1496,54.3879],[-126.1482,54.3874],[-126.1456,54.3868],[-126.1432,54.3865],[-126.1356,54.3859],[-126.1268,54.3856],[-126.1246,54.3854],[-126.1215,54.385],[-126.1166,54.3839],[-126.1137,54.3836],[-126.1025,54.3837],[-126.1011,54.3839],[-126.0966,54.3847],[-126.095,54.3849],[-126.0939,54.3848],[-126.0857,54.3839],[-126.0845,54.3838],[-126.0836,54.3839],[-126.0826,54.3841],[-126.0815,54.3844],[-126.0764,54.3869],[-126.0751,54.3874],[-126.074,54.3877],[-126.0716,54.3881],[-126.0702,54.3884],[-126.069,54.389],[-126.0652,54.3913],[-126.064,54.3919],[-126.0629,54.3923],[-126.047,54.3976],[-126.0448,54.398],[-126.0433,54.3982],[-126.0417,54.3982],[-126.0389,54.3981],[-126.018,54.3965],[-126.0162,54.3963],[-125.9935,54.3917],[-125.9899,54.3906],[-125.9868,54.3894],[-125.9444,54.3681],[-125.9411,54.3664],[-125.8824,54.3241],[-125.8803,54.3228],[-125.873,54.3194],[-125.8712,54.3184],[-125.8558,54.3072],[-125.8542,54.3065],[-125.851,54.3055],[-125.8497,54.305],[-125.8391,54.3003],[-125.8383,54.2999],[-125.8372,54.2992],[-125.8362,54.2982],[-125.8357,54.2974],[-125.8355,54.297],[-125.8351,54.2952],[-125.8349,54.2942],[-125.8342,54.2928],[-125.8337,54.2919],[-125.8327,54.2905],[-125.8251,54.2817],[-125.8242,54.2808],[-125.8231,54.2799],[-125.8212,54.2785],[-125.8195,54.2776],[-125.8144,54.2749],[-125.8127,54.2739],[-125.8113,54.2728],[-125.7985,54.2608],[-125.7893,54.2534],[-125.7884,54.2526],[-125.7825,54.2464],[-125.782,54.2458],[-125.7791,54.241],[-125.7776,54.2393],[-125.7761,54.2379],[-125.7573,54.2237],[-125.7552,54.2222],[-125.7537,54.2214],[-125.7454,54.2177],[-125.7424,54.2162],[-125.7414,54.2155],[-125.7396,54.2138],[-125.7385,54.213],[-125.7377,54.2127],[-125.7341,54.2119],[-125.7332,54.2116],[-125.7322,54.2109],[-125.7305,54.2091],[-125.7296,54.2082],[-125.729,54.2078],[-125.7281,54.2075],[-125.7275,54.2073],[-125.7266,54.2072],[-125.7258,54.2072],[-125.7244,54.2074],[-125.7233,54.2077],[-125.7215,54.2088],[-125.7205,54.2092],[-125.7195,54.2095],[-125.7181,54.2096],[-125.7171,54.2095],[-125.7159,54.2092],[-125.7114,54.2073],[-125.7105,54.2069],[-125.7096,54.2067],[-125.7084,54.2066],[-125.7015,54.2064],[-125.7003,54.2065],[-125.6959,54.2073],[-125.6947,54.2074],[-125.6919,54.2075],[-125.6902,54.2077],[-125.6893,54.208],[-125.6886,54.2085],[-125.688,54.209],[-125.6871,54.2102],[-125.6867,54.2107],[-125.6861,54.2111],[-125.6853,54.2115],[-125.6842,54.2118],[-125.6808,54.2122],[-125.6747,54.2134],[-125.6728,54.2135],[-125.668,54.2135],[-125.6662,54.2134],[-125.6645,54.2131],[-125.6603,54.2122],[-125.6584,54.2119],[-125.6368,54.2116],[-125.6349,54.2115],[-125.6248,54.2104],[-125.6167,54.2105],[-125.6158,54.2104],[-125.615,54.2103],[-125.614,54.2099],[-125.6135,54.2095],[-125.6114,54.2078],[-125.6105,54.2072],[-125.5836,54.1944],[-125.5822,54.1938],[-125.5807,54.1934],[-125.5787,54.1933],[-125.5735,54.1937],[-125.5717,54.1937],[-125.5487,54.1905],[-125.5469,54.1904],[-125.5454,54.1904],[-125.5438,54.1904],[-125.5299,54.1917],[-125.5286,54.1918],[-125.5271,54.1918],[-125.5249,54.1915],[-125.5194,54.1901],[-125.5177,54.1897],[-125.5145,54.1895],[-125.5044,54.1888],[-125.5032,54.1886],[-125.5016,54.1882],[-125.5002,54.1875],[-125.4996,54.187],[-125.494,54.1821],[-125.4927,54.1812],[-125.4914,54.1805],[-125.4893,54.1797],[-125.4781,54.1764],[-125.4761,54.1754],[-125.4749,54.1747],[-125.4739,54.1739],[-125.4731,54.1729],[-125.4727,54.1719],[-125.4709,54.1668],[-125.4707,54.1662],[-125.4703,54.1656],[-125.4694,54.1643],[-125.4684,54.1633],[-125.4676,54.1626],[-125.4557,54.1539],[-125.4547,54.1533],[-125.4529,54.1527],[-125.451,54.1525],[-125.4442,54.1525],[-125.4423,54.1525],[-125.4013,54.1481],[-125.3987,54.1476],[-125.3856,54.1446],[-125.3827,54.1441],[-125.3513,54.1408],[-125.3473,54.1405],[-125.3446,54.1405],[-125.3404,54.1408],[-125.3061,54.1435],[-125.3048,54.1435],[-125.3037,54.1434],[-125.3024,54.1432],[-125.3007,54.1428],[-125.29,54.1385],[-125.2892,54.1382],[-125.2888,54.1379],[-125.2881,54.1371],[-125.2877,54.1363],[-125.2875,54.1358],[-125.2867,54.1307],[-125.2868,54.1298],[-125.2878,54.1254],[-125.2878,54.1247],[-125.2876,54.1242],[-125.2874,54.1238],[-125.2867,54.123],[-125.2862,54.1225],[-125.2841,54.1212],[-125.2816,54.1199],[-125.2802,54.1188],[-125.2792,54.1184],[-125.2762,54.1173],[-125.275,54.1167],[-125.2712,54.1137],[-125.2705,54.1133],[-125.2688,54.1125],[-125.2669,54.112],[-125.262,54.111],[-125.2599,54.1108],[-125.2416,54.1102],[-125.2388,54.1099],[-125.2373,54.1097],[-125.2344,54.1092],[-125.2234,54.1066],[-125.2148,54.1043],[-125.2137,54.1041],[-125.2127,54.104],[-125.2115,54.1039],[-125.21,54.1041],[-125.2065,54.1051],[-125.2048,54.1053],[-125.2033,54.1053],[-125.1965,54.1043],[-125.1943,54.1042],[-125.1749,54.1059],[-125.1721,54.1061],[-125.1583,54.1055],[-125.1545,54.1053],[-125.1348,54.1014],[-125.1327,54.1012],[-125.1257,54.1008],[-125.1235,54.1005],[-125.1215,54.1],[-125.1144,54.0978],[-125.1081,54.0963],[-125.1037,54.0946],[-125.1016,54.0939],[-125.1001,54.0936],[-125.0905,54.0918],[-125.0885,54.0913],[-125.0868,54.0906],[-125.0852,54.0895],[-125.0829,54.0871],[-125.0826,54.087],[-125.0812,54.0863],[-125.08,54.0861],[-125.0787,54.0861],[-125.076,54.0865],[-125.0748,54.0866],[-125.0641,54.0867],[-125.0624,54.0869],[-125.0561,54.0882],[-125.0547,54.0884],[-125.0523,54.0886],[-125.0497,54.0886],[-125.0418,54.0883],[-125.0389,54.088],[-125.0095,54.0834],[-125.0055,54.0826],[-125.0032,54.0819],[-124.9977,54.0792],[-124.9955,54.0783],[-124.9932,54.0776],[-124.9899,54.0767],[-124.978,54.0745],[-124.976,54.0744],[-124.9725,54.0747],[-124.9714,54.0747],[-124.9697,54.0746],[-124.9685,54.0744],[-124.9672,54.0739],[-124.9657,54.0733],[-124.9536,54.066],[-124.9523,54.0654],[-124.9501,54.0647],[-124.9485,54.0643],[-124.9463,54.0641],[-124.9314,54.0639],[-124.9297,54.0638],[-124.9281,54.0636],[-124.9111,54.0602],[-124.9089,54.0597],[-124.9074,54.0592],[-124.9051,54.0584],[-124.8958,54.0544],[-124.8942,54.054],[-124.892,54.0537],[-124.8906,54.0537],[-124.8717,54.0544],[-124.8687,54.0547],[-124.8674,54.0551],[-124.8654,54.0558],[-124.8598,54.0585],[-124.8585,54.059],[-124.857,54.0594],[-124.8355,54.0647],[-124.8342,54.0649],[-124.8328,54.065],[-124.8315,54.0649],[-124.8304,54.0646],[-124.8237,54.0609],[-124.8225,54.0603],[-124.8181,54.0592],[-124.8115,54.0568],[-124.8102,54.0565],[-124.8024,54.0558],[-124.8009,54.0557],[-124.7997,54.0557],[-124.7986,54.0559],[-124.7882,54.0581],[-124.7864,54.0586],[-124.7812,54.0603],[-124.7791,54.0609],[-124.7777,54.0611],[-124.7688,54.0621],[-124.7673,54.0624],[-124.7654,54.0631],[-124.7601,54.0658],[-124.7588,54.0664],[-124.7573,54.0669],[-124.755,54.0675],[-124.7523,54.0678],[-124.7421,54.0683],[-124.7401,54.0686],[-124.7348,54.0697],[-124.7332,54.0699],[-124.7221,54.0702],[-124.704,54.0723],[-124.7021,54.0727],[-124.7008,54.0733],[-124.6996,54.0739],[-124.6971,54.0756],[-124.6958,54.0762],[-124.6899,54.078],[-124.6886,54.0782],[-124.6874,54.0781],[-124.686,54.0778],[-124.6771,54.0751],[-124.6749,54.0744],[-124.6735,54.0736],[-124.6706,54.0717],[-124.669,54.071],[-124.661,54.0689],[-124.6598,54.0688],[-124.6585,54.0688],[-124.6543,54.0697],[-124.6532,54.0698],[-124.652,54.0697],[-124.6508,54.0694],[-124.6501,54.0691],[-124.6494,54.0686],[-124.6377,54.0586],[-124.6368,54.0581],[-124.636,54.0577],[-124.6351,54.0574],[-124.6338,54.0571],[-124.6322,54.057],[-124.6165,54.0574],[-124.6129,54.0573],[-124.6098,54.0568],[-124.5946,54.0532],[-124.5929,54.0529],[-124.5912,54.0529],[-124.5895,54.053],[-124.5478,54.0594],[-124.5454,54.0595],[-124.5432,54.0593],[-124.5368,54.0575],[-124.5357,54.0571],[-124.5344,54.0565],[-124.5311,54.0545],[-124.5294,54.0538],[-124.5279,54.0533],[-124.5237,54.0526],[-124.5216,54.0519],[-124.515,54.0488],[-124.5109,54.0468],[-124.4928,54.0347],[-124.4904,54.0335],[-124.4884,54.0328],[-124.4856,54.0321],[-124.4745,54.0303],[-124.472,54.0302],[-124.4657,54.0299],[-124.4632,54.0296],[-124.4618,54.0293],[-124.4601,54.0288],[-124.4578,54.028],[-124.4483,54.0236],[-124.4471,54.0231],[-124.4445,54.0223],[-124.4411,54.0215],[-124.4384,54.0211],[-124.4088,54.0172],[-124.4061,54.017],[-124.4043,54.017],[-124.4014,54.0173],[-124.2883,54.0306],[-124.2564,54.0343],[-124.2547,54.0346],[-124.2527,54.0353],[-124.2511,54.0359],[-124.2448,54.0389],[-124.2426,54.0398],[-124.199,54.052],[-124.1893,54.0546],[-124.1772,54.0571],[-124.1756,54.0573],[-124.1741,54.0572],[-124.1731,54.057],[-124.1721,54.0568],[-124.171,54.0563],[-124.1702,54.0558],[-124.1693,54.055],[-124.1626,54.0476],[-124.1613,54.0466],[-124.1601,54.0459],[-124.158,54.0451],[-124.1563,54.0448],[-124.1544,54.0446],[-124.1507,54.0444],[-124.1493,54.0442],[-124.1486,54.044],[-124.1473,54.0436],[-124.1392,54.0397],[-124.1378,54.0392],[-124.1359,54.0388],[-124.1339,54.0387],[-124.1321,54.0389],[-124.1269,54.0397],[-124.126,54.0398],[-124.125,54.0397],[-124.1237,54.0393],[-124.1229,54.0388],[-124.1222,54.0382],[-124.1196,54.0353],[-124.119,54.0349],[-124.1179,54.0343],[-124.1161,54.0337],[-124.115,54.0336],[-124.1133,54.0336],[-124.107,54.0343],[-124.1031,54.0346],[-124.1001,54.0346],[-124.0975,54.0344],[-124.0939,54.0339],[-124.0921,54.0335],[-124.0805,54.0302],[-124.0793,54.0297],[-124.0783,54.029],[-124.0777,54.0284],[-124.076,54.026],[-124.0755,54.0254],[-124.0674,54.0184],[-124.066,54.0175],[-124.0642,54.0167],[-124.0622,54.016],[-124.0607,54.0157],[-124.059,54.0155],[-124.0569,54.0153],[-124.0042,54.0145],[-124.0001,54.0144],[-123.9962,54.0142],[-123.9945,54.0139],[-123.9936,54.0137],[-123.9858,54.0108],[-123.9845,54.0104],[-123.9822,54.01],[-123.9784,54.0097],[-123.976,54.0099],[-123.9747,54.0101],[-123.9733,54.0105],[-123.9713,54.0113],[-123.9683,54.0129],[-123.9671,54.0132],[-123.9637,54.0133],[-123.9534,54.0131],[-123.9518,54.0129],[-123.9503,54.0125],[-123.9452,54.0104],[-123.9437,54.0099],[-123.9401,54.0092],[-123.9386,54.0091],[-123.9372,54.0091],[-123.9329,54.0095],[-123.9317,54.0095],[-123.9306,54.0095],[-123.9288,54.0093],[-123.9266,54.0087],[-123.9203,54.0059],[-123.9196,54.0056],[-123.9175,54.0051],[-123.9126,54.0041],[-123.9108,54.004],[-123.9087,54.0041],[-123.8854,54.0057],[-123.8826,54.0057],[-123.8816,54.0056],[-123.8796,54.0052],[-123.8738,54.0036],[-123.8659,54.0012],[-123.8627,54.0003],[-123.8495,53.9959],[-123.8479,53.9951],[-123.8469,53.9943],[-123.8463,53.9936],[-123.8458,53.9928],[-123.8456,53.992],[-123.8456,53.9916],[-123.8457,53.9906],[-123.8471,53.9865],[-123.8472,53.9854],[-123.847,53.9845],[-123.8466,53.9836],[-123.8456,53.9823],[-123.8443,53.9813],[-123.8426,53.9804],[-123.8411,53.9799],[-123.8369,53.9787],[-123.8358,53.9783],[-123.8346,53.9776],[-123.8184,53.9657],[-123.817,53.9649],[-123.8155,53.9642],[-123.8136,53.9634],[-123.8111,53.9628],[-123.8068,53.962],[-123.8054,53.962],[-123.8037,53.9624],[-123.8013,53.9633],[-123.8001,53.964],[-123.7981,53.9654],[-123.797,53.9659],[-123.7957,53.9662],[-123.7941,53.9661],[-123.7933,53.966],[-123.7924,53.9657],[-123.7839,53.9621],[-123.7798,53.9606],[-123.7783,53.9602],[-123.7772,53.96],[-123.7753,53.9601],[-123.7728,53.9607],[-123.77,53.9612],[-123.7649,53.9621],[-123.7635,53.9623],[-123.7309,53.965],[-123.7294,53.965],[-123.725,53.9648],[-123.7224,53.965],[-123.7214,53.9651],[-123.718,53.9659],[-123.7171,53.9661],[-123.7134,53.9676],[-123.7123,53.968],[-123.7112,53.9682],[-123.7091,53.9685],[-123.7004,53.9691],[-123.6994,53.9691],[-123.6939,53.9685],[-123.6874,53.9679],[-123.6824,53.968],[-123.6808,53.9684],[-123.6772,53.9696],[-123.6759,53.9699],[-123.6583,53.9706],[-123.6559,53.9708],[-123.6509,53.9719],[-123.649,53.9724],[-123.6372,53.9759],[-123.6362,53.9763],[-123.6333,53.9781],[-123.6321,53.979],[-123.6295,53.9816],[-123.6285,53.9823],[-123.6274,53.9828],[-123.6265,53.9831],[-123.6247,53.9834],[-123.6238,53.9834],[-123.5903,53.9834],[-123.5887,53.9834],[-123.5867,53.9836],[-123.5841,53.9841],[-123.5817,53.9849],[-123.5808,53.9854],[-123.5794,53.9863],[-123.5771,53.9881],[-123.5764,53.9885],[-123.5756,53.9888],[-123.5739,53.9891],[-123.5669,53.99],[-123.5655,53.99],[-123.5642,53.99],[-123.5626,53.9898],[-123.5504,53.9876],[-123.5488,53.9874],[-123.545,53.9872],[-123.5439,53.987],[-123.5417,53.9862],[-123.5407,53.986],[-123.5396,53.9859],[-123.5366,53.9859],[-123.5354,53.9861],[-123.5337,53.9866],[-123.5328,53.987],[-123.5299,53.9888],[-123.5283,53.9894],[-123.5122,53.9931],[-123.5107,53.9933],[-123.5085,53.9935],[-123.5062,53.9934],[-123.5044,53.9932],[-123.4742,53.9891],[-123.4716,53.9885],[-123.47,53.988],[-123.4245,53.9712],[-123.4221,53.9705],[-123.4199,53.9701],[-123.4076,53.9693],[-123.3886,53.9675],[-123.3772,53.9667],[-123.3742,53.9666],[-123.3709,53.9667],[-123.3335,53.9692],[-123.3315,53.9695],[-123.3267,53.9704],[-123.3119,53.9738],[-123.311,53.9742],[-123.2999,53.9793],[-123.2972,53.9803],[-123.2938,53.9812],[-123.2909,53.9817],[-123.271,53.9847],[-123.2684,53.9848],[-123.2656,53.9847],[-123.2627,53.9842],[-123.2526,53.9819],[-123.2504,53.9811],[-123.2489,53.9803],[-123.2479,53.9794],[-123.2474,53.9789],[-123.244,53.975],[-123.2418,53.9723],[-123.2415,53.9716],[-123.2401,53.9684],[-123.2396,53.9667],[-123.2395,53.9649],[-123.2396,53.9637],[-123.2398,53.9625],[-123.24,53.9618],[-123.2407,53.9603],[-123.2416,53.9588],[-123.2423,53.958],[-123.2437,53.9565],[-123.2451,53.9553],[-123.2595,53.9445],[-123.2604,53.9437],[-123.2609,53.943],[-123.2612,53.9423],[-123.2615,53.9416],[-123.2615,53.9404],[-123.26,53.9323],[-123.26,53.9317],[-123.2601,53.9304],[-123.2606,53.9263],[-123.2606,53.9251],[-123.2603,53.9241],[-123.2599,53.9231],[-123.2593,53.922],[-123.2581,53.9206],[-123.2532,53.9166],[-123.2515,53.9153],[-123.2498,53.9143],[-123.248,53.9134],[-123.2402,53.9102],[-123.2388,53.9098],[-123.2378,53.9095],[-123.2365,53.9093],[-123.2348,53.9092],[-123.2331,53.9092],[-123.2316,53.9094],[-123.2077,53.9128],[-123.2053,53.913],[-123.2019,53.9132],[-123.1999,53.9132],[-123.1921,53.9129],[-123.1891,53.9126],[-123.1868,53.9122],[-123.1839,53.9113],[-123.1698,53.9054],[-123.169,53.9051],[-123.168,53.9042],[-123.1663,53.9021],[-123.1654,53.9014],[-123.1642,53.9008],[-123.1626,53.9003],[-123.1607,53.9],[-123.1546,53.8994],[-123.1517,53.8994],[-123.1482,53.8996],[-123.1445,53.8997],[-123.1307,53.8995],[-123.1287,53.8995],[-123.1272,53.8993],[-123.1249,53.8989],[-123.1237,53.8985],[-123.1216,53.8975],[-123.1204,53.8968],[-123.1192,53.896],[-123.1184,53.8951],[-123.1171,53.8928],[-123.1168,53.8924],[-123.1159,53.8916],[-123.1145,53.8906],[-123.1117,53.8888],[-123.1097,53.8878],[-123.1076,53.8871],[-123.1046,53.8864],[-123.1035,53.8861],[-123.1026,53.8856],[-123.1018,53.8851],[-123.1011,53.8845],[-123.0973,53.8811],[-123.0961,53.8798],[-123.0907,53.8733],[-123.0897,53.8716],[-123.0893,53.8703],[-123.089,53.8679],[-123.0892,53.8648],[-123.0894,53.8626],[-123.0893,53.8612],[-123.0889,53.8601],[-123.088,53.8586],[-123.0871,53.8574],[-123.0861,53.8566],[-123.0847,53.8556],[-123.0832,53.8546],[-123.0823,53.8542],[-123.073,53.8507],[-123.0719,53.8504],[-123.0699,53.8501],[-123.0691,53.8501],[-123.0671,53.8502],[-123.0652,53.8505],[-123.0529,53.8541],[-123.0517,53.8545],[-123.0508,53.855],[-123.0494,53.8558],[-123.0484,53.8567],[-123.048,53.8572],[-123.0474,53.8583],[-123.0472,53.8588],[-123.0464,53.8629],[-123.0454,53.8645],[-123.0442,53.8657],[-123.0435,53.8662],[-123.042,53.8671],[-123.041,53.8676],[-123.04,53.868],[-123.0375,53.8686],[-123.0362,53.8688],[-123.0297,53.8692],[-123.0238,53.8702],[-123.0016,53.8752],[-123.0002,53.8756],[-122.998,53.8765],[-122.9968,53.8769],[-122.9911,53.8781],[-122.9903,53.8783],[-122.9888,53.879],[-122.973,53.8884],[-122.9685,53.8914],[-122.9662,53.8932],[-122.958,53.8988],[-122.9569,53.8993],[-122.9558,53.8997],[-122.9546,53.9],[-122.9508,53.9006],[-122.9497,53.9009],[-122.9479,53.9016],[-122.9464,53.9024],[-122.9452,53.9034],[-122.9448,53.9039],[-122.9443,53.9049],[-122.9441,53.9057],[-122.945,53.9107],[-122.9458,53.9124],[-122.946,53.9132],[-122.946,53.9139],[-122.9458,53.9146],[-122.9384,53.9284],[-122.9365,53.9316],[-122.9307,53.9404],[-122.9262,53.9474],[-122.9232,53.9518],[-122.9228,53.9527],[-122.9227,53.9531],[-122.9225,53.9556],[-122.9223,53.9565],[-122.9219,53.9573],[-122.9216,53.9577],[-122.9207,53.9585],[-122.9175,53.9611],[-122.9163,53.962],[-122.9153,53.9626],[-122.9142,53.963],[-122.9066,53.9653],[-122.9047,53.966],[-122.9031,53.9668],[-122.8988,53.9699],[-122.8971,53.9709],[-122.8962,53.9713],[-122.8939,53.9722],[-122.8915,53.9729],[-122.8904,53.9731],[-122.8873,53.9735],[-122.8847,53.9735],[-122.8816,53.9733],[-122.8791,53.9729],[-122.8779,53.9726],[-122.8668,53.9695],[-122.8648,53.9688],[-122.8525,53.9636],[-122.8478,53.9612],[-122.8237,53.9484],[-122.8222,53.9475],[-122.8212,53.9468],[-122.8184,53.9446],[-122.8166,53.9433],[-122.8157,53.9428],[-122.8138,53.9419],[-122.8119,53.9412],[-122.8095,53.9407],[-122.8045,53.9398],[-122.8029,53.9393],[-122.8017,53.9387],[-122.8009,53.9382],[-122.7922,53.9314],[-122.7904,53.9301],[-122.7887,53.9292],[-122.7837,53.9271],[-122.7827,53.9267],[-122.7802,53.9262],[-122.7771,53.9259],[-122.7754,53.9259],[-122.7711,53.9263],[-122.7697,53.9263],[-122.7683,53.9261],[-122.731,53.9157],[-122.7243,53.9144],[-122.7116,53.9126],[-122.71,53.9125],[-122.7084,53.9127],[-122.7024,53.914],[-122.7002,53.9143],[-122.6983,53.9143],[-122.6859,53.9132],[-122.683,53.9132],[-122.6811,53.9133],[-122.68,53.9135],[-122.6769,53.9142],[-122.6756,53.9146],[-122.6672,53.9187],[-122.6662,53.9193],[-122.6653,53.9201],[-122.6642,53.9215],[-122.6637,53.9223],[-122.6616,53.9275],[-122.6614,53.9286],[-122.6614,53.929],[-122.6616,53.9299],[-122.6621,53.9307],[-122.6625,53.931],[-122.6629,53.9314],[-122.6652,53.9331],[-122.6664,53.9342],[-122.6667,53.9349],[-122.667,53.9357],[-122.667,53.9362],[-122.6669,53.9373],[-122.6667,53.9377],[-122.6661,53.9387],[-122.6531,53.9563],[-122.6522,53.9578],[-122.6478,53.9674],[-122.6475,53.9689],[-122.6478,53.9705],[-122.6495,53.9744],[-122.6497,53.9753],[-122.6497,53.9757],[-122.6498,53.9763],[-122.6492,53.9831],[-122.6489,53.9841],[-122.6483,53.9851],[-122.647,53.9861],[-122.6418,53.9893],[-122.6169,54.0049],[-122.6076,54.0125],[-122.6064,54.0133],[-122.5978,54.0187],[-122.5965,54.0196],[-122.596,54.0201],[-122.5953,54.0209],[-122.5935,54.0237],[-122.5929,54.0248],[-122.5927,54.0253],[-122.5925,54.0263],[-122.5924,54.0275],[-122.593,54.0328],[-122.593,54.0334],[-122.5927,54.0349],[-122.5911,54.0399],[-122.5907,54.0406],[-122.5903,54.0412],[-122.5896,54.0419],[-122.5883,54.0427],[-122.5808,54.0465],[-122.5786,54.0475],[-122.571,54.0507],[-122.5691,54.0518],[-122.5669,54.0533],[-122.5653,54.0542],[-122.5624,54.0556],[-122.561,54.0564],[-122.5602,54.0571],[-122.5597,54.0579],[-122.5565,54.0634],[-122.5555,54.0646],[-122.5546,54.0654],[-122.5484,54.0698],[-122.5423,54.0732],[-122.5418,54.0736],[-122.5409,54.0744],[-122.5389,54.0766],[-122.5382,54.0771],[-122.537,54.0776],[-122.5361,54.0777],[-122.535,54.0778],[-122.5303,54.0776],[-122.5279,54.0777],[-122.5002,54.0811],[-122.4987,54.0812],[-122.4971,54.0811],[-122.4961,54.081],[-122.4948,54.0806],[-122.4589,54.0669],[-122.457,54.0664],[-122.456,54.0662],[-122.4547,54.0661],[-122.4532,54.0661],[-122.3736,54.0697],[-122.3724,54.0699],[-122.3711,54.0701],[-122.3691,54.0708],[-122.3571,54.0767],[-122.3542,54.0781],[-122.353,54.0784],[-122.3514,54.0788],[-122.3468,54.0792],[-122.345,54.0797],[-122.3344,54.085],[-122.3336,54.0855],[-122.332,54.087],[-122.3311,54.0876],[-122.3295,54.0883],[-122.3176,54.0909],[-122.313,54.0925],[-122.3116,54.093],[-122.3101,54.0932],[-122.2985,54.0946],[-122.2949,54.0954],[-122.2856,54.0979],[-122.2829,54.0984],[-122.2051,54.1064],[-122.138,54.1132],[-122.1363,54.1133],[-122.1322,54.1132],[-122.1301,54.1129],[-122.1288,54.1127],[-122.1142,54.1088],[-122.1116,54.1082],[-122.1101,54.108],[-122.0936,54.1064],[-122.0913,54.1065],[-122.0901,54.1067],[-122.0885,54.1071],[-122.0863,54.1079],[-122.0837,54.1086],[-122.0767,54.1099],[-122.0699,54.1108],[-122.066,54.1116],[-122.0434,54.1184],[-122.0413,54.119],[-122.0395,54.1194],[-122.0228,54.123],[-122.0065,54.1259],[-122.0036,54.1262],[-122.0004,54.1262],[-121.9591,54.1253],[-121.9579,54.1252],[-121.9565,54.1248],[-121.9555,54.1244],[-121.9361,54.1146],[-121.9348,54.114],[-121.9321,54.1131],[-121.9253,54.1114],[-121.9095,54.1069],[-121.9079,54.1063],[-121.9057,54.1054],[-121.8868,54.0963],[-121.8845,54.0952],[-121.883,54.0943],[-121.8604,54.0782],[-121.8596,54.0778],[-121.8587,54.0774],[-121.8571,54.0771],[-121.8557,54.0769],[-121.8359,54.0769],[-121.8345,54.0769],[-121.8334,54.0767],[-121.8323,54.0764],[-121.8272,54.074],[-121.8254,54.0734],[-121.8237,54.073],[-121.8222,54.0729],[-121.8199,54.0729],[-121.8183,54.0732],[-121.8082,54.0764],[-121.8065,54.0768],[-121.8051,54.0769],[-121.8029,54.0768],[-121.8012,54.0766],[-121.7991,54.0759],[-121.794,54.0742],[-121.7925,54.0735],[-121.791,54.0725],[-121.779,54.062],[-121.7772,54.0607],[-121.7754,54.0597],[-121.7737,54.059],[-121.74,54.0463],[-121.7359,54.0445],[-121.7264,54.0398],[-121.6837,54.0223],[-121.6821,54.0215],[-121.6785,54.0194],[-121.6689,54.0134],[-121.6661,54.0118],[-121.6636,54.0107],[-121.6531,54.0067],[-121.6512,54.0057],[-121.6294,53.9924],[-121.6035,53.9801],[-121.6018,53.9794],[-121.6003,53.9789],[-121.5857,53.9755],[-121.5833,53.9748],[-121.5693,53.9687],[-121.5607,53.9656],[-121.5593,53.9649],[-121.5584,53.9642],[-121.5576,53.9634],[-121.5546,53.9596],[-121.5537,53.9589],[-121.5524,53.9582],[-121.5439,53.954],[-121.5427,53.9536],[-121.5409,53.9531],[-121.5341,53.9518],[-121.5312,53.9511],[-121.5279,53.95],[-121.5236,53.9482],[-121.5184,53.9457],[-121.5172,53.945],[-121.5115,53.9407],[-121.5103,53.94],[-121.509,53.9395],[-121.5072,53.9388],[-121.4982,53.9362],[-121.4837,53.9317],[-121.4812,53.9308],[-121.4392,53.9106],[-121.4364,53.9096],[-121.3603,53.884],[-121.3584,53.8832],[-121.355,53.8817],[-121.3479,53.8784],[-121.347,53.8779],[-121.346,53.8769],[-121.3454,53.8758],[-121.3452,53.8749],[-121.3452,53.8741],[-121.346,53.8715],[-121.346,53.871],[-121.3458,53.8704],[-121.3456,53.8701],[-121.3454,53.8698],[-121.3448,53.8694],[-121.3435,53.8688],[-121.3379,53.8676],[-121.3356,53.8669],[-121.3263,53.864],[-121.3244,53.8633],[-121.3189,53.8602],[-121.3163,53.8586],[-121.3083,53.8521],[-121.3068,53.8511],[-121.3013,53.848],[-121.2829,53.8397],[-121.2623,53.8326],[-121.2614,53.8323],[-121.2606,53.8322],[-121.2596,53.8322],[-121.2584,53.8324],[-121.2531,53.8341],[-121.2515,53.8344],[-121.2495,53.8348],[-121.2468,53.8351],[-121.2448,53.8353],[-121.2423,53.8352],[-121.2393,53.835],[-121.2365,53.8347],[-121.2344,53.8346],[-121.2328,53.8348],[-121.2284,53.8357],[-121.226,53.8359],[-121.2239,53.8357],[-121.2217,53.8352],[-121.2201,53.8346],[-121.2193,53.8342],[-121.2187,53.8338],[-121.2087,53.8257],[-121.2077,53.825],[-121.206,53.8242],[-121.186,53.8159],[-121.1846,53.8155],[-121.1831,53.8153],[-121.1724,53.8146],[-121.1687,53.8145],[-121.1656,53.8141],[-121.1638,53.8137],[-121.1602,53.8124],[-121.1584,53.8118],[-121.1502,53.8103],[-121.1488,53.8098],[-121.1481,53.8095],[-121.1357,53.8021],[-121.1351,53.8017],[-121.1304,53.7997],[-121.1287,53.7986],[-121.1277,53.7975],[-121.1261,53.7952],[-121.1252,53.7936],[-121.1244,53.7916],[-121.124,53.791],[-121.1235,53.7905],[-121.1228,53.79],[-121.1215,53.7895],[-121.1197,53.7892],[-121.1069,53.7888],[-121.1051,53.789],[-121.1012,53.7897],[-121.1001,53.7898],[-121.0975,53.7899],[-121.0965,53.7898],[-121.0945,53.7894],[-121.0789,53.7854],[-121.078,53.7852],[-121.0764,53.7852],[-121.0753,53.7853],[-121.0711,53.7871],[-121.0705,53.7872],[-121.0692,53.7874],[-121.0678,53.7874],[-121.0653,53.7869],[-121.0641,53.7866],[-121.0624,53.786],[-121.0612,53.7853],[-121.0598,53.7842],[-121.0596,53.7839],[-121.0592,53.783],[-121.0591,53.7825],[-121.0591,53.7818],[-121.0594,53.7809],[-121.0671,53.7632],[-121.0673,53.7624],[-121.0671,53.7615],[-121.0666,53.7608],[-121.0659,53.76],[-121.0648,53.7595],[-121.0632,53.7589],[-121.0532,53.7568],[-121.0506,53.756],[-121.0096,53.7403],[-121.0083,53.7396],[-120.9771,53.7197],[-120.9751,53.7188],[-120.973,53.7181],[-120.9717,53.7178],[-120.9252,53.7107],[-120.9234,53.7106],[-120.922,53.7107],[-120.9211,53.7109],[-120.9203,53.7112],[-120.9177,53.7122],[-120.9133,53.7135],[-120.912,53.7141],[-120.9112,53.7147],[-120.9108,53.7151],[-120.9104,53.7159],[-120.9101,53.7182],[-120.9105,53.7197],[-120.9104,53.7202],[-120.91,53.7208],[-120.9097,53.721],[-120.909,53.7214],[-120.9079,53.7217],[-120.9068,53.7218],[-120.9063,53.7217],[-120.8993,53.72],[-120.8983,53.7197],[-120.8974,53.7191],[-120.8969,53.7186],[-120.8966,53.7179],[-120.8966,53.7172],[-120.8969,53.7166],[-120.8986,53.715],[-120.899,53.7145],[-120.8993,53.7137],[-120.8998,53.7119],[-120.8998,53.7115],[-120.8971,53.7045],[-120.8969,53.7033],[-120.8968,53.7028],[-120.8969,53.7023],[-120.8971,53.7013],[-120.8988,53.6953],[-120.8989,53.6948],[-120.8988,53.6942],[-120.8985,53.6932],[-120.8963,53.6892],[-120.8961,53.6883],[-120.8958,53.6863],[-120.8955,53.6857],[-120.8953,53.6853],[-120.8932,53.6829],[-120.8922,53.682],[-120.8916,53.6815],[-120.8905,53.681],[-120.8877,53.6803],[-120.8859,53.6801],[-120.8839,53.6801],[-120.8805,53.6798],[-120.8787,53.6795],[-120.8695,53.6771],[-120.8628,53.6752],[-120.8616,53.6747],[-120.8607,53.6741],[-120.8603,53.6737],[-120.8601,53.6733],[-120.8599,53.6727],[-120.8599,53.6711],[-120.8596,53.6705],[-120.855,53.6644],[-120.8546,53.664],[-120.8541,53.6636],[-120.8535,53.6634],[-120.8524,53.663],[-120.8479,53.6623],[-120.8424,53.6622],[-120.8407,53.662],[-120.8399,53.6618],[-120.8388,53.6613],[-120.8139,53.6497],[-120.8089,53.6469],[-120.8079,53.6465],[-120.8066,53.646],[-120.8036,53.6456],[-120.8021,53.6451],[-120.8015,53.6448],[-120.8009,53.6443],[-120.794,53.638],[-120.7926,53.6369],[-120.7872,53.6332],[-120.7861,53.6328],[-120.7847,53.6324],[-120.7815,53.6323],[-120.7802,53.6321],[-120.7792,53.6318],[-120.7785,53.6314],[-120.7776,53.6307],[-120.7735,53.6251],[-120.7723,53.624],[-120.7713,53.6234],[-120.7705,53.623],[-120.7688,53.6224],[-120.7481,53.617],[-120.7456,53.6163],[-120.7194,53.6063],[-120.7183,53.606],[-120.7155,53.6053],[-120.7049,53.6035],[-120.7036,53.6031],[-120.7028,53.6027],[-120.7021,53.6022],[-120.7016,53.6016],[-120.7002,53.5979],[-120.6997,53.5972],[-120.699,53.5968],[-120.6959,53.5948],[-120.6941,53.5937],[-120.6927,53.5932],[-120.6913,53.5928],[-120.689,53.592],[-120.6883,53.5912],[-120.6881,53.5905],[-120.6882,53.5898],[-120.6885,53.5892],[-120.6889,53.5887],[-120.6914,53.5862],[-120.6922,53.5852],[-120.6927,53.584],[-120.6927,53.5829],[-120.6925,53.5824],[-120.692,53.5815],[-120.6912,53.5804],[-120.6863,53.5739],[-120.6857,53.5732],[-120.6851,53.5726],[-120.6842,53.5719],[-120.6834,53.5714],[-120.6816,53.5706],[-120.6524,53.5592],[-120.6514,53.5588],[-120.6494,53.5575],[-120.6481,53.5562],[-120.6472,53.5547],[-120.6469,53.553],[-120.647,53.5522],[-120.6471,53.5514],[-120.65,53.5441],[-120.6503,53.5428],[-120.6503,53.5419],[-120.6503,53.5412],[-120.6498,53.5396],[-120.6492,53.5389],[-120.6486,53.5382],[-120.6478,53.5378],[-120.6455,53.5368],[-120.6437,53.5362],[-120.6425,53.5359],[-120.6397,53.5356],[-120.6321,53.5348],[-120.6305,53.5345],[-120.629,53.5339],[-120.628,53.5332],[-120.6253,53.5303],[-120.6246,53.5297],[-120.6238,53.5293],[-120.6229,53.5289],[-120.6211,53.5284],[-120.6198,53.5283],[-120.6186,53.5283],[-120.6176,53.5284],[-120.6161,53.5286],[-120.6137,53.5292],[-120.6123,53.5297],[-120.6112,53.5303],[-120.6094,53.5322],[-120.6086,53.5327],[-120.6077,53.533],[-120.583,53.5408],[-120.5816,53.541],[-120.577,53.5414],[-120.5729,53.5419],[-120.5718,53.5419],[-120.5708,53.5418],[-120.5698,53.5415],[-120.569,53.5411],[-120.5685,53.5409],[-120.5678,53.5403],[-120.5607,53.5326],[-120.5597,53.5314],[-120.5592,53.5304],[-120.5591,53.53],[-120.5591,53.5292],[-120.5594,53.5284],[-120.5621,53.5252],[-120.5625,53.5246],[-120.5626,53.5238],[-120.5625,53.5232],[-120.5623,53.523],[-120.562,53.5227],[-120.5536,53.5158],[-120.5532,53.5154],[-120.5527,53.5146],[-120.5526,53.514],[-120.5528,53.5133],[-120.5567,53.5028],[-120.5568,53.5022],[-120.5568,53.5014],[-120.5566,53.5003],[-120.5564,53.4997],[-120.5557,53.4986],[-120.5549,53.4977],[-120.5481,53.4921],[-120.5468,53.4909],[-120.5452,53.489],[-120.5436,53.4877],[-120.5411,53.4864],[-120.5362,53.4847],[-120.5311,53.4824],[-120.5296,53.482],[-120.525,53.4808],[-120.5233,53.4803],[-120.5224,53.4799],[-120.5204,53.4784],[-120.5198,53.478],[-120.5085,53.4729],[-120.508,53.4728],[-120.5068,53.4725],[-120.5054,53.4725],[-120.499,53.4732],[-120.4973,53.4731],[-120.4962,53.4728],[-120.4955,53.4725],[-120.4943,53.4717],[-120.491,53.4677],[-120.49,53.467],[-120.4881,53.466],[-120.4869,53.4656],[-120.4857,53.4654],[-120.4786,53.4647],[-120.4766,53.4644],[-120.472,53.4628],[-120.4687,53.4615],[-120.4679,53.4613],[-120.4662,53.4611],[-120.4604,53.4609],[-120.4589,53.4607],[-120.4576,53.4601],[-120.4569,53.4594],[-120.456,53.4587],[-120.4554,53.4583],[-120.4545,53.458],[-120.4536,53.4577],[-120.4504,53.4575],[-120.4494,53.4574],[-120.4486,53.4572],[-120.4478,53.4569],[-120.4446,53.4549],[-120.4433,53.4545],[-120.4418,53.4543],[-120.4375,53.4545],[-120.4359,53.4542],[-120.4345,53.4538],[-120.4335,53.4532],[-120.433,53.4529],[-120.4323,53.4519],[-120.4321,53.4513],[-120.432,53.4505],[-120.4328,53.4453],[-120.4327,53.4446],[-120.4324,53.4439],[-120.4318,53.4431],[-120.4308,53.4423],[-120.4274,53.4404],[-120.4268,53.4398],[-120.4267,53.4394],[-120.4266,53.4388],[-120.4268,53.4381],[-120.4273,53.4374],[-120.4282,53.4365],[-120.4286,53.4359],[-120.4287,53.4355],[-120.4286,53.4351],[-120.4285,53.4347],[-120.4279,53.4341],[-120.4237,53.431],[-120.4225,53.4304],[-120.4216,53.4301],[-120.4118,53.4274],[-120.4106,53.4271],[-120.4091,53.4264],[-120.4084,53.4259],[-120.4073,53.425],[-120.4067,53.4241],[-120.4058,53.422],[-120.4055,53.4216],[-120.4048,53.4206],[-120.4038,53.4197],[-120.3978,53.4157],[-120.3957,53.4147],[-120.393,53.4137],[-120.3824,53.4079],[-120.3814,53.4072],[-120.3794,53.405],[-120.3768,53.4029],[-120.3703,53.3978],[-120.3694,53.3971],[-120.3685,53.3966],[-120.3672,53.396],[-120.3659,53.3956],[-120.3596,53.3944],[-120.3586,53.3941],[-120.3576,53.3938],[-120.3425,53.3874],[-120.3393,53.3863],[-120.3341,53.3849],[-120.3331,53.3844],[-120.3326,53.3841],[-120.332,53.3834],[-120.3318,53.3827],[-120.3318,53.3821],[-120.3322,53.3814],[-120.3335,53.3801],[-120.334,53.3795],[-120.3342,53.3791],[-120.3343,53.3784],[-120.3341,53.3776],[-120.3337,53.377],[-120.333,53.3762],[-120.3323,53.3758],[-120.3313,53.3753],[-120.3291,53.3749],[-120.327,53.3747],[-120.3255,53.3747],[-120.3229,53.3751],[-120.3219,53.3754],[-120.318,53.3767],[-120.3156,53.3774],[-120.3149,53.3775],[-120.3138,53.3775],[-120.3126,53.3772],[-120.3121,53.3771],[-120.3108,53.3764],[-120.3094,53.3753],[-120.3083,53.374],[-120.3078,53.3733],[-120.3076,53.3729],[-120.3074,53.3723],[-120.3071,53.3704],[-120.3071,53.37],[-120.3073,53.3689],[-120.3072,53.3685],[-120.3063,53.3658],[-120.3061,53.3653],[-120.3056,53.3643],[-120.3045,53.363],[-120.304,53.3625],[-120.3034,53.362],[-120.3018,53.361],[-120.2992,53.3598],[-120.2973,53.3592],[-120.2923,53.3582],[-120.2911,53.3578],[-120.2906,53.3576],[-120.2897,53.3568],[-120.2875,53.3542],[-120.2863,53.3533],[-120.2849,53.3525],[-120.2835,53.3519],[-120.2799,53.3509],[-120.2783,53.3507],[-120.2759,53.3506],[-120.2743,53.3502],[-120.2733,53.3496],[-120.2727,53.349],[-120.2714,53.3476],[-120.2706,53.3469],[-120.2696,53.3464],[-120.2634,53.3439],[-120.2623,53.3437],[-120.2608,53.3435],[-120.2593,53.3436],[-120.2537,53.345],[-120.2524,53.3451],[-120.2511,53.3449],[-120.2504,53.3447],[-120.2495,53.3443],[-120.2488,53.3437],[-120.2485,53.3433],[-120.2472,53.3404],[-120.2467,53.3397],[-120.2461,53.3393],[-120.2457,53.3391],[-120.2447,53.3387],[-120.2414,53.3381],[-120.2379,53.337],[-120.2264,53.334],[-120.2238,53.3333],[-120.2211,53.3321],[-120.2203,53.3316],[-120.2142,53.3275],[-120.2123,53.3265],[-120.2105,53.3257],[-120.2076,53.3246],[-120.1895,53.3195],[-120.1883,53.319],[-120.1864,53.3181],[-120.1846,53.3169],[-120.1836,53.3159],[-120.1759,53.3083],[-120.161,53.2876],[-120.1595,53.2859],[-120.1562,53.283],[-120.1439,53.2726],[-120.1355,53.2656],[-120.1331,53.2637],[-120.1313,53.2625],[-120.1143,53.2533],[-120.1102,53.2506],[-120.1091,53.2501],[-120.108,53.2497],[-120.1065,53.2495],[-120.0992,53.2495],[-120.0979,53.2494],[-120.0966,53.2491],[-120.0956,53.2486],[-120.0948,53.2481],[-120.0942,53.2473],[-120.0923,53.243],[-120.0917,53.2423],[-120.091,53.2416],[-120.0894,53.2407],[-120.0821,53.2374],[-120.0807,53.2369],[-120.0793,53.2366],[-120.0784,53.2366],[-120.0775,53.2365],[-120.0721,53.2368],[-120.07,53.2364],[-120.0689,53.236],[-120.0666,53.2349],[-120.062,53.2325],[-120.0613,53.232],[-120.0604,53.2311],[-120.0601,53.2306],[-120.0598,53.2296],[-120.0599,53.2287],[-120.0604,53.2278],[-120.0609,53.2273],[-120.0641,53.2245],[-120.0646,53.2239],[-120.0649,53.2229],[-120.0648,53.2219],[-120.0645,53.2214],[-120.064,53.2206],[-120.0627,53.2197],[-120.0613,53.2191],[-120.0513,53.2164],[-120.0505,53.2162],[-120.0454,53.2157],[-120.0446,53.2156],[-120.0435,53.2152],[-120.043,53.2149],[-120.0426,53.2146],[-120.0421,53.2139],[-120.042,53.2132],[-120.0422,53.2105],[-120.0422,53.2099],[-120.0419,53.2093],[-120.0416,53.209],[-120.0408,53.2083],[-120.0396,53.2079],[-120.036,53.2069],[-120.0351,53.2066],[-120.0316,53.2046],[-120.0308,53.2042],[-120.0253,53.2022],[-120.0239,53.2018],[-120.0215,53.2013],[-120.0207,53.201],[-120.0106,53.1963],[-120.0078,53.1951],[-120.0062,53.1948],[-120.0028,53.1946],[-120.0007,53.1942],[-119.9879,53.1901],[-119.9838,53.1887],[-119.9719,53.184],[-119.9671,53.1822],[-119.9661,53.1818],[-119.9644,53.1808],[-119.9633,53.1798],[-119.9627,53.1792],[-119.9618,53.1779],[-119.9561,53.1682],[-119.9554,53.1675],[-119.9548,53.167],[-119.9537,53.1664],[-119.9529,53.166],[-119.9375,53.1615],[-119.9359,53.1609],[-119.9316,53.1589],[-119.9301,53.1583],[-119.9103,53.1513],[-119.9072,53.1495],[-119.9057,53.1488],[-119.9045,53.1485],[-119.9014,53.1479],[-119.8999,53.1475],[-119.8987,53.1469],[-119.8956,53.1442],[-119.8945,53.1437],[-119.8936,53.1434],[-119.887,53.1414],[-119.8815,53.1403],[-119.8649,53.1369],[-119.8641,53.1367],[-119.8635,53.1365],[-119.863,53.1362],[-119.8622,53.1356],[-119.8618,53.1348],[-119.8609,53.1319],[-119.8606,53.1311],[-119.8601,53.1305],[-119.8589,53.1295],[-119.8576,53.129],[-119.8564,53.1287],[-119.851,53.1281],[-119.8497,53.1279],[-119.8488,53.1276],[-119.818,53.1159],[-119.8156,53.1147],[-119.8144,53.1138],[-119.8138,53.1133],[-119.809,53.1081],[-119.8079,53.1072],[-119.8067,53.1067],[-119.8058,53.1063],[-119.7983,53.104],[-119.796,53.1031],[-119.7946,53.1022],[-119.7914,53.0993],[-119.7894,53.0981],[-119.7883,53.0975],[-119.7868,53.097],[-119.7713,53.0929],[-119.7694,53.0923],[-119.768,53.0915],[-119.7647,53.0882],[-119.7643,53.0878],[-119.7631,53.0872],[-119.7614,53.0866],[-119.7548,53.0846],[-119.6957,53.0622],[-119.694,53.0617],[-119.692,53.0612],[-119.6843,53.0599],[-119.6816,53.0597],[-119.6769,53.0596],[-119.6757,53.0595],[-119.6744,53.0591],[-119.6733,53.0585],[-119.6728,53.0579],[-119.6698,53.0505],[-119.6692,53.0497],[-119.6679,53.0487],[-119.6666,53.048],[-119.6651,53.0474],[-119.6638,53.047],[-119.6625,53.0468],[-119.6616,53.0468],[-119.6563,53.0476],[-119.6552,53.0476],[-119.6539,53.0473],[-119.653,53.0468],[-119.642,53.0396],[-119.641,53.0391],[-119.6396,53.0387],[-119.6368,53.0382],[-119.6318,53.038],[-119.6265,53.0376],[-119.6251,53.0376],[-119.6238,53.0378],[-119.6201,53.039],[-119.6192,53.0391],[-119.6177,53.0392],[-119.6148,53.0389],[-119.612,53.0391],[-119.6107,53.0392],[-119.6071,53.0402],[-119.6055,53.0404],[-119.6044,53.0403],[-119.6034,53.0401],[-119.6025,53.0399],[-119.6007,53.0392],[-119.5995,53.0389],[-119.5979,53.0389],[-119.5944,53.0394],[-119.5933,53.0394],[-119.5917,53.0391],[-119.5903,53.0387],[-119.5895,53.0382],[-119.589,53.0376],[-119.588,53.0359],[-119.5874,53.0354],[-119.5863,53.0347],[-119.5837,53.0337],[-119.5824,53.033],[-119.5657,53.0207],[-119.5652,53.0202],[-119.5648,53.0195],[-119.5644,53.0173],[-119.564,53.0166],[-119.5636,53.016],[-119.5629,53.0155],[-119.5585,53.0123],[-119.5579,53.0117],[-119.5573,53.0109],[-119.5551,53.0072],[-119.5548,53.0066],[-119.5547,53.0061],[-119.5549,53.0054],[-119.5552,53.0049],[-119.5583,53.002],[-119.5587,53.0015],[-119.5589,53.0011],[-119.559,53.0007],[-119.5588,52.9999],[-119.5583,52.9992],[-119.5577,52.9988],[-119.5531,52.9965],[-119.5517,52.9961],[-119.5506,52.996],[-119.5479,52.9959],[-119.5439,52.9957],[-119.541,52.9954],[-119.5399,52.9951],[-119.5393,52.9948],[-119.5386,52.9943],[-119.5382,52.9938],[-119.537,52.9919],[-119.5365,52.9913],[-119.5358,52.9909],[-119.5344,52.9904],[-119.5284,52.9888],[-119.5264,52.9881],[-119.5251,52.9875],[-119.5211,52.9845],[-119.5193,52.9835],[-119.4673,52.9624],[-119.4644,52.9614],[-119.4618,52.9608],[-119.4581,52.9601],[-119.4397,52.9572],[-119.4375,52.957],[-119.4364,52.9571],[-119.4354,52.9573],[-119.434,52.9577],[-119.4332,52.9581],[-119.4324,52.9586],[-119.4319,52.9591],[-119.4296,52.9616],[-119.4288,52.9621],[-119.428,52.9625],[-119.427,52.9627],[-119.4255,52.9628],[-119.4241,52.9625],[-119.4231,52.9621],[-119.4227,52.9619],[-119.4221,52.9613],[-119.4217,52.9606],[-119.4212,52.9569],[-119.4209,52.956],[-119.4204,52.9546],[-119.4195,52.9532],[-119.4181,52.9516],[-119.4142,52.9478],[-119.405,52.9361],[-119.3996,52.9308],[-119.3982,52.9297],[-119.3969,52.9288],[-119.3953,52.9279],[-119.3936,52.927],[-119.3917,52.9262],[-119.3586,52.9148],[-119.3565,52.9138],[-119.3551,52.9128],[-119.3215,52.884],[-119.3186,52.8817],[-119.3157,52.8793],[-119.3148,52.8788],[-119.3136,52.8783],[-119.3121,52.8779],[-119.3099,52.8776],[-119.3054,52.8778],[-119.3042,52.878],[-119.3032,52.8783],[-119.3022,52.879],[-119.3019,52.8792],[-119.3015,52.8799],[-119.3014,52.8804],[-119.3015,52.8807],[-119.3015,52.881],[-119.3019,52.8816],[-119.3028,52.8824],[-119.3109,52.8875],[-119.3126,52.8889],[-119.3158,52.8923],[-119.3178,52.8943],[-119.3202,52.8961],[-119.3252,52.899],[-119.327,52.9003],[-119.332,52.9049],[-119.3335,52.9063],[-119.3381,52.9122],[-119.3408,52.9148],[-119.3473,52.922],[-119.3508,52.9255],[-119.352,52.9263],[-119.3554,52.9279],[-119.3593,52.9301],[-119.3616,52.9311],[-119.3626,52.9315],[-119.3645,52.9333],[-119.3685,52.9361],[-119.37,52.9369],[-119.3732,52.9384],[-119.378,52.9416],[-119.3789,52.9424],[-119.3821,52.9464],[-119.3831,52.948],[-119.3846,52.9512],[-119.385,52.9518],[-119.386,52.953],[-119.3875,52.9541],[-119.3902,52.9558],[-119.3919,52.9565],[-119.3935,52.9571],[-119.3948,52.9576],[-119.396,52.9582],[-119.3989,52.9601],[-119.3996,52.9607],[-119.4,52.9611],[-119.4002,52.9616],[-119.4003,52.9619],[-119.4003,52.9625],[-119.4,52.9631],[-119.3982,52.9651],[-119.398,52.9657],[-119.3979,52.9663],[-119.398,52.967],[-119.3998,52.9721],[-119.3998,52.9727],[-119.3994,52.9732],[-119.3988,52.9737],[-119.398,52.974],[-119.3971,52.9741],[-119.3961,52.9741],[-119.3949,52.9739],[-119.3886,52.9723],[-119.3866,52.9721],[-119.3841,52.9722],[-119.3829,52.9721],[-119.3774,52.9711],[-119.3756,52.9707],[-119.3745,52.9703],[-119.3734,52.9697],[-119.372,52.9694],[-119.371,52.9693],[-119.3682,52.9697],[-119.3671,52.9696],[-119.3661,52.9694],[-119.3638,52.9685],[-119.3632,52.9683],[-119.3603,52.968],[-119.3587,52.9676],[-119.3531,52.9653],[-119.3512,52.9647],[-119.3484,52.9642],[-119.3452,52.9638],[-119.3419,52.9637],[-119.3393,52.9638],[-119.3351,52.9648],[-119.3251,52.9664],[-119.3205,52.9675],[-119.3163,52.9688],[-119.3151,52.9693],[-119.3132,52.9705],[-119.3119,52.971],[-119.3103,52.9714],[-119.3093,52.9719],[-119.3085,52.9727],[-119.308,52.9739],[-119.3076,52.9747],[-119.3068,52.9753],[-119.3045,52.9765],[-119.3035,52.9773],[-119.3025,52.9784],[-119.2999,52.9799],[-119.2981,52.9813],[-119.2954,52.9844],[-119.2934,52.986],[-119.2909,52.9877],[-119.284,52.9913],[-119.2822,52.992],[-119.2788,52.9929],[-119.2773,52.9936],[-119.2746,52.9952],[-119.2733,52.9956],[-119.2712,52.9961],[-119.2682,52.9965],[-119.2662,52.9971],[-119.2643,52.998],[-119.2602,53.0008],[-119.2587,53.0017],[-119.2573,53.0021],[-119.2545,53.0024],[-119.2523,53.0031],[-119.2459,53.0055],[-119.2442,53.0065],[-119.2427,53.0075],[-119.2416,53.0089],[-119.2409,53.0094],[-119.2387,53.0103],[-119.2372,53.0112],[-119.236,53.0119],[-119.233,53.013],[-119.2307,53.0137],[-119.228,53.0144],[-119.2251,53.0149],[-119.2191,53.0179],[-119.2178,53.0183],[-119.2159,53.0185],[-119.211,53.0204],[-119.2082,53.021],[-119.2055,53.0219],[-119.2028,53.0224],[-119.2013,53.0231],[-119.198,53.0261],[-119.1965,53.0268],[-119.1952,53.027],[-119.1937,53.027],[-119.1873,53.0254],[-119.185,53.0253],[-119.1818,53.0254],[-119.1766,53.025],[-119.1748,53.0245],[-119.172,53.0233],[-119.1657,53.0216],[-119.1624,53.0209],[-119.1603,53.0202],[-119.1586,53.0196],[-119.1551,53.0178],[-119.1521,53.0168],[-119.1483,53.0159],[-119.1382,53.0139],[-119.1365,53.0138],[-119.1263,53.0141],[-119.1214,53.0139],[-119.1199,53.014],[-119.1176,53.0144],[-119.1137,53.0153],[-119.1103,53.0158],[-119.1077,53.0159],[-119.1049,53.0163],[-119.1031,53.0164],[-119.1015,53.0161],[-119.0998,53.0155],[-119.097,53.0141],[-119.0876,53.0113],[-119.084,53.0098],[-119.0825,53.0093],[-119.0786,53.0086],[-119.0767,53.0079],[-119.0694,53.0037],[-119.0681,53.0031],[-119.0567,52.9991],[-119.0545,52.9985],[-119.037,52.9952],[-119.0345,52.9946],[-119.0314,52.9933],[-119.0297,52.9929],[-119.0271,52.9925],[-119.0241,52.9918],[-119.0112,52.9881],[-118.9959,52.9836],[-118.9848,52.9802],[-118.9749,52.9791],[-118.9718,52.9782],[-118.9681,52.9759],[-118.9648,52.9747],[-118.9543,52.9728],[-118.9517,52.9725],[-118.9438,52.972],[-118.9407,52.9716],[-118.9373,52.9708],[-118.9307,52.9687],[-118.9287,52.9678],[-118.9248,52.9652],[-118.9229,52.9645],[-118.9185,52.9632],[-118.9167,52.9625],[-118.9141,52.9612],[-118.9117,52.9606],[-118.9074,52.9603],[-118.9053,52.9599],[-118.8959,52.9566],[-118.8929,52.9558],[-118.8688,52.9519],[-118.8669,52.9514],[-118.8653,52.9506],[-118.8642,52.9494],[-118.863,52.9475],[-118.8615,52.9461],[-118.8595,52.945],[-118.8451,52.9383],[-118.8418,52.9374],[-118.8357,52.9359],[-118.8318,52.9354],[-118.8253,52.9344],[-118.8224,52.9337],[-118.8194,52.9325],[-118.8168,52.9311],[-118.8127,52.9282],[-118.8098,52.9266],[-118.7992,52.9216],[-118.7969,52.9201],[-118.7936,52.917],[-118.785,52.9121],[-118.7777,52.9086],[-118.7746,52.9076],[-118.7712,52.907],[-118.7694,52.9063],[-118.7608,52.9015],[-118.7584,52.9006],[-118.7538,52.8995],[-118.7518,52.8988],[-118.7452,52.8944],[-118.7437,52.8937],[-118.742,52.8934],[-118.737,52.8936],[-118.7336,52.8933],[-118.7311,52.8927],[-118.7254,52.8904],[-118.7198,52.887],[-118.717,52.8864],[-118.7158,52.8859],[-118.7041,52.8806],[-118.702,52.88],[-118.6986,52.8794],[-118.6959,52.8786],[-118.6898,52.8751],[-118.6881,52.8743],[-118.677,52.8698],[-118.6743,52.8691],[-118.662,52.8672],[-118.6599,52.867],[-118.6537,52.8672],[-118.6513,52.867],[-118.6491,52.8664],[-118.6367,52.862],[-118.6336,52.8611],[-118.6238,52.8595],[-118.6201,52.8585],[-118.6153,52.8562],[-118.6135,52.8556],[-118.6109,52.8555],[-118.6079,52.8559],[-118.6065,52.8558],[-118.6052,52.8555],[-118.6031,52.8545],[-118.6019,52.8542],[-118.5968,52.8538],[-118.5951,52.8534],[-118.5935,52.8527],[-118.5925,52.8524],[-118.5914,52.8523],[-118.5888,52.8523],[-118.5877,52.8522],[-118.5856,52.8518],[-118.5841,52.8518],[-118.5828,52.852],[-118.581,52.8527],[-118.5794,52.8533],[-118.5747,52.8546],[-118.5736,52.855],[-118.5716,52.856],[-118.5691,52.8568],[-118.5679,52.8573],[-118.5661,52.8587],[-118.5631,52.8598],[-118.5592,52.8598],[-118.5555,52.8601],[-118.5528,52.8607],[-118.5506,52.8615],[-118.5418,52.8661],[-118.5385,52.8672],[-118.5245,52.8703],[-118.5158,52.8745],[-118.5132,52.8753],[-118.5067,52.8767],[-118.5045,52.8775],[-118.496,52.8824],[-118.4944,52.8829],[-118.4926,52.8832],[-118.491,52.8838],[-118.49,52.8848],[-118.4884,52.8871],[-118.4872,52.8898],[-118.4861,52.8909],[-118.4843,52.8916],[-118.4823,52.8918],[-118.4714,52.8907],[-118.4692,52.8907],[-118.464,52.8914],[-118.4622,52.8914],[-118.4606,52.8911],[-118.4516,52.8888],[-118.4503,52.8882],[-118.4493,52.8873],[-118.4476,52.8853],[-118.4465,52.8845],[-118.4448,52.8838],[-118.4428,52.8835],[-118.4398,52.8833],[-118.4357,52.8826],[-118.4338,52.8825],[-118.4263,52.8832],[-118.4239,52.8832],[-118.4192,52.8827],[-118.417,52.8826],[-118.3691,52.8842],[-118.3667,52.8842],[-118.3639,52.8838],[-118.3426,52.8785],[-118.3388,52.8777],[-118.3357,52.8774],[-118.3245,52.8777],[-118.3216,52.8775],[-118.3179,52.877],[-118.3037,52.8737],[-118.3008,52.8734],[-118.2948,52.8732],[-118.2898,52.8735],[-118.2839,52.8736],[-118.2815,52.8733],[-118.2796,52.8729],[-118.2771,52.8719],[-118.2755,52.8716],[-118.2604,52.8698],[-118.2549,52.8686],[-118.2527,52.8684],[-118.2473,52.8684],[-118.2407,52.8677],[-118.2393,52.8677],[-118.2363,52.8683],[-118.2349,52.8683],[-118.2315,52.8678],[-118.2291,52.8671],[-118.2253,52.8665],[-118.223,52.8659],[-118.2217,52.8657],[-118.2199,52.8658],[-118.2176,52.8665],[-118.216,52.8666],[-118.2127,52.8665],[-118.2112,52.8665],[-118.2081,52.8668],[-118.2064,52.8668],[-118.2046,52.8665],[-118.2005,52.8652],[-118.1961,52.864],[-118.1946,52.8638],[-118.1931,52.8639],[-118.185,52.8657],[-118.1833,52.866],[-118.1816,52.866],[-118.1789,52.8657],[-118.1757,52.8653],[-118.1709,52.8641],[-118.1681,52.8632],[-118.1663,52.8628],[-118.1579,52.8614],[-118.1551,52.8607],[-118.1534,52.8606],[-118.1504,52.8607],[-118.1484,52.8607],[-118.1452,52.8605],[-118.1434,52.8606],[-118.1369,52.8613],[-118.1347,52.8615],[-118.1227,52.8613],[-118.1217,52.8613],[-118.1199,52.8616],[-118.1182,52.8621],[-118.1168,52.8627],[-118.1111,52.8664],[-118.11,52.8669],[-118.1094,52.8671],[-118.1082,52.8673],[-118.1051,52.8672],[-118.1037,52.8673],[-118.097,52.8681],[-118.0951,52.8684],[-118.0928,52.8689],[-118.0848,52.871],[-118.0831,52.8716],[-118.0812,52.8727],[-118.0802,52.8735],[-118.0798,52.8743],[-118.0794,52.8757]]}},{"type":"Feature","id":"371","properties":{"geometryId":"371","routeId":"119-93"},"geometry":{"type":"LineString","coordinates":[[-79.3803,43.6448],[-79.3892,43.6427],[-79.398,43.6407],[-79.4046,43.6398],[-79.427,43.6338],[-79.4285,43.6335],[-79.4302,43.6333],[-79.4316,43.6333],[-79.4333,43.6335],[-79.4347,43.6337],[-79.4359,43.634],[-79.4373,43.6345],[-79.4436,43.6371],[-79.4458,43.6379],[-79.4483,43.6385],[-79.4511,43.639],[-79.4539,43.6392],[-79.4563,43.6393],[-79.4581,43.6392],[-79.4602,43.6389],[-79.4623,43.6384],[-79.4644,43.6379],[-79.4665,43.6371],[-79.472,43.6347],[-79.4744,43.6333],[-79.4755,43.6326],[-79.4938,43.6187],[-79.4998,43.6148],[-79.5036,43.6127],[-79.5471,43.5911],[-79.5504,43.5891],[-79.5541,43.5863],[-79.591,43.5524],[-79.6332,43.5136],[-79.6372,43.5101],[-79.6402,43.5072],[-79.6418,43.5055],[-79.6782,43.4592],[-79.6803,43.4569],[-79.7837,43.3578],[-79.7855,43.3562],[-79.7875,43.3546],[-79.7909,43.3525],[-79.884,43.2951],[-79.8855,43.2939],[-79.8863,43.2929],[-79.8883,43.2899],[-79.8888,43.2893],[-79.8894,43.2888],[-79.8902,43.2884],[-79.8912,43.2881],[-79.8929,43.2876],[-79.8936,43.2876],[-79.8943,43.2877],[-79.8967,43.2882],[-79.8979,43.2883],[-79.8994,43.2883],[-79.9009,43.2882],[-79.9133,43.2861],[-79.9152,43.286],[-79.9173,43.2859],[-79.9269,43.2864],[-79.9287,43.2863],[-79.9308,43.2858],[-79.9326,43.2851],[-79.9334,43.2846],[-79.9405,43.2798],[-79.9418,43.2791],[-79.9439,43.2782],[-79.9506,43.2757],[-79.9523,43.2752],[-79.9534,43.2749],[-79.9647,43.2732],[-79.9665,43.2732],[-79.9714,43.2734],[-79.9722,43.2733],[-79.9737,43.273],[-80.028,43.2532],[-80.0402,43.2478],[-80.0418,43.2472],[-80.0438,43.2467],[-80.0526,43.2451],[-80.1529,43.2379],[-80.1547,43.2377],[-80.1567,43.2373],[-80.1583,43.2368],[-80.1598,43.2362],[-80.1609,43.2357],[-80.1619,43.2351],[-80.1632,43.2342],[-80.2036,43.2007],[-80.2048,43.1995],[-80.2056,43.1985],[-80.2064,43.1975],[-80.2071,43.1961],[-80.2135,43.1808],[-80.2143,43.1795],[-80.215,43.1785],[-80.2161,43.1773],[-80.2173,43.1764],[-80.2193,43.1751],[-80.2417,43.1614],[-80.25,43.1558],[-80.2514,43.1548],[-80.2526,43.1538],[-80.2536,43.1526],[-80.2544,43.1517],[-80.2566,43.1482],[-80.257,43.1479],[-80.2576,43.1475],[-80.2583,43.1472],[-80.259,43.1471],[-80.26,43.1469],[-80.2648,43.1466],[-80.2657,43.1467],[-80.2667,43.1469],[-80.2759,43.1494],[-80.2774,43.15],[-80.2785,43.1504],[-80.2795,43.151],[-80.2809,43.1519],[-80.2956,43.1656],[-80.297,43.1667],[-80.2985,43.1677],[-80.2999,43.1684],[-80.3014,43.169],[-80.303,43.1696],[-80.3048,43.1701],[-80.3498,43.1817],[-80.3513,43.1821],[-80.3541,43.1832],[-80.3555,43.184],[-80.3573,43.1851],[-80.3733,43.1956],[-80.3749,43.1965],[-80.3759,43.197],[-80.3772,43.1974],[-80.3786,43.1977],[-80.3799,43.1978],[-80.3853,43.1981],[-80.3873,43.1984],[-80.3889,43.1989],[-80.393,43.2011],[-80.3938,43.2015],[-80.3945,43.2016],[-80.3953,43.2017],[-80.3962,43.2017],[-80.4331,43.1929],[-80.4734,43.1854],[-80.6545,43.1415],[-80.6597,43.1405],[-80.7521,43.1265],[-80.755,43.1262],[-80.7681,43.1253],[-80.7705,43.125],[-80.7729,43.1246],[-80.7741,43.1243],[-80.7758,43.1237],[-80.8021,43.1129],[-80.812,43.1082],[-80.8133,43.1074],[-80.8145,43.1067],[-80.8392,43.0892],[-80.8412,43.0874],[-80.8546,43.0717],[-80.866,43.0591],[-80.8685,43.0567],[-80.882,43.0442],[-80.8836,43.043],[-80.8847,43.0423],[-80.8879,43.0406],[-80.9609,43.0061],[-80.9624,43.0056],[-80.9642,43.0049],[-80.9661,43.0044],[-81.0465,42.991],[-81.0495,42.9909],[-81.0798,42.9915],[-81.0826,42.9914],[-81.0841,42.9912],[-81.124,42.9848],[-81.1262,42.9846],[-81.1284,42.9845],[-81.2148,42.9862],[-81.2233,42.9864],[-81.2249,42.9863],[-81.227,42.9862],[-81.2312,42.9854],[-81.2372,42.9838],[-81.2404,42.9826],[-81.2426,42.982],[-81.2442,42.9817],[-81.2467,42.981]]}},{"type":"Feature","id":"112","properties":{"geometryId":"112","routeId":"8-119"},"geometry":{"type":"LineString","coordinates":[[-123.0966,49.2736],[-123.0917,49.2727],[-123.0894,49.2725],[-123.0869,49.2724],[-123.0842,49.2722],[-123.0828,49.2719],[-123.0819,49.2716],[-123.0812,49.2711],[-123.0787,49.2667],[-123.0781,49.2662],[-123.0769,49.2656],[-123.0696,49.2632],[-123.0571,49.2582],[-123.055,49.2578],[-123.0536,49.2577],[-123.0523,49.2578],[-123.0352,49.2601],[-123.0329,49.2605],[-123.0287,49.262],[-123.0275,49.2622],[-123.0263,49.2623],[-122.9734,49.2616],[-122.9711,49.2612],[-122.9697,49.2609],[-122.9682,49.2603],[-122.967,49.2597],[-122.9658,49.259],[-122.9514,49.247],[-122.9505,49.2465],[-122.9495,49.2461],[-122.9484,49.2457],[-122.9469,49.2455],[-122.9406,49.245],[-122.939,49.245],[-122.9368,49.2452],[-122.9347,49.2455],[-122.9173,49.2501],[-122.9158,49.2504],[-122.9143,49.2505],[-122.913,49.2504],[-122.9119,49.2502],[-122.9107,49.2498],[-122.9096,49.2493],[-122.909,49.2488],[-122.9072,49.2471],[-122.9062,49.2464],[-122.905,49.2458],[-122.8965,49.243],[-122.8955,49.2425],[-122.8832,49.2352],[-122.8825,49.2348],[-122.882,49.2343],[-122.8816,49.2336],[-122.8814,49.2331],[-122.8814,49.2325],[-122.8816,49.232],[-122.882,49.2315],[-122.8914,49.2231],[-122.8919,49.2225],[-122.8923,49.2218],[-122.8928,49.2195],[-122.894,49.2154],[-122.8946,49.214],[-122.8953,49.2128],[-122.8962,49.212],[-122.8972,49.2105],[-122.8973,49.2101],[-122.8972,49.2097],[-122.8971,49.2094],[-122.8966,49.209],[-122.8888,49.2062],[-122.8879,49.2061],[-122.887,49.2061],[-122.8863,49.2063],[-122.8856,49.2067],[-122.8827,49.2102],[-122.8821,49.2109],[-122.8812,49.2115],[-122.8792,49.2124],[-122.8761,49.2135],[-122.8742,49.214],[-122.8709,49.2148],[-122.8687,49.2151],[-122.8666,49.2153],[-122.8645,49.2155],[-122.8618,49.2155],[-122.8596,49.2154],[-122.8582,49.2151],[-122.857,49.2147],[-122.8557,49.214],[-122.8542,49.2136],[-122.8535,49.2135],[-122.8477,49.2135],[-122.8465,49.2136],[-122.8452,49.2138],[-122.8413,49.2151],[-122.8404,49.2153],[-122.8393,49.2154],[-122.8327,49.2155],[-122.8233,49.2149],[-122.8194,49.215],[-122.8118,49.2159],[-122.8105,49.216],[-122.8097,49.2159],[-122.8077,49.2156],[-122.8026,49.2144],[-122.7969,49.2135],[-122.7808,49.212],[-122.7746,49.2117],[-122.7728,49.2116],[-122.7702,49.2112],[-122.7687,49.2107],[-122.7672,49.2101],[-122.7247,49.1866],[-122.7132,49.1815],[-122.7116,49.181],[-122.7098,49.1808],[-122.6864,49.1815],[-122.6591,49.1836],[-122.6574,49.1835],[-122.6468,49.1822],[-122.6114,49.176],[-122.61,49.1758],[-122.6067,49.1757],[-122.6052,49.1756],[-122.5783,49.1709],[-122.5752,49.17],[-122.5681,49.1677],[-122.5661,49.1671],[-122.5641,49.1668],[-122.558,49.1661],[-122.5537,49.1658],[-122.5423,49.1654],[-122.5398,49.1651],[-122.5374,49.1648],[-122.5359,49.1645],[-122.5319,49.1629],[-122.5302,49.1625],[-122.5284,49.1623],[-122.5194,49.162],[-122.5179,49.1621],[-122.4862,49.1656],[-122.4836,49.1658],[-122.481,49.1658],[-122.4356,49.1625],[-122.4332,49.1623],[-122.4312,49.1619],[-122.4288,49.1614],[-122.4265,49.1606],[-122.423,49.1592],[-122.3987,49.1477],[-122.3979,49.1471],[-122.3968,49.1449],[-122.3954,49.1432],[-122.3942,49.1408],[-122.3919,49.1382],[-122.3856,49.1318],[-122.3842,49.1306],[-122.3824,49.1296],[-122.3727,49.1251],[-122.3693,49.1232],[-122.3669,49.1213],[-122.3644,49.1198],[-122.3586,49.1167],[-122.3558,49.1148],[-122.3446,49.1083],[-122.3431,49.1076],[-122.3388,49.1058],[-122.3372,49.1054],[-122.3358,49.1052],[-122.3344,49.1054],[-122.3332,49.1057],[-122.3043,49.1144],[-122.3031,49.1148],[-122.3022,49.1155],[-122.2967,49.1204],[-122.2963,49.1211],[-122.2962,49.1219],[-122.2965,49.1228],[-122.2971,49.1235],[-122.3035,49.1284],[-122.3071,49.1313],[-122.3075,49.1319],[-122.3075,49.1325],[-122.3071,49.1331],[-122.3064,49.1336],[-122.3055,49.1337],[-122.2964,49.1334],[-122.2948,49.1334],[-122.2931,49.1335],[-122.2908,49.1339],[-122.289,49.1344],[-122.2868,49.1352],[-122.2813,49.1381],[-122.275,49.1407],[-122.2648,49.1462],[-122.2636,49.1467],[-122.2577,49.1488],[-122.2556,49.1493],[-122.2533,49.1496],[-122.235,49.1493],[-122.2329,49.1493],[-122.2312,49.1496],[-122.2074,49.1561],[-122.2057,49.1568],[-122.2046,49.1574],[-122.2034,49.1583],[-122.1922,49.1681],[-122.1912,49.1686],[-122.1883,49.1695],[-122.1859,49.1699],[-122.1763,49.1713],[-122.1405,49.1774],[-122.1386,49.1777],[-122.1289,49.1806],[-122.1259,49.1813],[-122.1229,49.1818],[-122.12,49.1825],[-122.1175,49.1836],[-122.1148,49.1842],[-122.1069,49.1846],[-122.1042,49.1845],[-122.0949,49.1834],[-122.0917,49.1831],[-122.0847,49.1831],[-122.083,49.1833],[-122.0816,49.1838],[-122.0752,49.1866],[-122.0732,49.1877],[-122.0718,49.1889],[-122.0704,49.1906],[-122.069,49.1921],[-122.0666,49.1931],[-122.0536,49.1975],[-122.0499,49.1986],[-122.046,49.1994],[-122.0393,49.2012],[-122.0354,49.2022],[-122.0336,49.2024],[-122.0311,49.2025],[-122.0292,49.2028],[-122.0275,49.2034],[-122.0239,49.2053],[-122.0228,49.206],[-122.0161,49.2113],[-122.0128,49.2145],[-122.0114,49.2161],[-122.0105,49.2179],[-122.0103,49.2197],[-122.0109,49.2218],[-122.0124,49.2238],[-122.0149,49.2259],[-122.0156,49.2275],[-122.0148,49.2291],[-122.0138,49.2298],[-122.013,49.2302],[-122.0088,49.2319],[-122.0065,49.2327],[-122.004,49.2328],[-121.9988,49.2323],[-121.9962,49.2319],[-121.9912,49.2304],[-121.9861,49.2293],[-121.9783,49.2288],[-121.9757,49.2288],[-121.9734,49.2295],[-121.9712,49.2303],[-121.9667,49.2315],[-121.959,49.2349],[-121.9574,49.2355],[-121.9539,49.236],[-121.9521,49.236],[-121.9228,49.2316],[-121.9202,49.2311],[-121.9097,49.2272],[-121.9068,49.2266],[-121.8948,49.2268],[-121.8921,49.2272],[-121.8868,49.2284],[-121.884,49.2285],[-121.8811,49.2284],[-121.8755,49.2277],[-121.8727,49.2275],[-121.8701,49.228],[-121.8681,49.2287],[-121.8662,49.2291],[-121.8642,49.2292],[-121.8623,49.2297],[-121.8604,49.2304],[-121.8586,49.2313],[-121.8573,49.2325],[-121.8539,49.2365],[-121.8525,49.2378],[-121.8507,49.2388],[-121.8486,49.2395],[-121.8468,49.2398],[-121.8096,49.2426],[-121.8059,49.2424],[-121.7642,49.2396],[-121.7513,49.2385],[-121.749,49.2385],[-121.7471,49.2387],[-121.7453,49.239],[-121.7433,49.2397],[-121.7417,49.2405],[-121.7404,49.2414],[-121.7388,49.243],[-121.6723,49.3104],[-121.6704,49.3121],[-121.6676,49.3143],[-121.6666,49.3149],[-121.6638,49.316],[-121.6628,49.3166],[-121.6615,49.3175],[-121.6581,49.3193],[-121.6568,49.3197],[-121.6547,49.3202],[-121.6533,49.3207],[-121.6506,49.3222],[-121.6496,49.3227],[-121.6474,49.3234],[-121.6461,49.3239],[-121.6399,49.3276],[-121.6335,49.3313],[-121.6324,49.3321],[-121.6187,49.3462],[-121.6177,49.3469],[-121.6085,49.3531],[-121.6022,49.3573],[-121.5955,49.3605],[-121.5932,49.3614],[-121.5904,49.362],[-121.5733,49.3649],[-121.5667,49.3658],[-121.5518,49.3682],[-121.5512,49.3686],[-121.5505,49.3685],[-121.5169,49.374],[-121.5113,49.3752],[-121.5102,49.3753],[-121.4916,49.377],[-121.4906,49.3772],[-121.489,49.3781],[-121.4865,49.3789],[-121.4845,49.3795],[-121.4834,49.3799],[-121.4821,49.3807],[-121.4808,49.3811],[-121.4792,49.3816],[-121.4777,49.3823],[-121.465,49.3892],[-121.4634,49.3898],[-121.4538,49.3926],[-121.4524,49.3931],[-121.4509,49.394],[-121.45,49.3948],[-121.4488,49.3962],[-121.448,49.3968],[-121.447,49.3972],[-121.4439,49.3975],[-121.4424,49.3981],[-121.44,49.3992],[-121.4368,49.4002],[-121.4346,49.4018],[-121.4337,49.4032],[-121.4314,49.4063],[-121.4302,49.4096],[-121.4298,49.4102],[-121.4292,49.4108],[-121.427,49.4124],[-121.4266,49.413],[-121.4265,49.4139],[-121.4267,49.4146],[-121.427,49.4153],[-121.4288,49.4168],[-121.4296,49.4177],[-121.4309,49.4184],[-121.432,49.4194],[-121.4326,49.4207],[-121.4349,49.4232],[-121.4364,49.4259],[-121.4368,49.4268],[-121.4386,49.4328],[-121.4386,49.4336],[-121.4279,49.4659],[-121.421,49.4857],[-121.4207,49.4869],[-121.4197,49.4998],[-121.4195,49.5013],[-121.4189,49.5038],[-121.4184,49.5051],[-121.4171,49.5068],[-121.4167,49.5077],[-121.4167,49.5085],[-121.4171,49.5102],[-121.4174,49.512],[-121.4178,49.5137],[-121.4184,49.5148],[-121.4193,49.5159],[-121.4197,49.5168],[-121.4224,49.5287],[-121.4231,49.5301],[-121.4242,49.5316],[-121.4255,49.5331],[-121.4287,49.5356],[-121.4311,49.538],[-121.4323,49.5388],[-121.4346,49.54],[-121.4356,49.5407],[-121.4364,49.5416],[-121.4382,49.5441],[-121.4411,49.5493],[-121.4427,49.5513],[-121.4435,49.5528],[-121.4437,49.5541],[-121.4437,49.5554],[-121.4433,49.5565],[-121.4424,49.5577],[-121.4403,49.5596],[-121.4393,49.5603],[-121.4363,49.5617],[-121.4351,49.5621],[-121.434,49.5623],[-121.4327,49.5624],[-121.4296,49.562],[-121.4284,49.562],[-121.4271,49.5625],[-121.4254,49.5633],[-121.4241,49.5635],[-121.4229,49.5636],[-121.4198,49.563],[-121.4171,49.5626],[-121.4131,49.5623],[-121.4102,49.5624],[-121.4084,49.5626],[-121.4059,49.5625],[-121.4045,49.5628],[-121.4018,49.5635],[-121.4007,49.564],[-121.4,49.5647],[-121.3998,49.5653],[-121.3999,49.5659],[-121.4007,49.5675],[-121.4034,49.5705],[-121.4036,49.5712],[-121.4036,49.5719],[-121.4034,49.5727],[-121.4021,49.5756],[-121.402,49.5765],[-121.4024,49.5776],[-121.4023,49.5784],[-121.4017,49.5798],[-121.4017,49.5806],[-121.4032,49.5834],[-121.4052,49.5874],[-121.4059,49.5884],[-121.4075,49.5897],[-121.408,49.5903],[-121.4085,49.5915],[-121.4093,49.5925],[-121.4096,49.594],[-121.41,49.5947],[-121.4108,49.5958],[-121.4115,49.5963],[-121.4127,49.5969],[-121.4133,49.5974],[-121.4137,49.5981],[-121.4151,49.6009],[-121.4154,49.6019],[-121.4151,49.6045],[-121.415,49.6074],[-121.4145,49.6092],[-121.4141,49.6101],[-121.4132,49.6114],[-121.4116,49.6127],[-121.4108,49.6142],[-121.4097,49.6152],[-121.4087,49.6159],[-121.4069,49.6167],[-121.4061,49.6172],[-121.4051,49.6185],[-121.4043,49.619],[-121.4003,49.6202],[-121.3994,49.6207],[-121.3982,49.6222],[-121.3963,49.6232],[-121.3957,49.6237],[-121.3945,49.6255],[-121.3937,49.6262],[-121.3928,49.6268],[-121.3922,49.6275],[-121.3919,49.6283],[-121.392,49.6294],[-121.3923,49.6306],[-121.3927,49.6313],[-121.3934,49.6323],[-121.3944,49.6331],[-121.4025,49.6372],[-121.406,49.6388],[-121.4075,49.6392],[-121.409,49.6402],[-121.4095,49.641],[-121.4097,49.6419],[-121.4095,49.6446],[-121.4092,49.6456],[-121.4086,49.6467],[-121.4079,49.6477],[-121.4053,49.6503],[-121.4049,49.651],[-121.4047,49.6517],[-121.4052,49.6551],[-121.4055,49.6563],[-121.4061,49.6574],[-121.4086,49.6605],[-121.4098,49.6614],[-121.4113,49.6622],[-121.418,49.6645],[-121.4189,49.6651],[-121.4195,49.6659],[-121.4197,49.6666],[-121.4193,49.6674],[-121.4179,49.6694],[-121.4175,49.6706],[-121.4183,49.6756],[-121.4181,49.6767],[-121.4177,49.6783],[-121.4163,49.6817],[-121.4159,49.6837],[-121.4109,49.6963],[-121.4108,49.6974],[-121.4109,49.6985],[-121.4112,49.6996],[-121.4122,49.7013],[-121.4133,49.7028],[-121.4143,49.7036],[-121.4165,49.7043],[-121.4173,49.7049],[-121.4185,49.7065],[-121.4187,49.7072],[-121.4184,49.7083],[-121.4185,49.7092],[-121.4192,49.7101],[-121.4222,49.7127],[-121.4246,49.7143],[-121.4253,49.7151],[-121.4258,49.716],[-121.4259,49.7168],[-121.426,49.718],[-121.4263,49.7188],[-121.427,49.7194],[-121.4292,49.7208],[-121.4331,49.7251],[-121.4342,49.7259],[-121.4348,49.7274],[-121.436,49.7289],[-121.437,49.7315],[-121.437,49.7323],[-121.4368,49.7331],[-121.436,49.7339],[-121.4347,49.735],[-121.434,49.7357],[-121.4321,49.7369],[-121.4295,49.7379],[-121.4282,49.7382],[-121.4273,49.7387],[-121.4254,49.7404],[-121.4245,49.7419],[-121.4239,49.7434],[-121.4233,49.7475],[-121.4234,49.7486],[-121.423,49.7512],[-121.4232,49.752],[-121.4238,49.7528],[-121.4263,49.7545],[-121.4283,49.7553],[-121.4313,49.757],[-121.4332,49.7578],[-121.4349,49.7583],[-121.4367,49.759],[-121.4385,49.7598],[-121.4395,49.7605],[-121.4399,49.761],[-121.4404,49.762],[-121.4409,49.7625],[-121.443,49.7639],[-121.4438,49.7648],[-121.4441,49.7655],[-121.4444,49.7668],[-121.4445,49.7679],[-121.4444,49.7715],[-121.4441,49.7724],[-121.4442,49.7731],[-121.4447,49.7739],[-121.4463,49.7756],[-121.4476,49.7767],[-121.4491,49.7775],[-121.4501,49.7782],[-121.4508,49.7792],[-121.4512,49.7803],[-121.4518,49.7826],[-121.4519,49.7837],[-121.4517,49.7862],[-121.4516,49.7876],[-121.4518,49.7883],[-121.4522,49.7891],[-121.4523,49.7898],[-121.4522,49.7903],[-121.4515,49.7913],[-121.4513,49.7919],[-121.4514,49.7925],[-121.4525,49.794],[-121.4535,49.7951],[-121.4569,49.7977],[-121.4577,49.7986],[-121.4593,49.8016],[-121.4606,49.8037],[-121.4609,49.8044],[-121.4609,49.805],[-121.46,49.81],[-121.4597,49.8111],[-121.4593,49.8116],[-121.4578,49.8127],[-121.4568,49.8138],[-121.4556,49.8145],[-121.4537,49.8151],[-121.4526,49.8156],[-121.4507,49.8171],[-121.4494,49.8178],[-121.4484,49.8184],[-121.4465,49.8191],[-121.4455,49.8193],[-121.4436,49.8194],[-121.4407,49.8198],[-121.4398,49.8199],[-121.4376,49.8197],[-121.4366,49.82],[-121.4358,49.8204],[-121.4353,49.821],[-121.4339,49.8236],[-121.4334,49.8255],[-121.4334,49.8261],[-121.4337,49.8272],[-121.4343,49.8282],[-121.4365,49.8306],[-121.437,49.8314],[-121.4378,49.8334],[-121.4389,49.836],[-121.4403,49.8384],[-121.4408,49.8403],[-121.4421,49.8421],[-121.4424,49.8429],[-121.4426,49.8439],[-121.4425,49.8453],[-121.4428,49.8462],[-121.4441,49.8476],[-121.4453,49.8499],[-121.4465,49.8518],[-121.4474,49.8537],[-121.4478,49.8549],[-121.4479,49.8566],[-121.4482,49.8574],[-121.4496,49.86],[-121.45,49.8611],[-121.4515,49.8689],[-121.4517,49.8702],[-121.4515,49.8712],[-121.4499,49.8757],[-121.4497,49.8763],[-121.4497,49.8775],[-121.4535,49.8914],[-121.4537,49.8928],[-121.4533,49.8966],[-121.4524,49.9006],[-121.4523,49.9022],[-121.4525,49.9063],[-121.4535,49.9092],[-121.4537,49.9112],[-121.454,49.912],[-121.4549,49.9128],[-121.4578,49.9139],[-121.4588,49.9145],[-121.4592,49.9152],[-121.4592,49.9171],[-121.4598,49.9196],[-121.4637,49.929],[-121.4655,49.9312],[-121.4663,49.9316],[-121.4672,49.9319],[-121.4687,49.9322],[-121.4694,49.9325],[-121.47,49.9331],[-121.4708,49.9346],[-121.4725,49.9368],[-121.4747,49.9396],[-121.4751,49.9404],[-121.4765,49.9431],[-121.4771,49.9439],[-121.4778,49.9445],[-121.4841,49.9494],[-121.4851,49.9501],[-121.4899,49.9526],[-121.4909,49.9534],[-121.4917,49.9545],[-121.4926,49.9553],[-121.4966,49.9573],[-121.4989,49.9583],[-121.5005,49.9593],[-121.5021,49.9606],[-121.5032,49.9617],[-121.5044,49.9628],[-121.5048,49.9635],[-121.505,49.9645],[-121.5055,49.9652],[-121.5079,49.9675],[-121.5099,49.971],[-121.51,49.9716],[-121.5101,49.9727],[-121.5105,49.9734],[-121.5123,49.9749],[-121.5127,49.9755],[-121.5127,49.9762],[-121.5125,49.977],[-121.5117,49.9787],[-121.5115,49.9793],[-121.5118,49.9805],[-121.5126,49.9812],[-121.5139,49.9819],[-121.5145,49.9824],[-121.5148,49.9831],[-121.5147,49.9837],[-121.514,49.9849],[-121.5139,49.9855],[-121.5146,49.9868],[-121.5147,49.9876],[-121.5144,49.9882],[-121.5138,49.9889],[-121.5135,49.9895],[-121.5138,49.9911],[-121.5137,49.9918],[-121.5133,49.9927],[-121.5132,49.9934],[-121.5137,49.9941],[-121.515,49.9952],[-121.5174,49.9979],[-121.5186,49.9989],[-121.5214,50.0028],[-121.5233,50.0052],[-121.5267,50.0089],[-121.5298,50.013],[-121.5318,50.0153],[-121.5321,50.0159],[-121.5321,50.0168],[-121.5326,50.0183],[-121.5352,50.0241],[-121.5358,50.0253],[-121.5359,50.0258],[-121.5358,50.0262],[-121.5356,50.0266],[-121.5356,50.0273],[-121.5366,50.0293],[-121.5379,50.0309],[-121.5382,50.0315],[-121.5383,50.0328],[-121.5388,50.034],[-121.539,50.0348],[-121.5391,50.0361],[-121.5402,50.0379],[-121.5409,50.0394],[-121.5414,50.0409],[-121.5431,50.0427],[-121.5436,50.0436],[-121.5439,50.0447],[-121.5452,50.046],[-121.5456,50.0471],[-121.5463,50.048],[-121.5467,50.0488],[-121.5471,50.0497],[-121.5474,50.0516],[-121.5491,50.0567],[-121.5497,50.0578],[-121.5502,50.059],[-121.5519,50.0615],[-121.5524,50.0627],[-121.5524,50.0639],[-121.5522,50.066],[-121.5526,50.0675],[-121.5529,50.0685],[-121.5543,50.071],[-121.5545,50.0718],[-121.5548,50.073],[-121.5553,50.0747],[-121.5559,50.0757],[-121.5571,50.0774],[-121.5582,50.0786],[-121.5585,50.0794],[-121.5586,50.0806],[-121.5593,50.0822],[-121.56,50.083],[-121.5619,50.0845],[-121.5627,50.0854],[-121.5637,50.0871],[-121.5642,50.0885],[-121.5653,50.092],[-121.5673,50.0959],[-121.5682,50.0972],[-121.5685,50.0981],[-121.5698,50.1071],[-121.5704,50.1079],[-121.5727,50.1095],[-121.5733,50.1101],[-121.5739,50.1113],[-121.574,50.1121],[-121.5741,50.1142],[-121.5737,50.1152],[-121.5722,50.1166],[-121.5717,50.1174],[-121.5714,50.1185],[-121.5711,50.1189],[-121.5705,50.1193],[-121.5694,50.1198],[-121.5675,50.1204],[-121.5661,50.1212],[-121.5651,50.122],[-121.5644,50.1228],[-121.5643,50.1239],[-121.5645,50.1247],[-121.565,50.1254],[-121.566,50.1265],[-121.5669,50.1271],[-121.5702,50.1284],[-121.571,50.129],[-121.5714,50.1299],[-121.572,50.1305],[-121.5743,50.1322],[-121.5751,50.1331],[-121.5766,50.1361],[-121.5769,50.1372],[-121.5774,50.1383],[-121.5776,50.1425],[-121.5777,50.1431],[-121.5783,50.144],[-121.5784,50.1445],[-121.5783,50.145],[-121.5785,50.1476],[-121.5784,50.149],[-121.5785,50.1497],[-121.5798,50.1513],[-121.5806,50.1533],[-121.5809,50.1539],[-121.5813,50.1545],[-121.5815,50.1552],[-121.5813,50.1567],[-121.5813,50.1573],[-121.5818,50.1584],[-121.5819,50.1588],[-121.5818,50.1593],[-121.5814,50.1606],[-121.5814,50.1613],[-121.5815,50.1622],[-121.5813,50.165],[-121.5812,50.1656],[-121.5804,50.1671],[-121.5801,50.1678],[-121.58,50.1688],[-121.5801,50.1693],[-121.5808,50.1706],[-121.581,50.1711],[-121.5811,50.1716],[-121.5811,50.172],[-121.5807,50.1741],[-121.5803,50.1752],[-121.5799,50.176],[-121.5769,50.18],[-121.5764,50.1808],[-121.5762,50.1816],[-121.5762,50.1823],[-121.5766,50.1832],[-121.5773,50.1839],[-121.579,50.1854],[-121.5799,50.1868],[-121.5802,50.1876],[-121.5802,50.1893],[-121.5799,50.19],[-121.5787,50.1927],[-121.5786,50.1932],[-121.5786,50.1937],[-121.5789,50.1942],[-121.5799,50.1953],[-121.5802,50.196],[-121.5809,50.2001],[-121.5806,50.2015],[-121.5789,50.2046],[-121.5786,50.2056],[-121.5785,50.2066],[-121.5777,50.2086],[-121.5771,50.2116],[-121.5772,50.2134],[-121.5771,50.2142],[-121.5767,50.2154],[-121.5764,50.2181],[-121.5766,50.219],[-121.5786,50.2226],[-121.5793,50.2233],[-121.5802,50.2239],[-121.5806,50.2244],[-121.5807,50.225],[-121.5806,50.227],[-121.5807,50.2285],[-121.5804,50.2299],[-121.5777,50.2347],[-121.576,50.2389],[-121.5751,50.2401],[-121.5746,50.2411],[-121.5739,50.2429],[-121.5734,50.2438],[-121.5727,50.245],[-121.5704,50.2473],[-121.5689,50.2481],[-121.5658,50.2497],[-121.5645,50.2503],[-121.5633,50.2505],[-121.5619,50.2505],[-121.5588,50.2498],[-121.5575,50.2497],[-121.5563,50.2497],[-121.5509,50.251],[-121.5495,50.2516],[-121.5481,50.2526],[-121.5471,50.2537],[-121.5459,50.2555],[-121.5437,50.2572],[-121.5432,50.2578],[-121.5424,50.2597],[-121.5421,50.2611],[-121.5415,50.2617],[-121.5407,50.2622],[-121.5397,50.2625],[-121.5384,50.2625],[-121.5371,50.2623],[-121.5334,50.261],[-121.5318,50.2606],[-121.5266,50.2599],[-121.5254,50.2596],[-121.5243,50.2592],[-121.5235,50.2586],[-121.5223,50.2571],[-121.5215,50.2564],[-121.5204,50.2558],[-121.519,50.2553],[-121.5174,50.255],[-121.5164,50.255],[-121.5151,50.2551],[-121.5139,50.2553],[-121.5121,50.2559],[-121.5111,50.2561],[-121.5103,50.256],[-121.5093,50.2558],[-121.507,50.2543],[-121.4983,50.2501],[-121.497,50.2495],[-121.4918,50.2478],[-121.4908,50.2476],[-121.4897,50.2476],[-121.4886,50.2478],[-121.4841,50.2489],[-121.4822,50.2492],[-121.4792,50.2495],[-121.4781,50.2498],[-121.4773,50.2502],[-121.4767,50.2509],[-121.4758,50.2523],[-121.4757,50.2532],[-121.4759,50.254],[-121.4759,50.2548],[-121.4755,50.2555],[-121.4748,50.2566],[-121.4743,50.257],[-121.4737,50.2574],[-121.4717,50.2579],[-121.4703,50.2582],[-121.4673,50.2583],[-121.4654,50.2582],[-121.4645,50.2584],[-121.4636,50.2586],[-121.4625,50.2587],[-121.4596,50.2584],[-121.4587,50.2582],[-121.4543,50.2565],[-121.4527,50.2561],[-121.4482,50.2553],[-121.4466,50.255],[-121.4433,50.2551],[-121.441,50.2555],[-121.4387,50.2559],[-121.4361,50.2566],[-121.4336,50.2578],[-121.4324,50.2582],[-121.4261,50.2597],[-121.4222,50.2606],[-121.4209,50.261],[-121.4171,50.2626],[-121.4156,50.2628],[-121.41,50.2627],[-121.4078,50.2629],[-121.4064,50.2632],[-121.4053,50.2638],[-121.4045,50.2644],[-121.4027,50.2665],[-121.402,50.2675],[-121.4015,50.2691],[-121.4014,50.2699],[-121.4018,50.2719],[-121.4022,50.2734],[-121.4026,50.2741],[-121.4032,50.2748],[-121.4044,50.2758],[-121.4053,50.2769],[-121.4066,50.2792],[-121.4068,50.2798],[-121.4068,50.2804],[-121.4065,50.2808],[-121.4047,50.2828],[-121.4042,50.2834],[-121.4039,50.2841],[-121.4038,50.2855],[-121.4035,50.2863],[-121.4025,50.2876],[-121.4019,50.2881],[-121.3999,50.2892],[-121.3977,50.2908],[-121.3952,50.2925],[-121.394,50.294],[-121.3936,50.2947],[-121.3936,50.2953],[-121.3939,50.2971],[-121.3933,50.3062],[-121.3936,50.3071],[-121.3955,50.3092],[-121.3959,50.3099],[-121.3958,50.3106],[-121.3956,50.3119],[-121.3941,50.3154],[-121.3928,50.3173],[-121.3914,50.3188],[-121.3907,50.32],[-121.3905,50.3208],[-121.3906,50.3217],[-121.3923,50.3248],[-121.3932,50.3259],[-121.395,50.3276],[-121.3953,50.3284],[-121.3953,50.3295],[-121.3956,50.3303],[-121.3962,50.3312],[-121.3981,50.3329],[-121.3984,50.3336],[-121.3984,50.3344],[-121.3978,50.3355],[-121.3966,50.337],[-121.3949,50.3401],[-121.3936,50.3413],[-121.3911,50.3429],[-121.3902,50.3439],[-121.3886,50.3458],[-121.3881,50.3477],[-121.3886,50.3496],[-121.3892,50.3516],[-121.3896,50.3522],[-121.3907,50.3532],[-121.3911,50.3539],[-121.3911,50.3558],[-121.3912,50.3567],[-121.3916,50.3573],[-121.3935,50.3588],[-121.394,50.3595],[-121.3943,50.3604],[-121.3944,50.3615],[-121.3936,50.3645],[-121.393,50.368],[-121.3931,50.3689],[-121.394,50.3711],[-121.3947,50.3723],[-121.3949,50.3735],[-121.3961,50.3762],[-121.3967,50.3771],[-121.3977,50.3783],[-121.3979,50.3789],[-121.3979,50.3794],[-121.3963,50.3823],[-121.3962,50.3829],[-121.3962,50.3836],[-121.3958,50.3848],[-121.3958,50.3856],[-121.3955,50.3866],[-121.3934,50.3902],[-121.3926,50.391],[-121.3904,50.3924],[-121.3885,50.3931],[-121.3857,50.3948],[-121.384,50.3964],[-121.3834,50.3968],[-121.3826,50.3973],[-121.3819,50.398],[-121.3817,50.399],[-121.3812,50.4],[-121.3806,50.4008],[-121.3796,50.4017],[-121.379,50.4021],[-121.3768,50.4032],[-121.3747,50.4046],[-121.3733,50.406],[-121.3727,50.4065],[-121.3719,50.4068],[-121.3697,50.4074],[-121.3682,50.408],[-121.3653,50.4089],[-121.3642,50.4094],[-121.3622,50.4104],[-121.3607,50.4113],[-121.3576,50.4141],[-121.3564,50.4147],[-121.3482,50.418],[-121.3465,50.4185],[-121.3445,50.4189],[-121.337,50.4203],[-121.3344,50.421],[-121.3329,50.4213],[-121.3263,50.4216],[-121.3248,50.4219],[-121.3232,50.4224],[-121.3205,50.4237],[-121.3194,50.4245],[-121.3103,50.4314],[-121.3074,50.4337],[-121.3069,50.4341],[-121.3059,50.4356],[-121.3045,50.4389],[-121.3043,50.4398],[-121.3041,50.4412],[-121.3042,50.4421],[-121.3046,50.4432],[-121.3052,50.4441],[-121.3064,50.4454],[-121.307,50.4463],[-121.3074,50.4477],[-121.3075,50.4484],[-121.307,50.4492],[-121.3063,50.4498],[-121.3032,50.4511],[-121.3022,50.4517],[-121.3012,50.4526],[-121.299,50.4542],[-121.2983,50.4548],[-121.2977,50.4554],[-121.2968,50.4565],[-121.2962,50.4577],[-121.2957,50.4586],[-121.2955,50.4594],[-121.2954,50.4607],[-121.2955,50.4613],[-121.296,50.4626],[-121.2961,50.4635],[-121.2961,50.4642],[-121.2959,50.465],[-121.2956,50.4656],[-121.2943,50.4671],[-121.2939,50.4677],[-121.2933,50.4726],[-121.2934,50.4733],[-121.2952,50.4767],[-121.2956,50.4777],[-121.296,50.48],[-121.2964,50.4821],[-121.2964,50.4828],[-121.296,50.4845],[-121.2956,50.4852],[-121.2948,50.486],[-121.2945,50.4867],[-121.2944,50.4898],[-121.2942,50.4906],[-121.2937,50.4912],[-121.293,50.4918],[-121.2919,50.4922],[-121.2898,50.4925],[-121.2861,50.4927],[-121.2851,50.4929],[-121.2843,50.4932],[-121.2835,50.4937],[-121.2827,50.4945],[-121.2822,50.4953],[-121.2816,50.4972],[-121.2817,50.4978],[-121.2824,50.4992],[-121.2826,50.4999],[-121.283,50.5034],[-121.2833,50.5046],[-121.2833,50.5053],[-121.2831,50.5059],[-121.2816,50.5073],[-121.2807,50.5086],[-121.2801,50.5095],[-121.2774,50.5125],[-121.2769,50.5134],[-121.2768,50.514],[-121.2771,50.5149],[-121.2815,50.5226],[-121.2819,50.5237],[-121.2819,50.525],[-121.2816,50.5264],[-121.2815,50.5288],[-121.2818,50.5299],[-121.2826,50.5322],[-121.2828,50.5342],[-121.283,50.5349],[-121.2865,50.5417],[-121.2867,50.5424],[-121.287,50.544],[-121.2872,50.5448],[-121.2878,50.5455],[-121.2888,50.5465],[-121.2893,50.5472],[-121.29,50.5488],[-121.2906,50.5498],[-121.2922,50.5516],[-121.2928,50.5526],[-121.2935,50.5548],[-121.2951,50.5655],[-121.2954,50.5665],[-121.2967,50.5702],[-121.2968,50.571],[-121.2965,50.5724],[-121.2965,50.5737],[-121.2967,50.575],[-121.2973,50.5762],[-121.2976,50.5772],[-121.2985,50.579],[-121.2993,50.5797],[-121.3056,50.5837],[-121.3067,50.5845],[-121.3075,50.5853],[-121.3086,50.5872],[-121.3087,50.5879],[-121.3085,50.5886],[-121.308,50.5892],[-121.3072,50.5898],[-121.306,50.5905],[-121.3042,50.5914],[-121.3023,50.5924],[-121.3013,50.5931],[-121.3006,50.594],[-121.3004,50.5948],[-121.3004,50.5958],[-121.3002,50.597],[-121.3002,50.5976],[-121.3005,50.5984],[-121.3016,50.6004],[-121.3019,50.6012],[-121.302,50.6025],[-121.3022,50.6032],[-121.3028,50.6039],[-121.3036,50.6046],[-121.3047,50.6051],[-121.3058,50.6053],[-121.3077,50.6053],[-121.3093,50.6055],[-121.3106,50.6057],[-121.3115,50.6063],[-121.312,50.607],[-121.312,50.6079],[-121.3114,50.6088],[-121.3049,50.6159],[-121.3041,50.617],[-121.3037,50.6184],[-121.3037,50.6196],[-121.3071,50.6277],[-121.3072,50.6287],[-121.3068,50.6317],[-121.3063,50.6327],[-121.3049,50.6339],[-121.3044,50.6347],[-121.3038,50.6368],[-121.3041,50.6406],[-121.3039,50.6414],[-121.3032,50.6422],[-121.3022,50.6429],[-121.3013,50.6437],[-121.3006,50.6448],[-121.3004,50.6456],[-121.3006,50.6465],[-121.3013,50.648],[-121.3021,50.6488],[-121.3032,50.6498],[-121.3037,50.6506],[-121.3039,50.6517],[-121.3033,50.6549],[-121.304,50.6605],[-121.3043,50.6616],[-121.3052,50.6626],[-121.3064,50.6633],[-121.3079,50.6639],[-121.3101,50.6643],[-121.3115,50.6651],[-121.3122,50.6658],[-121.3123,50.6664],[-121.3123,50.6675],[-121.3119,50.6686],[-121.3114,50.6692],[-121.3103,50.6696],[-121.3083,50.6701],[-121.3071,50.6706],[-121.3064,50.6712],[-121.306,50.672],[-121.3056,50.6735],[-121.305,50.6744],[-121.304,50.6755],[-121.3032,50.676],[-121.2996,50.6774],[-121.2977,50.6783],[-121.2954,50.6799],[-121.2948,50.6805],[-121.2945,50.6812],[-121.2947,50.682],[-121.2955,50.6833],[-121.2964,50.6844],[-121.2991,50.6862],[-121.3004,50.6869],[-121.302,50.6876],[-121.3031,50.6883],[-121.3045,50.6896],[-121.3084,50.6916],[-121.3094,50.6925],[-121.3102,50.6938],[-121.3104,50.6946],[-121.3101,50.6964],[-121.3097,50.6971],[-121.309,50.6977],[-121.3069,50.6988],[-121.3053,50.6995],[-121.3035,50.7],[-121.3025,50.7002],[-121.2998,50.7],[-121.2977,50.7],[-121.2967,50.7004],[-121.295,50.7026],[-121.2943,50.7032],[-121.2933,50.7036],[-121.2907,50.7044],[-121.2887,50.7048],[-121.2876,50.7053],[-121.2867,50.7058],[-121.2861,50.7067],[-121.2853,50.7084],[-121.2852,50.7092],[-121.2866,50.7188],[-121.287,50.7211],[-121.2871,50.7219],[-121.2869,50.7228],[-121.2864,50.7239],[-121.2855,50.7252],[-121.2842,50.7264],[-121.2827,50.7276],[-121.2819,50.7281],[-121.2794,50.7287],[-121.277,50.7295],[-121.2745,50.7299],[-121.2678,50.7306],[-121.2664,50.7309],[-121.2639,50.7319],[-121.2628,50.7327],[-121.2618,50.7338],[-121.2603,50.736],[-121.2599,50.7368],[-121.26,50.7386],[-121.2598,50.7394],[-121.2592,50.7403],[-121.2545,50.7449],[-121.2532,50.7455],[-121.2512,50.7459],[-121.2497,50.7463],[-121.2457,50.748],[-121.2441,50.7484],[-121.2426,50.7483],[-121.2344,50.7461],[-121.2268,50.7438],[-121.2253,50.7434],[-121.2239,50.7433],[-121.2224,50.7434],[-121.2193,50.7444],[-121.2163,50.745],[-121.2152,50.7454],[-121.2131,50.7467],[-121.2124,50.7475],[-121.2103,50.7505],[-121.209,50.752],[-121.207,50.7535],[-121.2056,50.7542],[-121.2043,50.7547],[-121.2007,50.7554],[-121.1996,50.7555],[-121.1958,50.7552],[-121.194,50.7554],[-121.1899,50.7565],[-121.1884,50.7572],[-121.1867,50.7585],[-121.183,50.7618],[-121.1817,50.7626],[-121.1769,50.7643],[-121.1754,50.7646],[-121.1719,50.7648],[-121.1687,50.7649],[-121.1664,50.7651],[-121.1639,50.7657],[-121.1583,50.7679],[-121.1553,50.7696],[-121.1539,50.77],[-121.1481,50.7706],[-121.1465,50.771],[-121.145,50.7716],[-121.1438,50.7726],[-121.1423,50.7744],[-121.1408,50.7768],[-121.1393,50.7784],[-121.1385,50.7793],[-121.1305,50.7859],[-121.1294,50.7867],[-121.1278,50.7874],[-121.127,50.7881],[-121.1258,50.7891],[-121.125,50.7895],[-121.1233,50.7897],[-121.1218,50.7897],[-121.1204,50.7894],[-121.1192,50.7888],[-121.115,50.7854],[-121.1143,50.785],[-121.113,50.7846],[-121.112,50.7845],[-121.1109,50.7846],[-121.1097,50.7849],[-121.1014,50.7878],[-121.1,50.7881],[-121.0968,50.7885],[-121.0951,50.7886],[-121.0935,50.7885],[-121.092,50.7882],[-121.0894,50.7873],[-121.088,50.7866],[-121.0812,50.781],[-121.0801,50.7805],[-121.0788,50.7802],[-121.0765,50.7801],[-121.0747,50.7804],[-121.0713,50.7815],[-121.0689,50.7828],[-121.0677,50.7832],[-121.0666,50.7833],[-121.0653,50.7833],[-121.0643,50.783],[-121.0599,50.7812],[-121.0592,50.7807],[-121.0586,50.7801],[-121.0584,50.7794],[-121.0573,50.7714],[-121.0571,50.7705],[-121.0565,50.7698],[-121.0545,50.7681],[-121.053,50.7674],[-121.0501,50.7667],[-121.0457,50.7659],[-121.0441,50.7657],[-121.0414,50.7659],[-121.0323,50.7654],[-121.0301,50.7654],[-121.0274,50.7657],[-121.0256,50.7658],[-121.0176,50.7654],[-121.0161,50.7651],[-121.0122,50.764],[-121.0103,50.7636],[-121.0074,50.7631],[-121.006,50.7627],[-121.005,50.7621],[-121.0041,50.7611],[-121.003,50.7593],[-121.0024,50.7585],[-121.0014,50.7578],[-120.9973,50.756],[-120.996,50.7556],[-120.9943,50.7554],[-120.9931,50.7555],[-120.9913,50.7561],[-120.9896,50.7564],[-120.988,50.7565],[-120.9863,50.7562],[-120.9746,50.7525],[-120.9733,50.7522],[-120.9719,50.752],[-120.9664,50.7518],[-120.9648,50.7519],[-120.9633,50.7523],[-120.961,50.7532],[-120.9593,50.7544],[-120.9576,50.7559],[-120.9553,50.7573],[-120.9542,50.7582],[-120.9534,50.7592],[-120.9525,50.7606],[-120.9516,50.7612],[-120.9504,50.7617],[-120.9489,50.7618],[-120.9475,50.7617],[-120.9463,50.7612],[-120.9454,50.7604],[-120.945,50.7594],[-120.9451,50.7586],[-120.9456,50.7571],[-120.9457,50.7562],[-120.9453,50.7553],[-120.9445,50.7546],[-120.9372,50.7506],[-120.9361,50.7501],[-120.9269,50.747],[-120.924,50.7467],[-120.9226,50.7464],[-120.921,50.7456],[-120.9198,50.7452],[-120.9162,50.745],[-120.9149,50.7448],[-120.9108,50.744],[-120.9073,50.743],[-120.9059,50.7429],[-120.9046,50.7429],[-120.9031,50.7431],[-120.9001,50.7438],[-120.8986,50.744],[-120.8957,50.744],[-120.8944,50.7442],[-120.8881,50.7458],[-120.8859,50.7462],[-120.8849,50.7466],[-120.8836,50.7475],[-120.8821,50.7482],[-120.8786,50.7505],[-120.8779,50.7512],[-120.8773,50.7526],[-120.8764,50.7541],[-120.8758,50.7556],[-120.8752,50.7566],[-120.8745,50.7573],[-120.8735,50.7579],[-120.8698,50.7592],[-120.8686,50.7597],[-120.8676,50.7604],[-120.866,50.7619],[-120.8653,50.7623],[-120.8644,50.7626],[-120.8616,50.7633],[-120.8605,50.7634],[-120.8581,50.7636],[-120.8567,50.764],[-120.8535,50.7658],[-120.8526,50.7661],[-120.8492,50.7665],[-120.8459,50.7671],[-120.8449,50.7674],[-120.8386,50.7706],[-120.8376,50.771],[-120.835,50.7715],[-120.834,50.7718],[-120.8318,50.7728],[-120.8285,50.7737],[-120.8266,50.7745],[-120.8235,50.7763],[-120.8223,50.7768],[-120.8159,50.7789],[-120.8139,50.7795],[-120.8027,50.7808],[-120.7985,50.7816],[-120.7942,50.7829],[-120.7929,50.7829],[-120.7909,50.7829],[-120.7899,50.7831],[-120.7889,50.7834],[-120.7871,50.7848],[-120.7865,50.7851],[-120.784,50.7858],[-120.7829,50.7862],[-120.7806,50.7872],[-120.7793,50.7881],[-120.7786,50.7884],[-120.7736,50.7897],[-120.7725,50.79],[-120.7708,50.7908],[-120.77,50.791],[-120.7685,50.7912],[-120.7667,50.7912],[-120.7658,50.7913],[-120.7649,50.7915],[-120.7626,50.7925],[-120.761,50.7927],[-120.7552,50.7931],[-120.7538,50.7933],[-120.7521,50.7937],[-120.7512,50.7937],[-120.7503,50.7936],[-120.7493,50.7933],[-120.7464,50.7918],[-120.7453,50.7915],[-120.7442,50.7914],[-120.7431,50.7915],[-120.7398,50.7923],[-120.7388,50.7924],[-120.7379,50.7924],[-120.737,50.7921],[-120.7346,50.7907],[-120.7336,50.7903],[-120.7319,50.7898],[-120.7309,50.7894],[-120.73,50.7889],[-120.7291,50.7883],[-120.7282,50.7874],[-120.7273,50.7867],[-120.7262,50.7859],[-120.7251,50.785],[-120.7244,50.7839],[-120.7237,50.7833],[-120.7227,50.7828],[-120.7189,50.7813],[-120.7178,50.7808],[-120.7171,50.7803],[-120.7162,50.7782],[-120.7157,50.7775],[-120.7149,50.7768],[-120.7103,50.7752],[-120.7092,50.7749],[-120.7074,50.7746],[-120.7067,50.7744],[-120.7048,50.7733],[-120.7029,50.7726],[-120.702,50.7721],[-120.7014,50.7716],[-120.7009,50.7709],[-120.6995,50.7682],[-120.699,50.7675],[-120.6982,50.7669],[-120.6972,50.7663],[-120.695,50.7655],[-120.6937,50.7649],[-120.6922,50.7639],[-120.6916,50.7634],[-120.6911,50.762],[-120.6906,50.7613],[-120.6896,50.7608],[-120.6881,50.7601],[-120.6869,50.7599],[-120.6852,50.7597],[-120.6834,50.7597],[-120.6821,50.7595],[-120.6811,50.7593],[-120.6796,50.7587],[-120.6784,50.7585],[-120.6761,50.7582],[-120.6749,50.758],[-120.6739,50.7576],[-120.673,50.7571],[-120.6708,50.7554],[-120.6699,50.7549],[-120.6689,50.7547],[-120.6679,50.7547],[-120.666,50.755],[-120.665,50.755],[-120.6638,50.7549],[-120.6581,50.7537],[-120.6553,50.7533],[-120.6543,50.753],[-120.6518,50.7517],[-120.651,50.7514],[-120.6486,50.751],[-120.6477,50.7507],[-120.6443,50.7494],[-120.6435,50.749],[-120.6429,50.7485],[-120.6416,50.747],[-120.641,50.7465],[-120.6403,50.7461],[-120.6395,50.7459],[-120.6386,50.7458],[-120.6355,50.7459],[-120.6343,50.7458],[-120.6332,50.7454],[-120.6287,50.7434],[-120.6277,50.7431],[-120.6268,50.743],[-120.6246,50.7432],[-120.6235,50.7432],[-120.6222,50.7431],[-120.6209,50.7429],[-120.6192,50.7425],[-120.6165,50.7417],[-120.6152,50.7414],[-120.6126,50.741],[-120.6082,50.7398],[-120.607,50.7396],[-120.6055,50.7395],[-120.6046,50.7393],[-120.6026,50.7386],[-120.6017,50.7384],[-120.6008,50.7383],[-120.5987,50.7384],[-120.5977,50.7384],[-120.5962,50.7381],[-120.5935,50.7372],[-120.5926,50.737],[-120.5852,50.7364],[-120.5839,50.7363],[-120.5829,50.7361],[-120.58,50.7353],[-120.5792,50.7349],[-120.5761,50.7333],[-120.5751,50.7329],[-120.5742,50.7326],[-120.5727,50.7325],[-120.5718,50.7322],[-120.5615,50.7281],[-120.5605,50.7279],[-120.5587,50.7278],[-120.5556,50.7272],[-120.5545,50.7269],[-120.5529,50.7263],[-120.5518,50.7261],[-120.5447,50.7255],[-120.5428,50.7256],[-120.5409,50.726],[-120.5387,50.7268],[-120.5372,50.7272],[-120.5356,50.7274],[-120.5342,50.7275],[-120.5192,50.7258],[-120.5169,50.7256],[-120.5148,50.7256],[-120.5126,50.7257],[-120.5059,50.726],[-120.5045,50.7259],[-120.5022,50.7256],[-120.5011,50.7254],[-120.5001,50.7249],[-120.4989,50.7242],[-120.4981,50.7238],[-120.4966,50.7236],[-120.4891,50.7228],[-120.4834,50.7217],[-120.4823,50.7214],[-120.4814,50.721],[-120.4792,50.7197],[-120.4783,50.7193],[-120.4771,50.7189],[-120.4716,50.718],[-120.4702,50.7175],[-120.4654,50.7154],[-120.4644,50.7151],[-120.4631,50.7149],[-120.4019,50.71],[-120.3722,50.7094],[-120.37,50.7094],[-120.3681,50.7097],[-120.3664,50.7101],[-120.3516,50.7142],[-120.3504,50.7147],[-120.3496,50.7154],[-120.349,50.7166],[-120.3322,50.7635],[-120.3313,50.7655],[-120.3236,50.778],[-120.3208,50.7843],[-120.3202,50.7854],[-120.3093,50.8039],[-120.3084,50.805],[-120.3074,50.806],[-120.3062,50.8068],[-120.2994,50.81],[-120.2986,50.8106],[-120.2956,50.8132],[-120.295,50.8139],[-120.2946,50.8148],[-120.2933,50.8218],[-120.2929,50.8229],[-120.2922,50.824],[-120.2763,50.8423],[-120.2754,50.8435],[-120.2749,50.8447],[-120.2747,50.8459],[-120.2743,50.8574],[-120.2741,50.8584],[-120.2734,50.8592],[-120.2726,50.8599],[-120.2713,50.8606],[-120.2663,50.8624],[-120.2653,50.8629],[-120.2646,50.8635],[-120.2642,50.8642],[-120.2633,50.8687],[-120.2634,50.87],[-120.2639,50.8733],[-120.2639,50.874],[-120.2636,50.8747],[-120.2622,50.8779],[-120.2617,50.8785],[-120.2606,50.8795],[-120.2599,50.8803],[-120.2584,50.8828],[-120.2577,50.8847],[-120.2572,50.8856],[-120.2551,50.8878],[-120.2546,50.8885],[-120.2543,50.8894],[-120.2542,50.8916],[-120.2542,50.8928],[-120.2546,50.8963],[-120.2546,50.8973],[-120.2544,50.8981],[-120.2539,50.899],[-120.2531,50.8999],[-120.2519,50.901],[-120.2513,50.9016],[-120.2511,50.9023],[-120.2508,50.9043],[-120.2505,50.9053],[-120.2487,50.9077],[-120.2474,50.9106],[-120.2468,50.9113],[-120.2451,50.9127],[-120.2443,50.9134],[-120.2437,50.9143],[-120.2434,50.9152],[-120.2429,50.9301],[-120.2426,50.9319],[-120.2381,50.9443],[-120.2377,50.9457],[-120.2334,50.9843],[-120.2332,50.9867],[-120.2332,50.9909],[-120.2328,50.9922],[-120.2312,50.9945],[-120.2308,50.9954],[-120.2304,50.998],[-120.2301,50.9988],[-120.2295,50.9996],[-120.2283,51.0005],[-120.2273,51.0014],[-120.2261,51.0038],[-120.2258,51.0048],[-120.2254,51.0071],[-120.2254,51.0079],[-120.2258,51.0087],[-120.2281,51.0125],[-120.2284,51.0133],[-120.2283,51.0142],[-120.2244,51.0389],[-120.219,51.0612],[-120.2181,51.0635],[-120.207,51.0762],[-120.2061,51.0769],[-120.2048,51.0775],[-120.2018,51.0783],[-120.2006,51.0785],[-120.199,51.0786],[-120.1976,51.0788],[-120.1936,51.0797],[-120.1913,51.0804],[-120.1894,51.0814],[-120.1875,51.0825],[-120.1867,51.0833],[-120.1848,51.0857],[-120.1839,51.0864],[-120.183,51.0869],[-120.1819,51.0871],[-120.179,51.0874],[-120.1779,51.0877],[-120.177,51.0882],[-120.1763,51.0888],[-120.1751,51.0906],[-120.1744,51.0911],[-120.1714,51.0924],[-120.17,51.0932],[-120.1644,51.0981],[-120.1636,51.0986],[-120.1626,51.0989],[-120.1615,51.099],[-120.1543,51.0987],[-120.1527,51.0987],[-120.1515,51.0988],[-120.1487,51.0994],[-120.1472,51.0999],[-120.1455,51.1008],[-120.1417,51.1029],[-120.1409,51.1036],[-120.1406,51.1045],[-120.1397,51.1079],[-120.1395,51.1109],[-120.139,51.1118],[-120.1382,51.1125],[-120.1369,51.1131],[-120.1348,51.1135],[-120.1336,51.1139],[-120.1325,51.1148],[-120.124,51.1241],[-120.123,51.1253],[-120.1227,51.126],[-120.1226,51.1266],[-120.1252,51.1395],[-120.1253,51.1402],[-120.1249,51.1411],[-120.1243,51.1417],[-120.1179,51.146],[-120.1172,51.1466],[-120.1169,51.1474],[-120.1172,51.1486],[-120.118,51.151],[-120.1187,51.1523],[-120.1312,51.1715],[-120.132,51.1723],[-120.1331,51.173],[-120.1345,51.1736],[-120.1431,51.1762],[-120.1451,51.177],[-120.1486,51.1793],[-120.1496,51.1801],[-120.1499,51.1812],[-120.1502,51.1856],[-120.15,51.1864],[-120.1492,51.1872],[-120.1461,51.1892],[-120.1445,51.1905],[-120.1425,51.1925],[-120.1407,51.1938],[-120.1399,51.1947],[-120.1395,51.1956],[-120.1393,51.1967],[-120.1392,51.198],[-120.1395,51.1989],[-120.1456,51.2066],[-120.1461,51.2075],[-120.1461,51.2085],[-120.1436,51.22],[-120.1436,51.2214],[-120.1438,51.2238],[-120.1436,51.2273],[-120.1437,51.2287],[-120.1436,51.2295],[-120.1431,51.2308],[-120.1431,51.2316],[-120.1434,51.2326],[-120.1447,51.2364],[-120.1456,51.2381],[-120.1476,51.2414],[-120.1481,51.2428],[-120.1536,51.2603],[-120.154,51.2624],[-120.155,51.2715],[-120.1552,51.2734],[-120.1549,51.2747],[-120.154,51.2761],[-120.1536,51.2771],[-120.1528,51.3118],[-120.1529,51.3129],[-120.1533,51.3139],[-120.1557,51.3172],[-120.156,51.3183],[-120.1559,51.3194],[-120.153,51.3277],[-120.1527,51.3295],[-120.1526,51.3311],[-120.1532,51.3366],[-120.1536,51.3376],[-120.1544,51.3385],[-120.161,51.3448],[-120.1618,51.3458],[-120.1624,51.3466],[-120.1629,51.3476],[-120.1633,51.349],[-120.1634,51.3504],[-120.1633,51.3516],[-120.163,51.3527],[-120.1615,51.3562],[-120.1612,51.357],[-120.1613,51.3577],[-120.1617,51.3584],[-120.1634,51.3598],[-120.1642,51.3606],[-120.1666,51.3637],[-120.167,51.3644],[-120.1688,51.3679],[-120.1713,51.371],[-120.1721,51.3724],[-120.1728,51.3733],[-120.1749,51.3752],[-120.177,51.3765],[-120.1778,51.3773],[-120.1808,51.3824],[-120.1812,51.3837],[-120.1818,51.3859],[-120.1835,51.3885],[-120.1837,51.3894],[-120.184,51.3928],[-120.1844,51.394],[-120.1864,51.3975],[-120.187,51.3992],[-120.1877,51.4001],[-120.1886,51.4009],[-120.1906,51.4022],[-120.1914,51.403],[-120.1919,51.404],[-120.1991,51.4214],[-120.1993,51.4223],[-120.199,51.4231],[-120.1981,51.424],[-120.1962,51.4257],[-120.1941,51.4271],[-120.1908,51.4321],[-120.19,51.433],[-120.1891,51.4336],[-120.1855,51.4356],[-120.1849,51.4362],[-120.1846,51.437],[-120.1851,51.4385],[-120.1849,51.4392],[-120.1832,51.441],[-120.1826,51.4422],[-120.182,51.443],[-120.1807,51.444],[-120.1786,51.4452],[-120.177,51.4469],[-120.1759,51.4478],[-120.1753,51.4487],[-120.175,51.4497],[-120.1739,51.4615],[-120.1736,51.4629],[-120.1732,51.4643],[-120.1681,51.4731],[-120.1677,51.4741],[-120.1676,51.4753],[-120.1673,51.476],[-120.1668,51.4768],[-120.1667,51.4774],[-120.1668,51.4781],[-120.1683,51.4809],[-120.1685,51.4817],[-120.1683,51.4826],[-120.1677,51.4838],[-120.1674,51.4848],[-120.1668,51.4887],[-120.1655,51.4923],[-120.1649,51.4951],[-120.1648,51.4974],[-120.1649,51.4982],[-120.1654,51.4996],[-120.1655,51.5021],[-120.1654,51.5027],[-120.1648,51.5034],[-120.1641,51.504],[-120.1636,51.5048],[-120.1633,51.5061],[-120.1627,51.5071],[-120.16,51.5103],[-120.1593,51.5114],[-120.1586,51.5129],[-120.1579,51.514],[-120.1566,51.5153],[-120.1561,51.5162],[-120.1556,51.5187],[-120.1548,51.5217],[-120.1507,51.5358],[-120.146,51.5535],[-120.1454,51.5548],[-120.1445,51.556],[-120.1419,51.5587],[-120.1389,51.5615],[-120.1363,51.5641],[-120.1357,51.5646],[-120.1349,51.5649],[-120.1341,51.565],[-120.1333,51.565],[-120.1317,51.5649],[-120.1306,51.5649],[-120.1292,51.5652],[-120.1239,51.5675],[-120.1221,51.5686],[-120.1209,51.5696],[-120.1204,51.5703],[-120.1016,51.5982],[-120.1004,51.5998],[-120.0981,51.602],[-120.0967,51.6029],[-120.096,51.6038],[-120.0944,51.6065],[-120.0846,51.6183],[-120.0792,51.6256],[-120.0758,51.6285],[-120.0754,51.6296],[-120.0754,51.632],[-120.0749,51.6329],[-120.0741,51.6335],[-120.0729,51.6339],[-120.0715,51.634],[-120.0687,51.6338],[-120.0663,51.6338],[-120.0625,51.634],[-120.0606,51.6345],[-120.0591,51.6352],[-120.0574,51.6363],[-120.0558,51.637],[-120.0521,51.6378],[-120.05,51.6379],[-120.0405,51.6375],[-120.0386,51.6375],[-120.0155,51.639],[-120.014,51.6389],[-120.0101,51.638],[-120.0082,51.6373],[-120.0051,51.6357],[-120.0036,51.6351],[-120.0012,51.6345],[-119.9999,51.6338],[-119.9981,51.6326],[-119.9961,51.632],[-119.9933,51.6312],[-119.9916,51.6302],[-119.9875,51.6275],[-119.9827,51.625],[-119.98,51.6228],[-119.9789,51.6222],[-119.9528,51.6112],[-119.9502,51.6103],[-119.9479,51.6099],[-119.9255,51.6072],[-119.9233,51.6067],[-119.922,51.6058],[-119.9215,51.6047],[-119.9212,51.6035],[-119.9203,51.6023],[-119.9185,51.6013],[-119.8709,51.5875],[-119.8684,51.5871],[-119.8369,51.5866],[-119.8348,51.5865],[-119.8324,51.5861],[-119.8189,51.5823],[-119.8171,51.582],[-119.8155,51.582],[-119.8139,51.5825],[-119.8107,51.5836],[-119.8076,51.5854],[-119.8063,51.5859],[-119.8026,51.5867],[-119.8008,51.5868],[-119.7992,51.5868],[-119.7919,51.5854],[-119.79,51.5853],[-119.7882,51.5854],[-119.7754,51.5869],[-119.7737,51.587],[-119.7724,51.5869],[-119.7708,51.5865],[-119.7656,51.585],[-119.7645,51.5845],[-119.7636,51.5839],[-119.7626,51.5831],[-119.7616,51.5827],[-119.7606,51.5825],[-119.7595,51.5826],[-119.7584,51.5829],[-119.7542,51.5851],[-119.7532,51.5855],[-119.752,51.5858],[-119.7508,51.5858],[-119.7494,51.5855],[-119.7432,51.5839],[-119.7417,51.5836],[-119.7399,51.5835],[-119.7377,51.5836],[-119.7236,51.5849],[-119.7218,51.5853],[-119.7206,51.5858],[-119.7196,51.5866],[-119.7171,51.5902],[-119.7164,51.5909],[-119.7153,51.5913],[-119.7131,51.5918],[-119.7121,51.5922],[-119.7113,51.593],[-119.7105,51.5939],[-119.7095,51.5946],[-119.708,51.5951],[-119.7047,51.5959],[-119.7034,51.5961],[-119.7021,51.5959],[-119.7006,51.5955],[-119.6994,51.5954],[-119.6983,51.5955],[-119.684,51.6007],[-119.6826,51.6014],[-119.6818,51.6022],[-119.6816,51.6032],[-119.6819,51.6041],[-119.6826,51.6049],[-119.6855,51.6071],[-119.6863,51.6081],[-119.6869,51.6093],[-119.688,51.6127],[-119.6881,51.6134],[-119.6878,51.6144],[-119.6871,51.6154],[-119.6851,51.6172],[-119.6844,51.6181],[-119.6833,51.6216],[-119.6833,51.6225],[-119.6839,51.6234],[-119.6854,51.6251],[-119.6861,51.6256],[-119.6889,51.6265],[-119.6897,51.6271],[-119.6904,51.6279],[-119.6907,51.629],[-119.6906,51.6302],[-119.6883,51.6335],[-119.6882,51.6344],[-119.6888,51.6393],[-119.6888,51.6401],[-119.6881,51.6414],[-119.6866,51.6432],[-119.6858,51.6461],[-119.6853,51.6473],[-119.6845,51.6482],[-119.6833,51.6493],[-119.6785,51.6523],[-119.6772,51.6528],[-119.6753,51.6533],[-119.6743,51.6539],[-119.6737,51.6548],[-119.6726,51.6579],[-119.6705,51.6622],[-119.6697,51.663],[-119.6684,51.6637],[-119.6669,51.6639],[-119.6653,51.6638],[-119.6628,51.6632],[-119.6613,51.663],[-119.66,51.6632],[-119.659,51.6636],[-119.6581,51.6646],[-119.6579,51.6676],[-119.6572,51.6688],[-119.6558,51.6696],[-119.6541,51.6703],[-119.6522,51.6706],[-119.6475,51.6708],[-119.6452,51.6712],[-119.6425,51.6728],[-119.641,51.673],[-119.6398,51.6729],[-119.6352,51.6709],[-119.6342,51.6704],[-119.6329,51.6694],[-119.6316,51.669],[-119.6281,51.6683],[-119.6259,51.6681],[-119.6239,51.6682],[-119.6221,51.6684],[-119.6206,51.6691],[-119.6188,51.6704],[-119.6173,51.6711],[-119.6152,51.6716],[-119.6132,51.6717],[-119.6069,51.6719],[-119.6051,51.6717],[-119.6037,51.6712],[-119.6026,51.6703],[-119.6011,51.6695],[-119.596,51.6683],[-119.5941,51.6681],[-119.5908,51.6685],[-119.5868,51.6685],[-119.5797,51.6689],[-119.5771,51.6688],[-119.574,51.6685],[-119.5726,51.6681],[-119.5658,51.6647],[-119.5645,51.6645],[-119.5631,51.6645],[-119.5614,51.6651],[-119.5601,51.6663],[-119.5585,51.6673],[-119.5494,51.6723],[-119.5482,51.6727],[-119.5445,51.6732],[-119.5432,51.6731],[-119.542,51.6727],[-119.541,51.6721],[-119.5388,51.6695],[-119.5376,51.6687],[-119.5363,51.6683],[-119.5343,51.6682],[-119.5308,51.6682],[-119.5277,51.6688],[-119.5259,51.6688],[-119.5244,51.6687],[-119.5156,51.6665],[-119.5136,51.6663],[-119.5111,51.6662],[-119.509,51.6662],[-119.5029,51.6667],[-119.4995,51.6671],[-119.4936,51.6681],[-119.4912,51.668],[-119.4877,51.6681],[-119.4854,51.6677],[-119.4819,51.6678],[-119.4801,51.668],[-119.4754,51.67],[-119.4733,51.6706],[-119.4707,51.6709],[-119.4655,51.6714],[-119.4633,51.6719],[-119.4611,51.6726],[-119.4551,51.6734],[-119.4534,51.6734],[-119.4522,51.6731],[-119.4507,51.6723],[-119.4496,51.672],[-119.448,51.672],[-119.4397,51.6742],[-119.4384,51.6743],[-119.4365,51.6742],[-119.4312,51.6734],[-119.4297,51.6735],[-119.4284,51.6739],[-119.4275,51.6747],[-119.4265,51.6783],[-119.4255,51.6797],[-119.4199,51.6832],[-119.4192,51.6842],[-119.4182,51.6867],[-119.4166,51.6891],[-119.4155,51.69],[-119.4141,51.6906],[-119.4116,51.6908],[-119.4056,51.6909],[-119.4042,51.6912],[-119.3991,51.6933],[-119.3932,51.6949],[-119.3909,51.6957],[-119.3852,51.6985],[-119.3841,51.6995],[-119.383,51.7002],[-119.3761,51.7036],[-119.3752,51.7043],[-119.3747,51.7052],[-119.3747,51.7069],[-119.3742,51.7081],[-119.3659,51.7161],[-119.3572,51.7229],[-119.3403,51.7358],[-119.3388,51.7373],[-119.3376,51.7392],[-119.3363,51.7428],[-119.3352,51.7442],[-119.3348,51.7454],[-119.3349,51.747],[-119.3348,51.748],[-119.3212,51.7729],[-119.3206,51.7745],[-119.3202,51.7763],[-119.3201,51.7782],[-119.3226,51.7939],[-119.3225,51.7958],[-119.3215,51.7974],[-119.3202,51.7984],[-119.3175,51.7998],[-119.316,51.8009],[-119.3151,51.8025],[-119.3132,51.8076],[-119.3124,51.8085],[-119.3109,51.8094],[-119.3096,51.8105],[-119.3084,51.8122],[-119.307,51.8146],[-119.3035,51.8168],[-119.302,51.8181],[-119.2994,51.8194],[-119.2986,51.8205],[-119.2978,51.8237],[-119.2977,51.8261],[-119.2971,51.8277],[-119.2971,51.8285],[-119.2976,51.8304],[-119.2984,51.8319],[-119.3023,51.8385],[-119.3025,51.8393],[-119.3024,51.84],[-119.3019,51.8411],[-119.3018,51.8426],[-119.3007,51.8438],[-119.3005,51.8447],[-119.3004,51.8465],[-119.3006,51.8472],[-119.302,51.8498],[-119.3023,51.8509],[-119.3025,51.8526],[-119.3044,51.8563],[-119.3049,51.8575],[-119.3053,51.859],[-119.3065,51.8613],[-119.3096,51.8658],[-119.3099,51.8666],[-119.3099,51.8675],[-119.3098,51.8684],[-119.31,51.8692],[-119.3111,51.871],[-119.3119,51.8717],[-119.3131,51.8726],[-119.3134,51.873],[-119.3137,51.8738],[-119.3138,51.8744],[-119.3144,51.8753],[-119.3153,51.8759],[-119.3168,51.8767],[-119.3179,51.8775],[-119.3198,51.8788],[-119.3205,51.8794],[-119.3209,51.8802],[-119.3211,51.881],[-119.3215,51.8838],[-119.3227,51.888],[-119.3234,51.889],[-119.3253,51.8905],[-119.3258,51.8912],[-119.3261,51.8928],[-119.3266,51.8935],[-119.3274,51.8942],[-119.3286,51.8949],[-119.3299,51.8952],[-119.3312,51.8951],[-119.3356,51.8942],[-119.3374,51.8942],[-119.3391,51.8946],[-119.3403,51.8954],[-119.341,51.8964],[-119.3419,51.8998],[-119.3425,51.9007],[-119.3437,51.9014],[-119.3454,51.9022],[-119.3465,51.9029],[-119.3472,51.9039],[-119.3481,51.9058],[-119.3487,51.9094],[-119.3486,51.912],[-119.3492,51.9137],[-119.351,51.9158],[-119.3515,51.9169],[-119.3512,51.9185],[-119.3499,51.9228],[-119.3484,51.9241],[-119.3461,51.9248],[-119.345,51.9256],[-119.3444,51.9273],[-119.3453,51.9297],[-119.3459,51.9307],[-119.3456,51.9353],[-119.3458,51.9361],[-119.3464,51.9367],[-119.3487,51.9381],[-119.3497,51.9391],[-119.3503,51.9406],[-119.3503,51.9436],[-119.3496,51.9457],[-119.3496,51.9466],[-119.3504,51.9483],[-119.3505,51.9494],[-119.3499,51.9514],[-119.3492,51.9527],[-119.3489,51.9539],[-119.3488,51.9569],[-119.3477,51.9594],[-119.3479,51.9628],[-119.3483,51.9641],[-119.3504,51.9671],[-119.3508,51.9681],[-119.3511,51.9716],[-119.3508,51.9728],[-119.35,51.9739],[-119.3455,51.9778],[-119.3444,51.9792],[-119.3436,51.9811],[-119.3423,51.9822],[-119.3419,51.9831],[-119.342,51.9843],[-119.3412,51.9866],[-119.341,51.989],[-119.3404,51.9902],[-119.3389,51.9918],[-119.3382,51.993],[-119.3379,51.9947],[-119.3377,52.0013],[-119.338,52.0027],[-119.3392,52.0059],[-119.3394,52.0072],[-119.339,52.0102],[-119.3392,52.0113],[-119.3415,52.0155],[-119.342,52.0171],[-119.3418,52.0187],[-119.3412,52.0227],[-119.3414,52.0236],[-119.3418,52.0244],[-119.3431,52.026],[-119.3435,52.0268],[-119.3438,52.0276],[-119.3436,52.0285],[-119.3432,52.0293],[-119.3424,52.0301],[-119.3311,52.0413],[-119.3301,52.0427],[-119.3297,52.044],[-119.3287,52.049],[-119.3286,52.0504],[-119.3287,52.0528],[-119.3287,52.0539],[-119.3271,52.0609],[-119.3267,52.0618],[-119.326,52.0625],[-119.325,52.0632],[-119.3239,52.0637],[-119.3202,52.0647],[-119.3188,52.0653],[-119.3179,52.066],[-119.3171,52.067],[-119.2981,52.1108],[-119.2976,52.1119],[-119.2698,52.1593],[-119.269,52.1605],[-119.2656,52.1639],[-119.2598,52.1684],[-119.2589,52.1694],[-119.2572,52.1722],[-119.2562,52.1732],[-119.2487,52.1778],[-119.2432,52.182],[-119.2422,52.1831],[-119.2408,52.1856],[-119.2399,52.1869],[-119.2387,52.1881],[-119.2359,52.1905],[-119.2349,52.1919],[-119.2339,52.1951],[-119.2334,52.1961],[-119.2306,52.199],[-119.2299,52.2],[-119.2291,52.2021],[-119.2282,52.2032],[-119.2262,52.2052],[-119.2223,52.2083],[-119.2215,52.2092],[-119.221,52.2107],[-119.2218,52.2144],[-119.2215,52.2159],[-119.2202,52.2176],[-119.2182,52.2188],[-119.2121,52.2214],[-119.2111,52.2221],[-119.2085,52.2249],[-119.2066,52.2261],[-119.2058,52.2271],[-119.1997,52.2409],[-119.1986,52.2426],[-119.1887,52.2555],[-119.1869,52.2576],[-119.1745,52.2707],[-119.1737,52.2719],[-119.1735,52.2735],[-119.1733,52.2751],[-119.1721,52.2812],[-119.173,52.2867],[-119.1743,52.2905],[-119.1744,52.2916],[-119.1739,52.2934],[-119.1738,52.2945],[-119.1742,52.297],[-119.1753,52.3002],[-119.1757,52.3029],[-119.1757,52.3106],[-119.1754,52.3115],[-119.1743,52.3131],[-119.1743,52.3139],[-119.1757,52.3165],[-119.1758,52.3178],[-119.175,52.3201],[-119.175,52.3211],[-119.1753,52.3229],[-119.175,52.324],[-119.1739,52.3276],[-119.1749,52.3339],[-119.1747,52.335],[-119.1727,52.3389],[-119.1725,52.3403],[-119.1732,52.343],[-119.1731,52.3442],[-119.1697,52.3545],[-119.1697,52.3555],[-119.1739,52.364],[-119.1749,52.3695],[-119.1751,52.3727],[-119.1761,52.3767],[-119.176,52.3779],[-119.1752,52.379],[-119.173,52.3808],[-119.1722,52.3824],[-119.1717,52.3841],[-119.1706,52.386],[-119.1705,52.3872],[-119.171,52.3881],[-119.1721,52.3896],[-119.1722,52.3905],[-119.1719,52.3914],[-119.1711,52.3921],[-119.1638,52.3964],[-119.1632,52.3973],[-119.1632,52.3982],[-119.1642,52.4008],[-119.1643,52.4016],[-119.1639,52.4023],[-119.163,52.4029],[-119.1592,52.4049],[-119.1581,52.4059],[-119.1557,52.4095],[-119.1552,52.4111],[-119.153,52.4221],[-119.1525,52.4232],[-119.1516,52.424],[-119.1492,52.4258],[-119.1483,52.4272],[-119.1478,52.4301],[-119.1483,52.4334],[-119.1481,52.4345],[-119.1472,52.4356],[-119.1458,52.4368],[-119.1451,52.4377],[-119.145,52.4389],[-119.145,52.4406],[-119.1445,52.4417],[-119.1433,52.4425],[-119.1424,52.4434],[-119.1416,52.4466],[-119.1409,52.4477],[-119.1394,52.4485],[-119.1366,52.4492],[-119.1351,52.4499],[-119.1317,52.4541],[-119.131,52.4556],[-119.1314,52.457],[-119.1312,52.4582],[-119.1308,52.4599],[-119.1307,52.4617],[-119.1311,52.463],[-119.1305,52.4642],[-119.1292,52.4656],[-119.1291,52.4675],[-119.1273,52.4696],[-119.1273,52.4707],[-119.1279,52.4727],[-119.1288,52.4747],[-119.1287,52.4757],[-119.1283,52.4771],[-119.1285,52.4784],[-119.1277,52.4798],[-119.1233,52.4818],[-119.1219,52.483],[-119.1205,52.4855],[-119.1187,52.4872],[-119.1163,52.4893],[-119.1138,52.4907],[-119.1127,52.492],[-119.1104,52.4985],[-119.1084,52.4998],[-119.107,52.5007],[-119.1063,52.5018],[-119.1067,52.5033],[-119.1063,52.5044],[-119.1053,52.5057],[-119.103,52.51],[-119.1025,52.512],[-119.104,52.5194],[-119.1047,52.5206],[-119.1064,52.522],[-119.1072,52.5232],[-119.1094,52.5291],[-119.1093,52.5302],[-119.1084,52.5331],[-119.1072,52.535],[-119.1071,52.5365],[-119.1071,52.5393],[-119.1064,52.5426],[-119.1063,52.5443],[-119.1054,52.5458],[-119.1022,52.5532],[-119.1008,52.5553],[-119.1005,52.5571],[-119.1012,52.5602],[-119.1005,52.5619],[-119.098,52.5642],[-119.0975,52.566],[-119.0988,52.5716],[-119.0984,52.5736],[-119.0949,52.5811],[-119.0945,52.583],[-119.0949,52.5852],[-119.0958,52.5872],[-119.1014,52.595],[-119.1071,52.6002],[-119.1084,52.6017],[-119.1101,52.6026],[-119.113,52.6033],[-119.1223,52.6085],[-119.1269,52.6099],[-119.1286,52.611],[-119.132,52.615],[-119.1373,52.6184],[-119.1394,52.6202],[-119.1409,52.6212],[-119.1467,52.6232],[-119.1483,52.6242],[-119.1524,52.6291],[-119.1537,52.6302],[-119.1592,52.6339],[-119.1613,52.6361],[-119.1636,52.6408],[-119.166,52.6433],[-119.1679,52.645],[-119.1702,52.6461],[-119.2,52.6593],[-119.2015,52.6601],[-119.2024,52.661],[-119.2076,52.6671],[-119.2085,52.6685],[-119.2106,52.6719],[-119.2123,52.6738],[-119.213,52.6743],[-119.2141,52.6746],[-119.2153,52.6747],[-119.2179,52.6742],[-119.2193,52.6742],[-119.2235,52.6752],[-119.2254,52.676],[-119.2273,52.6771],[-119.2284,52.6775],[-119.2312,52.6782],[-119.2321,52.6786],[-119.2327,52.6793],[-119.2333,52.6802],[-119.234,52.6809],[-119.2353,52.6815],[-119.2387,52.6822],[-119.2401,52.6827],[-119.2427,52.6841],[-119.2449,52.6861],[-119.246,52.6868],[-119.25,52.6892],[-119.2536,52.6921],[-119.2543,52.6927],[-119.2552,52.694],[-119.2559,52.6947],[-119.2583,52.6962],[-119.2588,52.6966],[-119.2593,52.6972],[-119.2601,52.6992],[-119.2608,52.7],[-119.2615,52.7007],[-119.2635,52.7022],[-119.264,52.7026],[-119.2643,52.7032],[-119.2648,52.7046],[-119.2651,52.7051],[-119.2684,52.7107],[-119.2692,52.7125],[-119.2713,52.7151],[-119.2719,52.716],[-119.2723,52.7168],[-119.2734,52.7207],[-119.2737,52.7221],[-119.2737,52.7235],[-119.2738,52.7244],[-119.2743,52.7268],[-119.2743,52.7275],[-119.2722,52.7347],[-119.2712,52.7393],[-119.2712,52.7399],[-119.2714,52.7405],[-119.2724,52.742],[-119.2726,52.7428],[-119.2727,52.7434],[-119.2727,52.744],[-119.2724,52.7455],[-119.2724,52.7462],[-119.2728,52.7475],[-119.2728,52.7482],[-119.2725,52.7489],[-119.2719,52.7497],[-119.2699,52.7514],[-119.2694,52.7521],[-119.2693,52.7528],[-119.2696,52.7543],[-119.2695,52.7551],[-119.2691,52.7558],[-119.2684,52.7565],[-119.268,52.7574],[-119.2677,52.7588],[-119.2673,52.7595],[-119.2656,52.7612],[-119.2653,52.7617],[-119.2647,52.7654],[-119.2641,52.7673],[-119.2634,52.7684],[-119.2617,52.7699],[-119.2591,52.7739],[-119.2584,52.7753],[-119.2579,52.7769],[-119.2573,52.7784],[-119.2557,52.7812],[-119.2555,52.7821],[-119.2557,52.7829],[-119.2561,52.7847],[-119.2562,52.7856],[-119.2559,52.7865],[-119.2551,52.7872],[-119.2524,52.789],[-119.2516,52.7899],[-119.2498,52.7929],[-119.2487,52.7942],[-119.2471,52.7954],[-119.2453,52.7963],[-119.2297,52.8032],[-119.2274,52.8045],[-119.2255,52.8064],[-119.2242,52.8087],[-119.2239,52.8109],[-119.2246,52.8133],[-119.2262,52.8155],[-119.2287,52.8173],[-119.2389,52.8222],[-119.2743,52.8419],[-119.275,52.8425],[-119.2755,52.8432],[-119.2831,52.8568],[-119.2843,52.8585],[-119.2913,52.8661],[-119.2921,52.8671],[-119.2925,52.8682],[-119.2933,52.8713],[-119.2939,52.8727],[-119.2948,52.8741],[-119.2962,52.8753],[-119.2982,52.8765],[-119.2994,52.8775],[-119.3,52.8786],[-119.3005,52.88],[-119.3009,52.8808],[-119.3017,52.8816],[-119.3032,52.8827],[-119.3109,52.8875],[-119.3126,52.8889],[-119.3158,52.8923],[-119.3178,52.8943],[-119.3202,52.8961],[-119.3252,52.899],[-119.327,52.9003],[-119.332,52.9049],[-119.3335,52.9063],[-119.3381,52.9122],[-119.3408,52.9148],[-119.3473,52.922],[-119.3508,52.9255],[-119.352,52.9263],[-119.3554,52.9279],[-119.3593,52.9301],[-119.3621,52.9313],[-119.3629,52.9318],[-119.3645,52.9333],[-119.3685,52.9361],[-119.37,52.9369],[-119.3732,52.9384],[-119.377,52.9409],[-119.3789,52.9424],[-119.3817,52.9459],[-119.3831,52.948],[-119.3846,52.9512],[-119.3855,52.9524],[-119.3866,52.9535],[-119.3902,52.9558],[-119.3919,52.9565],[-119.3942,52.9573],[-119.396,52.9582],[-119.3994,52.9605],[-119.4002,52.9614],[-119.4003,52.9623],[-119.4,52.9631],[-119.3984,52.9648],[-119.398,52.9657],[-119.3979,52.9665],[-119.3998,52.9721],[-119.3996,52.973],[-119.3988,52.9737],[-119.3975,52.9741],[-119.3961,52.9741],[-119.3949,52.9739],[-119.3892,52.9724],[-119.388,52.9722],[-119.3866,52.9721],[-119.3841,52.9722],[-119.3829,52.9721],[-119.3816,52.9719],[-119.3756,52.9707],[-119.3744,52.9703],[-119.3734,52.9697],[-119.372,52.9694],[-119.3705,52.9694],[-119.3682,52.9697],[-119.3671,52.9696],[-119.3661,52.9694],[-119.3638,52.9685],[-119.3626,52.9682],[-119.3594,52.9678],[-119.3579,52.9673],[-119.3531,52.9653],[-119.3512,52.9647],[-119.3484,52.9642],[-119.3452,52.9638],[-119.3419,52.9637],[-119.3393,52.9638],[-119.3351,52.9648],[-119.3251,52.9664],[-119.3205,52.9675],[-119.3163,52.9688],[-119.3151,52.9693],[-119.3132,52.9705],[-119.3119,52.971],[-119.3103,52.9714],[-119.3093,52.9719],[-119.3085,52.9727],[-119.308,52.9739],[-119.3076,52.9747],[-119.3068,52.9753],[-119.3045,52.9765],[-119.3035,52.9773],[-119.3025,52.9784],[-119.2999,52.9799],[-119.2981,52.9813],[-119.2954,52.9844],[-119.2934,52.986],[-119.2909,52.9877],[-119.284,52.9913],[-119.2822,52.992],[-119.2788,52.9929],[-119.2773,52.9936],[-119.2746,52.9952],[-119.2733,52.9956],[-119.2712,52.9961],[-119.2682,52.9965],[-119.2662,52.9971],[-119.2643,52.998],[-119.2602,53.0008],[-119.2587,53.0017],[-119.2573,53.0021],[-119.2545,53.0024],[-119.2523,53.0031],[-119.2459,53.0055],[-119.2442,53.0065],[-119.2427,53.0075],[-119.2416,53.0089],[-119.2409,53.0094],[-119.2387,53.0103],[-119.2372,53.0112],[-119.236,53.0119],[-119.233,53.013],[-119.2307,53.0137],[-119.228,53.0144],[-119.2251,53.0149],[-119.2191,53.0179],[-119.2178,53.0183],[-119.2159,53.0185],[-119.211,53.0204],[-119.2082,53.021],[-119.2055,53.0219],[-119.2028,53.0224],[-119.2013,53.0231],[-119.198,53.0261],[-119.1965,53.0268],[-119.1952,53.027],[-119.1937,53.027],[-119.1873,53.0254],[-119.185,53.0253],[-119.1818,53.0254],[-119.1766,53.025],[-119.1748,53.0245],[-119.172,53.0233],[-119.1657,53.0216],[-119.1624,53.0209],[-119.1603,53.0202],[-119.1586,53.0196],[-119.1551,53.0178],[-119.1521,53.0168],[-119.1483,53.0159],[-119.1382,53.0139],[-119.1365,53.0138],[-119.1263,53.0141],[-119.1214,53.0139],[-119.1199,53.014],[-119.1176,53.0144],[-119.1137,53.0153],[-119.1103,53.0158],[-119.1077,53.0159],[-119.1049,53.0163],[-119.1031,53.0164],[-119.1015,53.0161],[-119.0998,53.0155],[-119.097,53.0141],[-119.0876,53.0113],[-119.084,53.0098],[-119.0825,53.0093],[-119.0786,53.0086],[-119.0767,53.0079],[-119.0694,53.0037],[-119.0681,53.0031],[-119.0567,52.9991],[-119.0545,52.9985],[-119.037,52.9952],[-119.0345,52.9946],[-119.0314,52.9933],[-119.0297,52.9929],[-119.0271,52.9925],[-119.0241,52.9918],[-119.0112,52.9881],[-118.9959,52.9836],[-118.9848,52.9802],[-118.9749,52.9791],[-118.9718,52.9782],[-118.9681,52.9759],[-118.9648,52.9747],[-118.9543,52.9728],[-118.9517,52.9725],[-118.9438,52.972],[-118.9407,52.9716],[-118.9373,52.9708],[-118.9307,52.9687],[-118.9287,52.9678],[-118.9248,52.9652],[-118.9229,52.9645],[-118.9185,52.9632],[-118.9167,52.9625],[-118.9141,52.9612],[-118.9117,52.9606],[-118.9074,52.9603],[-118.9053,52.9599],[-118.8959,52.9566],[-118.8929,52.9558],[-118.8688,52.9519],[-118.8669,52.9514],[-118.8653,52.9506],[-118.8642,52.9494],[-118.863,52.9475],[-118.8615,52.9461],[-118.8595,52.945],[-118.8451,52.9383],[-118.8418,52.9374],[-118.8357,52.9359],[-118.8318,52.9354],[-118.8253,52.9344],[-118.8224,52.9337],[-118.8194,52.9325],[-118.8168,52.9311],[-118.8127,52.9282],[-118.8098,52.9266],[-118.7992,52.9216],[-118.7969,52.9201],[-118.7936,52.917],[-118.785,52.9121],[-118.7777,52.9086],[-118.7746,52.9076],[-118.7712,52.907],[-118.7694,52.9063],[-118.7608,52.9015],[-118.7584,52.9006],[-118.7538,52.8995],[-118.7518,52.8988],[-118.7452,52.8944],[-118.7437,52.8937],[-118.742,52.8934],[-118.737,52.8936],[-118.7336,52.8933],[-118.7311,52.8927],[-118.7254,52.8904],[-118.7198,52.887],[-118.717,52.8864],[-118.7158,52.8859],[-118.7041,52.8806],[-118.702,52.88],[-118.6986,52.8794],[-118.6959,52.8786],[-118.6898,52.8751],[-118.6881,52.8743],[-118.677,52.8698],[-118.6743,52.8691],[-118.662,52.8672],[-118.6599,52.867],[-118.6537,52.8672],[-118.6513,52.867],[-118.6491,52.8664],[-118.6367,52.862],[-118.6336,52.8611],[-118.6238,52.8595],[-118.6201,52.8585],[-118.6153,52.8562],[-118.6135,52.8556],[-118.6109,52.8555],[-118.6079,52.8559],[-118.6065,52.8558],[-118.6052,52.8555],[-118.6031,52.8545],[-118.6019,52.8542],[-118.5968,52.8538],[-118.5951,52.8534],[-118.5935,52.8527],[-118.5925,52.8524],[-118.5914,52.8523],[-118.5888,52.8523],[-118.5877,52.8522],[-118.5856,52.8518],[-118.5841,52.8518],[-118.5828,52.852],[-118.581,52.8527],[-118.5794,52.8533],[-118.5747,52.8546],[-118.5736,52.855],[-118.5716,52.856],[-118.5691,52.8568],[-118.5679,52.8573],[-118.5661,52.8587],[-118.5631,52.8598],[-118.5592,52.8598],[-118.5555,52.8601],[-118.5528,52.8607],[-118.5506,52.8615],[-118.5418,52.8661],[-118.5385,52.8672],[-118.5245,52.8703],[-118.5158,52.8745],[-118.5132,52.8753],[-118.5067,52.8767],[-118.5045,52.8775],[-118.496,52.8824],[-118.4944,52.8829],[-118.4926,52.8832],[-118.491,52.8838],[-118.49,52.8848],[-118.4884,52.8871],[-118.4872,52.8898],[-118.4861,52.8909],[-118.4843,52.8916],[-118.4823,52.8918],[-118.4714,52.8907],[-118.4692,52.8907],[-118.464,52.8914],[-118.4622,52.8914],[-118.4606,52.8911],[-118.4516,52.8888],[-118.4503,52.8882],[-118.4493,52.8873],[-118.4476,52.8853],[-118.4465,52.8845],[-118.4448,52.8838],[-118.4428,52.8835],[-118.4398,52.8833],[-118.4357,52.8826],[-118.4338,52.8825],[-118.4263,52.8832],[-118.4239,52.8832],[-118.4192,52.8827],[-118.417,52.8826],[-118.3691,52.8842],[-118.3667,52.8842],[-118.3639,52.8838],[-118.3426,52.8785],[-118.3388,52.8777],[-118.3357,52.8774],[-118.3245,52.8777],[-118.3216,52.8775],[-118.3179,52.877],[-118.3037,52.8737],[-118.3008,52.8734],[-118.2948,52.8732],[-118.2898,52.8735],[-118.2839,52.8736],[-118.2815,52.8733],[-118.2796,52.8729],[-118.2771,52.8719],[-118.2755,52.8716],[-118.2604,52.8698],[-118.2549,52.8686],[-118.2527,52.8684],[-118.2473,52.8684],[-118.2407,52.8677],[-118.2393,52.8677],[-118.2363,52.8683],[-118.2349,52.8683],[-118.2315,52.8678],[-118.2291,52.8671],[-118.2253,52.8665],[-118.223,52.8659],[-118.2217,52.8657],[-118.2199,52.8658],[-118.2176,52.8665],[-118.216,52.8666],[-118.2127,52.8665],[-118.2112,52.8665],[-118.2081,52.8668],[-118.2064,52.8668],[-118.2046,52.8665],[-118.2005,52.8652],[-118.1961,52.864],[-118.1946,52.8638],[-118.1931,52.8639],[-118.185,52.8657],[-118.1833,52.866],[-118.1816,52.866],[-118.1789,52.8657],[-118.1757,52.8653],[-118.1709,52.8641],[-118.1681,52.8632],[-118.1663,52.8628],[-118.1579,52.8614],[-118.1551,52.8607],[-118.1534,52.8606],[-118.1504,52.8607],[-118.1484,52.8607],[-118.1452,52.8605],[-118.1434,52.8606],[-118.1369,52.8613],[-118.1347,52.8615],[-118.1227,52.8613],[-118.1208,52.8614],[-118.119,52.8618],[-118.1174,52.8624],[-118.1161,52.8631],[-118.111,52.8665],[-118.1094,52.8671],[-118.1082,52.8673],[-118.1061,52.8672],[-118.1037,52.8673],[-118.097,52.8681],[-118.0951,52.8684],[-118.0924,52.869],[-118.0848,52.871],[-118.0831,52.8716],[-118.082,52.8722],[-118.0811,52.8728],[-118.0802,52.8735],[-118.0798,52.8743],[-118.0749,52.8914],[-118.0737,52.8939],[-118.0725,52.8975],[-118.0717,52.899],[-118.0707,52.9005],[-118.0666,52.9052],[-118.0658,52.9061],[-118.0631,52.9084],[-118.0625,52.9092],[-118.0617,52.9108],[-118.061,52.9115],[-118.0597,52.9126],[-118.0592,52.9133],[-118.0588,52.9151],[-118.0582,52.9159],[-118.0573,52.9165],[-118.0541,52.9183],[-118.0533,52.9189],[-118.0529,52.9197],[-118.0525,52.9209],[-118.052,52.9218],[-118.0511,52.9226],[-118.0452,52.9267],[-118.0443,52.9276],[-118.0438,52.9285],[-118.0438,52.9296],[-118.0445,52.9391],[-118.0447,52.9408],[-118.0573,52.967],[-118.058,52.969],[-118.0651,52.9956],[-118.0664,52.9987],[-118.0912,53.0294],[-118.0926,53.031],[-118.0981,53.0343],[-118.0999,53.0362],[-118.1018,53.0395],[-118.1041,53.0497],[-118.1041,53.0511],[-118.1038,53.0537],[-118.1032,53.0552],[-118.1012,53.0588],[-118.0998,53.06],[-118.0951,53.0629],[-118.0937,53.0641],[-118.0877,53.0697],[-118.0856,53.0712],[-118.0568,53.0866],[-118.044,53.0946],[-118.0408,53.0965],[-118.0278,53.1023],[-118.0258,53.1037],[-118.0243,53.1053],[-118.0234,53.1072],[-118.0224,53.1102],[-118.0186,53.1178],[-118.0174,53.1214],[-118.0163,53.1233],[-118.0143,53.1249],[-118.0101,53.1276],[-118.0088,53.1288],[-118.0082,53.1299],[-118.008,53.1308],[-118.008,53.135],[-118.0075,53.1367],[-118.0064,53.1382],[-117.9908,53.1538],[-117.9897,53.1555],[-117.9893,53.1568],[-117.9894,53.1582],[-117.9922,53.1787],[-117.9922,53.181],[-117.9911,53.1971],[-117.9909,53.1982],[-117.9901,53.1994],[-117.9893,53.2002],[-117.9708,53.2132],[-117.9693,53.2142],[-117.9676,53.215],[-117.956,53.2189],[-117.9055,53.2305],[-117.9027,53.2311],[-117.9007,53.2312],[-117.8985,53.2312],[-117.8825,53.2301],[-117.8806,53.2301],[-117.879,53.2303],[-117.8776,53.2306],[-117.8749,53.2318],[-117.8735,53.2321],[-117.8723,53.2321],[-117.8712,53.232],[-117.8692,53.2316],[-117.8681,53.2315],[-117.867,53.2316],[-117.8661,53.2319],[-117.8653,53.2324],[-117.8649,53.2331],[-117.8648,53.2336],[-117.8649,53.2341],[-117.8653,53.2346],[-117.8659,53.2351],[-117.8696,53.2372],[-117.8703,53.2378],[-117.8705,53.2383],[-117.8706,53.2389],[-117.8704,53.2396],[-117.8681,53.2442],[-117.8678,53.2452],[-117.8677,53.246],[-117.8678,53.2468],[-117.8682,53.2477],[-117.8689,53.2486],[-117.8733,53.2531],[-117.8738,53.2539],[-117.874,53.2546],[-117.8741,53.2552],[-117.8739,53.2559],[-117.8734,53.2568],[-117.8704,53.2601],[-117.87,53.2607],[-117.8698,53.2613],[-117.8697,53.2619],[-117.8698,53.2626],[-117.8701,53.2634],[-117.8722,53.2659],[-117.8725,53.2666],[-117.8726,53.2672],[-117.8725,53.2679],[-117.8722,53.2686],[-117.8698,53.2724],[-117.8694,53.2733],[-117.8692,53.2742],[-117.8688,53.2826],[-117.8686,53.2835],[-117.8683,53.2843],[-117.8649,53.2883],[-117.8644,53.2892],[-117.8642,53.29],[-117.8642,53.2909],[-117.8646,53.2928],[-117.8646,53.2936],[-117.8644,53.2943],[-117.8637,53.2952],[-117.8584,53.2995],[-117.8577,53.3003],[-117.8573,53.301],[-117.857,53.3018],[-117.8569,53.3026],[-117.8564,53.3119],[-117.8562,53.313],[-117.8557,53.314],[-117.8518,53.3192],[-117.851,53.3204],[-117.8507,53.3212],[-117.8501,53.323],[-117.8494,53.3278],[-117.8491,53.3287],[-117.8484,53.3296],[-117.8475,53.3304],[-117.8461,53.3312],[-117.8449,53.3317],[-117.8341,53.336],[-117.8329,53.3364],[-117.8317,53.3366],[-117.8303,53.3367],[-117.829,53.3366],[-117.8247,53.3361],[-117.823,53.336],[-117.8213,53.336],[-117.8195,53.3362],[-117.8177,53.3366],[-117.8053,53.3402],[-117.8034,53.3408],[-117.7968,53.3435],[-117.7953,53.3439],[-117.7927,53.3445],[-117.7915,53.345],[-117.7832,53.3491],[-117.7769,53.3514],[-117.7755,53.352],[-117.7745,53.3526],[-117.7712,53.3552],[-117.77,53.3559],[-117.7671,53.3571],[-117.7657,53.3578],[-117.7649,53.3584],[-117.7644,53.3591],[-117.7639,53.3605],[-117.7634,53.3614],[-117.7627,53.3622],[-117.7618,53.363],[-117.7607,53.3638],[-117.7518,53.3689],[-117.7508,53.3695],[-117.7497,53.3698],[-117.7487,53.37],[-117.7432,53.3708],[-117.7419,53.3709],[-117.7406,53.3709],[-117.7394,53.3707],[-117.7339,53.3693],[-117.7326,53.3688],[-117.7315,53.3681],[-117.7298,53.3662],[-117.7288,53.3655],[-117.7275,53.3649],[-117.7259,53.3645],[-117.7243,53.3643],[-117.7202,53.3643],[-117.7185,53.3644],[-117.7172,53.3646],[-117.716,53.3649],[-117.7145,53.3655],[-117.7095,53.3683],[-117.7081,53.3689],[-117.6764,53.3781],[-117.6741,53.3785],[-117.6682,53.3793],[-117.6666,53.3794],[-117.6645,53.3793],[-117.6625,53.379],[-117.6607,53.3784],[-117.659,53.3777],[-117.6564,53.3759],[-117.6552,53.3754],[-117.6536,53.3752],[-117.6521,53.3752],[-117.6507,53.3755],[-117.6495,53.3761],[-117.6468,53.3779],[-117.6419,53.3814],[-117.6407,53.382],[-117.6388,53.3828],[-117.6223,53.388],[-117.6207,53.3888],[-117.6153,53.3919],[-117.613,53.3931],[-117.6051,53.3963],[-117.6023,53.3973],[-117.5836,53.4022],[-117.5805,53.4029],[-117.5754,53.4034],[-117.5737,53.4037],[-117.5722,53.4043],[-117.5663,53.408],[-117.5634,53.4094],[-117.5194,53.4257],[-117.5153,53.4275],[-117.5037,53.4332],[-117.5016,53.4344],[-117.4998,53.4357],[-117.4903,53.4434],[-117.4891,53.4443],[-117.4876,53.445],[-117.4856,53.4455],[-117.4721,53.4484],[-117.4696,53.449],[-117.4676,53.4497],[-117.4644,53.4511],[-117.4505,53.4586],[-117.4481,53.4603],[-117.4359,53.4719],[-117.4335,53.4737],[-117.4313,53.4746],[-117.429,53.4753],[-117.4267,53.4757],[-117.4145,53.4774],[-117.4123,53.4779],[-117.4103,53.4786],[-117.3977,53.4849],[-117.3961,53.4856],[-117.3866,53.488],[-117.3844,53.4887],[-117.382,53.4898],[-117.3769,53.4922],[-117.3732,53.4941],[-117.3715,53.4951],[-117.3699,53.4963],[-117.3623,53.5028],[-117.3608,53.5039],[-117.3525,53.5095],[-117.3405,53.5166],[-117.3384,53.5175],[-117.312,53.5281],[-117.3103,53.5287],[-117.3086,53.5291],[-117.2948,53.5314],[-117.2912,53.532],[-117.2892,53.5326],[-117.2873,53.5335],[-117.2857,53.5345],[-117.2844,53.5358],[-117.2815,53.5393],[-117.2803,53.5404],[-117.2788,53.5415],[-117.277,53.5424],[-117.2675,53.5464],[-117.2658,53.5472],[-117.2645,53.5479],[-117.261,53.5505],[-117.2599,53.5511],[-117.2584,53.5518],[-117.2567,53.5522],[-117.2331,53.5557],[-117.2299,53.5557],[-117.22,53.5547],[-117.2179,53.5547],[-117.2161,53.5548],[-117.2145,53.555],[-117.213,53.5553],[-117.2051,53.558],[-117.2029,53.5586],[-117.2011,53.5589],[-117.1991,53.559],[-117.1967,53.559],[-117.1821,53.5579],[-117.1785,53.5575],[-117.164,53.5544],[-117.1612,53.5536],[-117.1524,53.5509],[-117.15,53.55],[-117.1469,53.5484],[-117.1328,53.5399],[-117.1308,53.5388],[-117.1289,53.538],[-117.1266,53.5371],[-117.1243,53.5365],[-117.1219,53.536],[-117.1193,53.5356],[-117.1167,53.5354],[-117.0671,53.5344],[-117.0625,53.5339],[-117.059,53.5333],[-117.0557,53.5323],[-117.0419,53.5272],[-117.0399,53.5266],[-117.038,53.5263],[-117.0361,53.5262],[-117.0343,53.5265],[-117.0324,53.5269],[-117.0304,53.5278],[-117.0133,53.5394],[-117.0111,53.5406],[-117.0093,53.5413],[-117.0074,53.5418],[-117.0051,53.5419],[-116.9925,53.5408],[-116.9906,53.5406],[-116.989,53.5402],[-116.9855,53.539],[-116.9839,53.5386],[-116.9824,53.5383],[-116.9808,53.5382],[-116.9792,53.5382],[-116.9775,53.5384],[-116.969,53.5402],[-116.9676,53.5404],[-116.966,53.5406],[-116.9619,53.5406],[-116.9601,53.5407],[-116.9582,53.5411],[-116.95,53.5433],[-116.9483,53.5436],[-116.9464,53.5438],[-116.9446,53.5439],[-116.9429,53.5438],[-116.9407,53.5435],[-116.9388,53.5431],[-116.9371,53.5426],[-116.9354,53.5418],[-116.934,53.541],[-116.9329,53.5401],[-116.9298,53.5374],[-116.9287,53.5366],[-116.9276,53.536],[-116.9263,53.5356],[-116.9249,53.5354],[-116.9168,53.535],[-116.915,53.5348],[-116.9034,53.533],[-116.9018,53.5328],[-116.9002,53.5328],[-116.8987,53.533],[-116.8972,53.5334],[-116.8959,53.5339],[-116.8854,53.5391],[-116.8839,53.5397],[-116.8826,53.5401],[-116.8811,53.5403],[-116.8798,53.5404],[-116.8781,53.5403],[-116.8764,53.54],[-116.8749,53.5396],[-116.8616,53.533],[-116.858,53.5315],[-116.8541,53.5303],[-116.8496,53.5294],[-116.8472,53.529],[-116.8448,53.5288],[-116.8425,53.5287],[-116.832,53.5287],[-116.8297,53.5289],[-116.8279,53.5292],[-116.826,53.5297],[-116.8244,53.5303],[-116.8226,53.5311],[-116.7928,53.5483],[-116.7906,53.5494],[-116.7888,53.5501],[-116.7866,53.5506],[-116.7841,53.5508],[-116.7344,53.5512],[-116.7311,53.5511],[-116.7283,53.5509],[-116.7259,53.5505],[-116.6918,53.5438],[-116.6898,53.5434],[-116.6883,53.5433],[-116.6027,53.5447],[-116.5999,53.5449],[-116.5983,53.5451],[-116.5876,53.5474],[-116.5863,53.5478],[-116.585,53.5484],[-116.5839,53.5492],[-116.5785,53.5541],[-116.5776,53.5548],[-116.5767,53.5552],[-116.5755,53.5556],[-116.574,53.5558],[-116.5725,53.5558],[-116.571,53.5555],[-116.5649,53.5536],[-116.5633,53.5532],[-116.5619,53.5531],[-116.5603,53.5531],[-116.5412,53.5547],[-116.5388,53.555],[-116.5364,53.5554],[-116.4845,53.5642],[-116.4819,53.5647],[-116.4798,53.5653],[-116.3843,53.593],[-116.3821,53.5938],[-116.38,53.5947],[-116.3778,53.596],[-116.3757,53.5974],[-116.3633,53.6078],[-116.3589,53.6113],[-116.3574,53.6124],[-116.3559,53.6133],[-116.3544,53.614],[-116.3516,53.6151],[-116.31,53.6294],[-116.3068,53.6304],[-116.304,53.631],[-116.2943,53.6322],[-116.2866,53.633],[-116.2833,53.6335],[-116.2779,53.634],[-116.2622,53.636],[-116.2585,53.6365],[-116.2558,53.6371],[-116.2519,53.6381],[-116.197,53.6535],[-116.1947,53.6543],[-116.1924,53.6553],[-116.1907,53.6562],[-116.1889,53.6573],[-116.1824,53.662],[-116.1802,53.6632],[-116.1704,53.668],[-116.1682,53.6688],[-116.1659,53.6694],[-116.1636,53.6698],[-116.1611,53.67],[-116.1588,53.67],[-116.1556,53.6697],[-116.1193,53.6656],[-116.1164,53.6653],[-116.1133,53.6652],[-116.0961,53.6655],[-116.0927,53.6655],[-116.0899,53.6652],[-116.0521,53.6597],[-116.047,53.6593],[-116.0429,53.6593],[-115.9527,53.6651],[-115.9504,53.6652],[-115.9482,53.6651],[-115.9461,53.6648],[-115.9431,53.6642],[-115.9408,53.6634],[-115.9392,53.6626],[-115.9232,53.6543],[-115.9217,53.6535],[-115.9201,53.653],[-115.9185,53.6527],[-115.9166,53.6525],[-115.9149,53.6525],[-115.8585,53.6562],[-115.8548,53.6563],[-115.7042,53.6574],[-115.7015,53.6573],[-115.6994,53.6572],[-115.6973,53.6568],[-115.6937,53.6561],[-115.6554,53.6474],[-115.653,53.647],[-115.6505,53.6467],[-115.6481,53.6465],[-115.6452,53.6464],[-115.597,53.6466],[-115.5948,53.6465],[-115.5902,53.6461],[-115.5879,53.6456],[-115.5146,53.6277],[-115.5101,53.6266],[-115.4629,53.6198],[-115.4577,53.6194],[-115.4561,53.6192],[-115.4406,53.617],[-115.4385,53.6168],[-115.4367,53.6169],[-115.4348,53.6173],[-115.4175,53.6218],[-115.4157,53.6222],[-115.4141,53.6223],[-115.4126,53.6222],[-115.4094,53.6217],[-115.4078,53.6216],[-115.4067,53.6216],[-115.3977,53.6227],[-115.3961,53.6228],[-115.3948,53.6228],[-115.3712,53.6198],[-115.3693,53.6195],[-115.3682,53.6191],[-115.3595,53.6149],[-115.3578,53.6143],[-115.3564,53.6139],[-115.3543,53.6136],[-115.2847,53.6046],[-115.2822,53.6043],[-115.28,53.6043],[-115.2776,53.6044],[-115.2755,53.6047],[-115.2313,53.6115],[-115.2292,53.6117],[-115.2275,53.6118],[-115.1483,53.6055],[-115.1463,53.6051],[-115.1436,53.604],[-115.1421,53.6036],[-115.1405,53.6033],[-115.1385,53.6031],[-115.0366,53.5934],[-115.0344,53.5934],[-115.0317,53.5934],[-115.0293,53.5936],[-115.0263,53.594],[-115.0175,53.5956],[-115.0154,53.5958],[-115.0132,53.5956],[-115.0086,53.5945],[-114.9963,53.5913],[-114.9943,53.591],[-114.9925,53.5909],[-114.9908,53.5911],[-114.9888,53.5915],[-114.9447,53.6024],[-114.9428,53.6028],[-114.9276,53.6053],[-114.9256,53.6055],[-114.9234,53.6055],[-114.9216,53.6053],[-114.9199,53.605],[-114.9178,53.6044],[-114.8954,53.5946],[-114.8936,53.5939],[-114.892,53.5937],[-114.8904,53.5936],[-114.8887,53.5936],[-114.8713,53.5952],[-114.8692,53.5954],[-114.8675,53.5953],[-114.8658,53.5951],[-114.8643,53.5947],[-114.8631,53.5943],[-114.8428,53.5841],[-114.841,53.5835],[-114.8392,53.583],[-114.8368,53.5825],[-114.8342,53.5823],[-114.8317,53.5823],[-114.7726,53.5845],[-114.7709,53.5845],[-114.7693,53.5843],[-114.7679,53.584],[-114.7477,53.5791],[-114.7453,53.5785],[-114.7422,53.5781],[-114.7328,53.5772],[-114.7308,53.5769],[-114.7279,53.5762],[-114.721,53.5742],[-114.7194,53.5738],[-114.7179,53.5736],[-114.7163,53.5735],[-114.7146,53.5737],[-114.713,53.574],[-114.7116,53.5744],[-114.7091,53.5755],[-114.7045,53.5771],[-114.7014,53.578],[-114.6996,53.5783],[-114.6978,53.5785],[-114.6956,53.5784],[-114.6904,53.5781],[-114.6881,53.578],[-114.6863,53.5782],[-114.6847,53.5784],[-114.6779,53.5798],[-114.676,53.5799],[-114.6741,53.5797],[-114.6531,53.5758],[-114.638,53.5722],[-114.6348,53.5716],[-114.6328,53.5715],[-114.6307,53.5717],[-114.6254,53.5729],[-114.6237,53.5731],[-114.6216,53.5732],[-114.6195,53.5731],[-114.6174,53.5727],[-114.6155,53.5722],[-114.6084,53.5698],[-114.6064,53.5695],[-114.5902,53.5678],[-114.5887,53.5677],[-114.5871,53.5678],[-114.5858,53.5681],[-114.5827,53.5691],[-114.5814,53.5694],[-114.5792,53.5696],[-114.578,53.5695],[-114.5767,53.5693],[-114.5683,53.5668],[-114.5661,53.5662],[-114.5642,53.5659],[-114.557,53.5654],[-114.5546,53.565],[-114.5512,53.5642],[-114.543,53.5618],[-114.5404,53.5611],[-114.536,53.5604],[-114.4974,53.5567],[-114.4949,53.5565],[-114.4917,53.5565],[-114.4636,53.5573],[-114.4612,53.5572],[-114.4596,53.557],[-114.4575,53.5566],[-114.4552,53.5559],[-114.4531,53.5548],[-114.4389,53.5437],[-114.4373,53.5426],[-114.4359,53.5417],[-114.4339,53.5408],[-114.4315,53.5398],[-114.4293,53.5391],[-114.4265,53.5384],[-114.3798,53.5284],[-114.3777,53.528],[-114.3753,53.5277],[-114.3052,53.5207],[-114.3021,53.5204],[-114.2999,53.5204],[-114.2664,53.5244],[-114.2639,53.5245],[-114.2615,53.5245],[-114.2592,53.5243],[-114.252,53.5232],[-114.2497,53.523],[-114.2477,53.523],[-114.2452,53.5232],[-114.2431,53.5236],[-114.2412,53.5241],[-114.239,53.525],[-114.2372,53.5261],[-114.235,53.5278],[-114.234,53.5284],[-114.2327,53.5289],[-114.2312,53.5292],[-114.2292,53.5294],[-114.1394,53.5333],[-114.1051,53.5365],[-114.1014,53.5367],[-114.0849,53.5365],[-114.0824,53.5364],[-114.08,53.5362],[-114.0777,53.5357],[-114.0754,53.535],[-114.064,53.5305],[-114.0608,53.5295],[-114.0585,53.5289],[-114.0555,53.5284],[-114.0524,53.5281],[-114.0493,53.5281],[-114.0461,53.5282],[-114.0425,53.5286],[-113.901,53.541],[-113.8982,53.5411],[-113.8952,53.541],[-113.8692,53.5398],[-113.8664,53.5397],[-113.864,53.5398],[-113.8612,53.5401],[-113.7478,53.5541],[-113.7438,53.5545],[-113.7038,53.5562],[-113.7003,53.5565],[-113.6972,53.557],[-113.5828,53.5828],[-113.5799,53.5833],[-113.5774,53.5835],[-113.5748,53.5836],[-113.5375,53.5836],[-113.5345,53.5833],[-113.5335,53.5831],[-113.5302,53.5818],[-113.5287,53.5814],[-113.5274,53.5812],[-113.526,53.5812],[-113.5272,53.5812],[-113.5287,53.5813],[-113.5292,53.5812],[-113.5297,53.5811],[-113.53,53.581],[-113.5304,53.5807],[-113.5307,53.5804],[-113.5309,53.5797],[-113.5309,53.5789],[-113.5307,53.5804],[-113.5304,53.5807],[-113.53,53.5809],[-113.5292,53.5812],[-113.5287,53.5812],[-113.5276,53.5812],[-113.5259,53.5812],[-113.5186,53.5812],[-113.5175,53.5814],[-113.5147,53.5821],[-113.5135,53.5822],[-113.512,53.5822],[-113.5076,53.5817],[-113.5063,53.5816],[-113.5003,53.5817],[-113.4925,53.5833],[-113.4822,53.5833],[-113.4783,53.5836],[-113.4365,53.5835],[-113.4164,53.5836],[-113.4147,53.5835],[-113.4128,53.5832],[-113.4112,53.5829],[-113.3664,53.572],[-113.3644,53.5715],[-113.3627,53.5714],[-113.361,53.5714],[-113.3593,53.5717],[-113.3576,53.5722],[-113.3506,53.5753],[-113.3491,53.5759],[-113.3475,53.5764],[-113.3455,53.5767],[-113.3104,53.58],[-113.2999,53.5808],[-113.2981,53.581],[-113.2963,53.5809],[-113.2943,53.5807],[-113.2925,53.5803],[-113.2624,53.573],[-113.2604,53.5725],[-113.259,53.5719],[-113.2575,53.5713],[-113.2298,53.5564],[-113.2275,53.5555],[-113.2251,53.5547],[-113.2229,53.5541],[-113.2204,53.5536],[-113.2175,53.5533],[-113.2141,53.5531],[-113.2101,53.5533],[-113.2069,53.5536],[-113.1769,53.5591],[-113.1741,53.5595],[-113.1713,53.5597],[-113.1683,53.5597],[-113.1647,53.5594],[-113.161,53.5588],[-113.158,53.5579],[-113.1554,53.557],[-113.153,53.5557],[-113.1186,53.5331],[-113.1164,53.5319],[-113.1137,53.5306],[-113.0608,53.5114],[-113.058,53.5102],[-113.0384,53.5003],[-113.0369,53.4997],[-113.0351,53.4991],[-113.0191,53.4948],[-113.0169,53.494],[-113.0148,53.4931],[-112.9786,53.476],[-112.9753,53.4747],[-112.866,53.4318],[-112.8632,53.4303],[-112.8508,53.4218],[-112.8495,53.4209],[-112.8472,53.4198],[-112.8397,53.4167],[-112.8379,53.4159],[-112.8356,53.4146],[-112.8197,53.4049],[-112.8166,53.4034],[-112.8096,53.4009],[-112.8072,53.3998],[-112.7926,53.3927],[-112.7899,53.3916],[-112.7875,53.3908],[-112.7847,53.3901],[-112.7659,53.3861],[-112.763,53.3856],[-112.761,53.3855],[-112.7587,53.3855],[-112.7563,53.3858],[-112.7446,53.3875],[-112.7424,53.3877],[-112.7407,53.3877],[-112.7386,53.3875],[-112.7367,53.3872],[-112.7347,53.3866],[-112.7208,53.3809],[-112.7181,53.3798],[-112.7158,53.3791],[-112.6414,53.3611],[-112.6391,53.3604],[-112.6373,53.3598],[-112.6352,53.3589],[-112.6338,53.3581],[-112.632,53.357],[-112.6303,53.3557],[-112.6188,53.346],[-112.6165,53.3443],[-112.614,53.3428],[-112.6116,53.3417],[-112.6085,53.3406],[-112.4898,53.3057],[-112.3671,53.2693],[-112.3063,53.2514],[-112.1174,53.195],[-111.9177,53.1349],[-111.7453,53.0826],[-111.7431,53.0819],[-111.6356,53.0417],[-111.4815,52.9836],[-111.4786,52.9823],[-111.4026,52.9417],[-111.4011,52.9409],[-111.3992,52.9401],[-111.3629,52.9266],[-111.3595,52.9255],[-111.2975,52.9084],[-111.2962,52.9081],[-111.2946,52.9079],[-111.2929,52.9078],[-111.2909,52.9079],[-111.2888,52.9081],[-111.2872,52.9085],[-111.266,52.9142],[-111.2638,52.9146],[-111.2609,52.915],[-111.2584,52.9151],[-111.2557,52.9151],[-111.2532,52.915],[-111.2508,52.9147],[-111.2064,52.9063],[-111.2038,52.9058],[-111.202,52.9053],[-111.1618,52.8919],[-111.1605,52.8913],[-111.1508,52.8854],[-111.1494,52.8848],[-111.1481,52.8845],[-111.1465,52.8842],[-111.1421,52.8842],[-111.1402,52.884],[-111.1385,52.8837],[-111.1366,52.883],[-111.1308,52.8803],[-111.1293,52.8795],[-111.1282,52.8785],[-111.1264,52.8766],[-111.1252,52.8758],[-111.124,52.8751],[-111.1184,52.8726],[-111.1167,52.872],[-111.1152,52.8716],[-111.1136,52.8715],[-111.1075,52.8711],[-111.1056,52.8709],[-111.0974,52.8694],[-111.0958,52.8693],[-111.0914,52.8692],[-111.0895,52.8693],[-111.0877,52.8696],[-111.0861,52.87],[-111.0845,52.8708],[-111.0799,52.873],[-111.078,52.8738],[-111.0756,52.8744],[-111.0506,52.8779],[-111.0488,52.8783],[-111.0475,52.8788],[-111.0421,52.8821],[-111.0406,52.8828],[-111.0396,52.8832],[-111.0342,52.8846],[-111.0303,52.8852],[-111.0281,52.8854],[-111.0264,52.8855],[-111.0244,52.8854],[-111.0221,52.8852],[-110.9894,52.8793],[-110.9858,52.8788],[-110.9753,52.8777],[-110.9729,52.8774],[-110.9704,52.8768],[-110.9686,52.876],[-110.961,52.8721],[-110.9576,52.8706],[-110.7544,52.7882],[-110.7522,52.7874],[-110.7498,52.7867],[-110.7474,52.7861],[-110.7441,52.7857],[-110.701,52.7829],[-110.6988,52.7829],[-110.6968,52.783],[-110.6951,52.7833],[-110.6406,52.7959],[-110.6385,52.7963],[-110.6368,52.7966],[-110.6349,52.7967],[-110.6329,52.7966],[-110.6311,52.7964],[-110.6168,52.7943],[-110.6151,52.7942],[-110.6135,52.7941],[-110.6116,52.7942],[-110.6096,52.7946],[-110.6082,52.7949],[-110.6004,52.7977],[-110.5983,52.7984],[-110.5959,52.7989],[-110.5938,52.7993],[-110.5911,52.7996],[-110.5868,52.7997],[-110.5709,52.7989],[-110.5691,52.7987],[-110.5673,52.7984],[-110.5656,52.7979],[-110.535,52.7863],[-110.5313,52.7848],[-110.492,52.7676],[-110.4898,52.7669],[-110.451,52.7548],[-110.3631,52.7217],[-110.3602,52.7208],[-110.358,52.7202],[-110.3556,52.7197],[-110.2401,52.7039],[-110.2159,52.6991],[-110.2137,52.6987],[-110.2111,52.6984],[-110.1606,52.6939],[-110.0945,52.6855],[-110.0907,52.685],[-110.0882,52.6848],[-110.0858,52.685],[-110.0837,52.6852],[-110.0708,52.6877],[-110.0667,52.6882],[-109.9938,52.6952],[-109.9898,52.6954],[-109.9857,52.6953],[-109.9806,52.695],[-109.9786,52.6948],[-109.9731,52.6941],[-109.9714,52.694],[-109.9699,52.6941],[-109.9683,52.6944],[-109.9543,52.6974],[-109.948,52.6986],[-109.9448,52.6988],[-109.943,52.6988],[-109.9411,52.6986],[-109.9214,52.6956],[-109.9188,52.6953],[-109.8409,52.6862],[-109.8383,52.686],[-109.8355,52.686],[-109.833,52.6861],[-109.7996,52.6891],[-109.7975,52.6894],[-109.7951,52.6898],[-109.7637,52.6969],[-109.7626,52.6971],[-109.7611,52.6972],[-109.7601,52.6971],[-109.7428,52.6954],[-109.7411,52.6951],[-109.7396,52.6947],[-109.7383,52.6941],[-109.7374,52.6934],[-109.7366,52.6927],[-109.736,52.6918],[-109.7357,52.6909],[-109.7356,52.688],[-109.7353,52.6868],[-109.7265,52.6671],[-109.7253,52.6645],[-109.7248,52.6636],[-109.7241,52.6628],[-109.7232,52.6618],[-109.7219,52.6609],[-109.7204,52.66],[-109.7188,52.6593],[-109.7172,52.6587],[-109.6901,52.6517],[-109.6886,52.6514],[-109.6859,52.6511],[-109.6594,52.6502],[-109.6568,52.6499],[-109.6552,52.6496],[-109.6258,52.6421],[-109.6243,52.6416],[-109.6106,52.6362],[-109.6085,52.6355],[-109.6059,52.635],[-109.5615,52.6281],[-109.5575,52.6273],[-109.5557,52.6268],[-109.5326,52.619],[-109.5302,52.6185],[-109.5289,52.6182],[-109.4807,52.6136],[-109.4791,52.6133],[-109.4778,52.6129],[-109.4765,52.6124],[-109.4755,52.6118],[-109.4539,52.596],[-109.4525,52.5952],[-109.451,52.5946],[-109.4473,52.5934],[-109.4446,52.5925],[-109.442,52.5913],[-109.4248,52.5829],[-109.4217,52.5816],[-109.3513,52.5524],[-109.3494,52.5515],[-109.3023,52.5279],[-109.3005,52.5269],[-109.2994,52.5262],[-109.2984,52.5253],[-109.2904,52.5176],[-109.2889,52.5163],[-109.2873,52.5153],[-109.2856,52.5145],[-109.2761,52.5109],[-109.2744,52.51],[-109.2729,52.5089],[-109.2677,52.504],[-109.2653,52.502],[-109.2645,52.5015],[-109.262,52.5002],[-109.2608,52.4993],[-109.26,52.4984],[-109.2545,52.4892],[-109.2536,52.488],[-109.2525,52.4869],[-109.2434,52.4789],[-109.2378,52.4731],[-109.2361,52.4716],[-109.2348,52.4706],[-109.2332,52.4695],[-109.2315,52.4684],[-109.2286,52.4669],[-109.2265,52.4661],[-109.2224,52.4647],[-109.2043,52.4605],[-109.2023,52.4599],[-109.201,52.4594],[-109.1884,52.4529],[-109.1602,52.4411],[-109.1285,52.4276],[-109.1169,52.4228],[-109.1155,52.4224],[-109.1126,52.4217],[-109.0919,52.4179],[-109.09,52.4175],[-109.0881,52.417],[-109.0644,52.4098],[-109.0544,52.4068],[-109.0493,52.4053],[-109.0468,52.4046],[-108.9949,52.394],[-108.9931,52.3936],[-108.9901,52.3927],[-108.9888,52.3922],[-108.9618,52.3813],[-108.9593,52.3805],[-108.9575,52.38],[-108.9547,52.3794],[-108.7903,52.3582],[-108.7878,52.3577],[-108.7854,52.3572],[-108.7827,52.3563],[-108.7528,52.3453],[-108.751,52.3444],[-108.7492,52.3435],[-108.6259,52.2724],[-108.6236,52.2713],[-108.621,52.2701],[-108.5909,52.258],[-108.5887,52.2569],[-108.5869,52.2559],[-108.5854,52.2549],[-108.5639,52.24],[-108.5615,52.2387],[-108.4979,52.2129],[-108.4959,52.212],[-108.4946,52.2112],[-108.4936,52.2104],[-108.4885,52.2057],[-108.4875,52.2049],[-108.4865,52.2044],[-108.4854,52.2039],[-108.484,52.2036],[-108.4074,52.1875],[-108.3359,52.1724],[-108.2079,52.1452],[-108.1983,52.143],[-108.1526,52.1313],[-108.151,52.1307],[-108.1192,52.1174],[-108.1172,52.1166],[-108.1066,52.1133],[-108.1047,52.1127],[-108.1031,52.1119],[-108.1017,52.111],[-108.091,52.102],[-108.0899,52.1008],[-108.0891,52.0998],[-108.0884,52.0985],[-108.088,52.0971],[-108.0876,52.0945],[-108.0871,52.0933],[-108.0863,52.0919],[-108.085,52.0907],[-108.0835,52.0897],[-108.0807,52.0881],[-108.0748,52.0848],[-108.0728,52.0838],[-108.0706,52.0829],[-107.9968,52.0559],[-107.9309,52.0391],[-107.9291,52.0388],[-107.9273,52.0388],[-107.9256,52.0388],[-107.9132,52.0402],[-107.8908,52.0412],[-107.8883,52.0411],[-107.8819,52.0406],[-107.8792,52.0406],[-107.8682,52.041],[-107.8667,52.041],[-107.865,52.0407],[-107.8558,52.038],[-107.854,52.0376],[-107.8522,52.0373],[-107.8505,52.0373],[-107.8485,52.0374],[-107.8203,52.0407],[-107.8171,52.0409],[-107.783,52.0408],[-107.7812,52.0408],[-107.7786,52.0405],[-107.7757,52.04],[-107.7728,52.0392],[-107.767,52.0372],[-107.7654,52.0367],[-107.7638,52.0363],[-107.7432,52.0319],[-107.7415,52.0315],[-107.7398,52.0308],[-107.7382,52.03],[-107.7305,52.0252],[-107.7288,52.0244],[-107.7269,52.0238],[-107.7028,52.0184],[-107.7007,52.0179],[-107.6984,52.0176],[-107.6957,52.0174],[-107.6929,52.0174],[-107.6901,52.0175],[-107.6869,52.0179],[-107.6655,52.0223],[-107.6625,52.0228],[-107.6577,52.0231],[-107.6165,52.0244],[-107.614,52.0246],[-107.6115,52.0249],[-107.4918,52.0478],[-107.4888,52.0484],[-107.3484,52.0856],[-107.1985,52.1251],[-107.1969,52.1255],[-107.1952,52.1257],[-107.1937,52.1257],[-107.192,52.1256],[-107.1904,52.1254],[-107.1885,52.125],[-107.1866,52.1243],[-107.1845,52.1232],[-107.1757,52.1175],[-107.1743,52.1167],[-107.1727,52.116],[-107.1707,52.1154],[-107.1242,52.1058],[-107.1217,52.1055],[-107.1191,52.1052],[-107.1164,52.1051],[-107.1126,52.1052],[-106.9449,52.1114],[-106.9414,52.1114],[-106.7865,52.1073],[-106.7849,52.1071],[-106.7759,52.1054],[-106.7614,52.1035],[-106.759,52.1033],[-106.7487,52.1031],[-106.7471,52.1031],[-106.7449,52.1034],[-106.7421,52.1041],[-106.7315,52.1052],[-106.7268,52.1052],[-106.7232,52.1056],[-106.7215,52.1056],[-106.7203,52.1056],[-106.7191,52.1054],[-106.714,52.1037],[-106.7048,52.1011],[-106.7025,52.1003],[-106.7006,52.0996],[-106.6987,52.0986],[-106.6879,52.0933],[-106.6864,52.0926],[-106.6843,52.0919],[-106.6025,52.0695],[-106.5888,52.0657],[-106.4657,52.0318],[-106.4629,52.0309],[-106.4586,52.0291],[-106.3115,51.9661],[-106.3057,51.9637],[-106.3032,51.9629],[-106.3007,51.9622],[-106.177,51.9336],[-106.174,51.9328],[-106.0807,51.9008],[-106.0682,51.8964],[-105.9218,51.8457],[-105.7884,51.7937],[-105.7862,51.7925],[-105.7125,51.7428],[-105.7102,51.7415],[-105.7075,51.7403],[-105.7046,51.7394],[-105.5247,51.6909],[-105.5216,51.69],[-105.2974,51.6099],[-105.1066,51.5412],[-104.923,51.4745],[-104.7202,51.4003],[-104.7179,51.3996],[-104.7159,51.3992],[-104.7139,51.3991],[-104.7121,51.3991],[-104.7099,51.3993],[-104.7075,51.3999],[-104.6739,51.411],[-104.6721,51.4115],[-104.6701,51.4118],[-104.6669,51.4119],[-104.6221,51.4111],[-104.6185,51.4112],[-104.5792,51.4164],[-104.577,51.4166],[-104.5753,51.4165],[-104.5733,51.4162],[-104.4162,51.3857],[-104.3609,51.3736],[-104.3576,51.373],[-104.3548,51.3727],[-104.3523,51.3726],[-104.3497,51.3727],[-104.3237,51.3753],[-104.3194,51.3755],[-104.317,51.3755],[-104.2988,51.3745],[-104.2961,51.3743],[-104.2937,51.3737],[-104.283,51.3705],[-104.2805,51.3696],[-104.2558,51.3584],[-104.2534,51.3576],[-104.2506,51.357],[-104.2477,51.3569],[-104.211,51.3599],[-104.2083,51.3599],[-104.2062,51.3597],[-104.2044,51.3593],[-104.1821,51.3517],[-104.1795,51.3513],[-104.1768,51.3511],[-104.1501,51.3513],[-104.148,51.3511],[-104.1188,51.3478],[-104.1168,51.3475],[-104.1149,51.3471],[-103.9606,51.3052],[-103.9585,51.3045],[-103.9341,51.2949],[-103.9321,51.2942],[-103.9297,51.2938],[-103.7964,51.2766],[-103.794,51.2762],[-103.7912,51.2755],[-103.7222,51.2577],[-103.7195,51.2569],[-103.5648,51.1942],[-103.3527,51.1191],[-103.1954,51.063],[-103.0044,50.9945],[-102.8331,50.9328],[-102.8308,50.932],[-102.8076,50.9259],[-102.7525,50.9117],[-102.6182,50.8767],[-102.3545,50.8074],[-102.0753,50.7332],[-101.842,50.6705],[-101.8404,50.6702],[-101.839,50.67],[-101.8374,50.67],[-101.8358,50.6701],[-101.8344,50.6704],[-101.8224,50.6742],[-101.8203,50.6747],[-101.8184,50.675],[-101.8169,50.6751],[-101.8151,50.675],[-101.8133,50.6748],[-101.8115,50.6744],[-101.8099,50.6739],[-101.8082,50.6731],[-101.7,50.6086],[-101.5463,50.5168],[-101.5422,50.5143],[-101.5411,50.5134],[-101.5386,50.5111],[-101.537,50.5099],[-101.5351,50.509],[-101.533,50.5084],[-101.5218,50.5064],[-101.5202,50.5062],[-101.5128,50.5059],[-101.5106,50.5056],[-101.4997,50.5039],[-101.4977,50.5034],[-101.486,50.4997],[-101.4778,50.4964],[-101.4763,50.4957],[-101.4676,50.4897],[-101.4659,50.4883],[-101.4635,50.4857],[-101.4556,50.4755],[-101.4546,50.4744],[-101.4534,50.4734],[-101.4519,50.4725],[-101.4466,50.4696],[-101.4299,50.4599],[-101.4158,50.4513],[-101.4136,50.4501],[-101.4121,50.4496],[-101.4107,50.4491],[-101.409,50.4487],[-101.4074,50.4484],[-101.4056,50.4483],[-101.3866,50.4474],[-101.3495,50.4467],[-101.3471,50.4468],[-101.345,50.4471],[-101.334,50.449],[-101.3322,50.4492],[-101.3308,50.4491],[-101.3066,50.4474],[-101.305,50.4471],[-101.3036,50.4467],[-101.3024,50.4462],[-101.3013,50.4455],[-101.2921,50.4385],[-101.2765,50.4232],[-101.2751,50.4223],[-101.2616,50.414],[-101.2598,50.4127],[-101.2501,50.404],[-101.2486,50.4024],[-101.224,50.3702],[-101.2232,50.369],[-101.2188,50.3592],[-101.2179,50.3577],[-101.2011,50.337],[-101.2001,50.3357],[-101.1989,50.3334],[-101.1929,50.3205],[-101.1918,50.3176],[-101.1913,50.315],[-101.1911,50.3129],[-101.1909,50.2953],[-101.1907,50.2933],[-101.1899,50.2878],[-101.1898,50.2867],[-101.1904,50.2812],[-101.1903,50.2801],[-101.19,50.2789],[-101.1893,50.2778],[-101.1882,50.2764],[-101.1753,50.2643],[-101.1727,50.2625],[-101.1701,50.2612],[-101.1496,50.2519],[-101.1466,50.2509],[-101.144,50.2502],[-101.125,50.247],[-101.1218,50.2462],[-101.1185,50.245],[-101.1158,50.2435],[-101.1136,50.2417],[-101.1076,50.235],[-101.1062,50.2337],[-101.1047,50.2325],[-101.0931,50.2254],[-101.0911,50.2241],[-101.0901,50.223],[-101.0894,50.222],[-101.0859,50.2152],[-101.0847,50.2135],[-101.0837,50.2124],[-101.0825,50.2114],[-101.0777,50.2083],[-101.0765,50.2072],[-101.0756,50.206],[-101.0725,50.2007],[-101.0694,50.1942],[-101.0691,50.1932],[-101.0687,50.1908],[-101.0683,50.1893],[-101.0677,50.1883],[-101.0668,50.1872],[-101.0628,50.1843],[-101.0618,50.1831],[-101.061,50.1819],[-101.0585,50.1735],[-101.0579,50.1721],[-101.057,50.1707],[-101.0557,50.1696],[-101.0544,50.1686],[-101.0522,50.1677],[-101.0222,50.1572],[-101.0202,50.1566],[-101.0177,50.1561],[-101.0147,50.1556],[-101.0118,50.1554],[-100.8979,50.1529],[-100.8957,50.1527],[-100.8938,50.1524],[-100.8923,50.1519],[-100.8908,50.1513],[-100.8892,50.1504],[-100.888,50.1494],[-100.8823,50.1432],[-100.8805,50.1414],[-100.8788,50.1401],[-100.8768,50.1389],[-100.8744,50.1379],[-100.8718,50.1371],[-100.8678,50.1363],[-100.7598,50.1182],[-100.5683,50.0857],[-100.3932,50.0556],[-100.2314,50.0275],[-100.2289,50.0267],[-100.2271,50.0258],[-100.2255,50.0246],[-100.2244,50.0233],[-100.2145,50.0091],[-100.2136,50.008],[-100.2124,50.0069],[-100.2109,50.0061],[-100.2093,50.0054],[-100.2077,50.005],[-100.2054,50.0046],[-100.0724,50.0014],[-99.9587,49.9984],[-99.7062,49.9917],[-99.4884,49.9853],[-99.2479,49.9779],[-99.2449,49.9778],[-99.2425,49.978],[-99.2398,49.9783],[-99.2371,49.9789],[-99.2344,49.9798],[-99.2305,49.9813],[-99.2289,49.9817],[-99.2274,49.9818],[-99.1706,49.9807],[-99.1689,49.9808],[-99.1645,49.9816],[-99.161,49.982],[-99.1416,49.9831],[-99.1397,49.9832],[-98.927,49.9821],[-98.6979,49.9806],[-98.5143,49.9793],[-98.3311,49.9776],[-98.3064,49.9775],[-98.2996,49.9777],[-98.2956,49.9778],[-98.2931,49.9777],[-98.2642,49.9759],[-98.262,49.9758],[-98.2604,49.9756],[-98.2588,49.9751],[-98.1939,49.9559],[-98.1925,49.9556],[-98.1905,49.9554],[-98.1801,49.9547],[-98.178,49.9545],[-98.1763,49.9541],[-98.1744,49.9535],[-98.1729,49.9528],[-98.1573,49.9435],[-98.1552,49.9426],[-98.1529,49.942],[-98.0773,49.9281],[-98.0749,49.9279],[-97.8877,49.9272],[-97.8847,49.9271],[-97.882,49.9268],[-97.8798,49.9264],[-97.6642,49.8809],[-97.4546,49.8361],[-97.4505,49.8353],[-97.4487,49.8351],[-97.4467,49.8351],[-97.2836,49.8405],[-97.1559,49.8525],[-97.1544,49.8528],[-97.1531,49.8535],[-97.1513,49.8554],[-97.1382,49.8776],[-97.1375,49.8786],[-97.1365,49.8796],[-97.1349,49.8809],[-97.1322,49.8829],[-97.1316,49.8835],[-97.1313,49.8843],[-97.1315,49.8849],[-97.1322,49.8866],[-97.1324,49.8875],[-97.1336,49.8894],[-97.135,49.8919],[-97.1351,49.8924],[-97.135,49.8932],[-97.1348,49.8939],[-97.1343,49.8944],[-97.1335,49.8948],[-97.1326,49.8951],[-97.1208,49.8982],[-97.119,49.8985],[-97.1033,49.8995],[-97.1018,49.8995],[-97.1001,49.8993],[-97.0356,49.8878],[-97.0339,49.8876],[-97.0322,49.8875],[-96.8116,49.8872],[-96.8084,49.8871],[-96.8046,49.8869],[-96.801,49.8864],[-96.7951,49.8854],[-96.7921,49.885],[-96.7885,49.8847],[-96.7848,49.8846],[-96.5238,49.882],[-96.2336,49.8787],[-96.1069,49.8772],[-95.9283,49.8749],[-95.9009,49.8737],[-95.8991,49.8737],[-95.8929,49.8744],[-95.8909,49.8744],[-95.6793,49.8716],[-95.6757,49.8714],[-95.6727,49.8709],[-95.6666,49.8695],[-95.6644,49.8692],[-95.6626,49.8691],[-95.6607,49.8692],[-95.6451,49.8709],[-95.6429,49.871],[-95.6406,49.871],[-95.6143,49.8699],[-95.6107,49.87],[-95.6092,49.8702],[-95.5617,49.8794],[-95.56,49.8797],[-95.5589,49.8798],[-95.5577,49.8797],[-95.5452,49.8783],[-95.5439,49.8782],[-95.5424,49.8783],[-95.5407,49.8785],[-95.5278,49.881],[-95.5259,49.8813],[-95.5238,49.8814],[-95.5009,49.8817],[-95.4985,49.8817],[-95.4967,49.8819],[-95.4939,49.8823],[-95.4714,49.8866],[-95.4686,49.8871],[-95.4663,49.8873],[-95.4375,49.8877],[-95.4355,49.8877],[-95.4335,49.8874],[-95.4084,49.882],[-95.4065,49.8818],[-95.4048,49.8817],[-95.4029,49.8818],[-95.3585,49.8839],[-95.3565,49.8839],[-95.3548,49.8837],[-95.3528,49.8834],[-95.346,49.8815],[-95.3438,49.881],[-95.3423,49.8808],[-95.3377,49.8811],[-95.3367,49.881],[-95.3306,49.8805],[-95.3294,49.8804],[-95.3282,49.8805],[-95.3254,49.8812],[-95.3243,49.8813],[-95.3234,49.8814],[-95.3222,49.8813],[-95.3213,49.8811],[-95.3056,49.8766],[-95.3044,49.8764],[-95.3032,49.8762],[-95.3019,49.8762],[-95.2943,49.8768],[-95.2922,49.8768],[-95.2899,49.8763],[-95.2743,49.8722],[-95.2709,49.8715],[-95.2682,49.8712],[-95.26,49.8708],[-95.2578,49.8709],[-95.256,49.8713],[-95.2542,49.872],[-95.2422,49.8779],[-95.241,49.8784],[-95.2398,49.8786],[-95.2383,49.8788],[-95.2261,49.8798],[-95.2247,49.8801],[-95.2234,49.8804],[-95.2165,49.8827],[-95.2154,49.883],[-95.2134,49.8832],[-95.2124,49.8831],[-95.207,49.8822],[-95.2048,49.8821],[-95.2034,49.8823],[-95.1946,49.8836],[-95.1911,49.8842],[-95.19,49.8843],[-95.1891,49.8843],[-95.1879,49.8841],[-95.1866,49.8837],[-95.1824,49.8817],[-95.1812,49.8812],[-95.1799,49.8809],[-95.1784,49.8809],[-95.1772,49.881],[-95.176,49.8813],[-95.1718,49.8825],[-95.1696,49.8829],[-95.16,49.884],[-95.1583,49.8843],[-95.15,49.888],[-95.1485,49.8885],[-95.1477,49.8886],[-95.1469,49.8887],[-95.1425,49.8885],[-95.1414,49.8885],[-95.1405,49.8887],[-95.1393,49.889],[-95.1366,49.8899],[-95.1354,49.8902],[-95.1343,49.8903],[-95.1332,49.8904],[-95.1181,49.8902],[-95.117,49.8902],[-95.1152,49.8905],[-95.1142,49.8908],[-95.1133,49.8913],[-95.1126,49.8918],[-95.1095,49.8954],[-95.1086,49.8962],[-95.1075,49.8968],[-95.1061,49.8972],[-95.0799,49.9027],[-95.0789,49.9028],[-95.0779,49.9029],[-95.0769,49.9028],[-95.0761,49.9026],[-95.0719,49.9015],[-95.07,49.9011],[-95.0632,49.8999],[-95.0621,49.8998],[-95.061,49.8998],[-95.0596,49.9],[-95.0584,49.9003],[-95.0572,49.9007],[-95.0563,49.9012],[-95.0367,49.9129],[-95.0355,49.9135],[-95.0343,49.9139],[-95.0332,49.914],[-95.0322,49.9141],[-95.0309,49.9139],[-95.0271,49.9132],[-95.0258,49.913],[-95.0187,49.9128],[-95.0174,49.9129],[-95.0161,49.9131],[-95.0053,49.9159],[-95.0034,49.9166],[-95.0014,49.9175],[-94.9991,49.9191],[-94.9979,49.9202],[-94.9922,49.9278],[-94.9909,49.9293],[-94.9894,49.9303],[-94.9878,49.9309],[-94.986,49.9313],[-94.9843,49.9315],[-94.983,49.9315],[-94.9813,49.9313],[-94.9798,49.931],[-94.9673,49.9268],[-94.9651,49.9262],[-94.9632,49.926],[-94.9572,49.9254],[-94.9454,49.9253],[-94.9304,49.9237],[-94.9287,49.9236],[-94.924,49.9242],[-94.9219,49.9243],[-94.9179,49.9243],[-94.9117,49.9235],[-94.9032,49.9215],[-94.8995,49.9211],[-94.8963,49.9212],[-94.8934,49.9219],[-94.8907,49.9231],[-94.8883,49.9247],[-94.8834,49.9292],[-94.8814,49.9306],[-94.8794,49.9318],[-94.8767,49.9327],[-94.8684,49.9348],[-94.8654,49.9352],[-94.8621,49.9348],[-94.8548,49.9335],[-94.8524,49.9333],[-94.8499,49.9334],[-94.8477,49.9338],[-94.8461,49.9343],[-94.8363,49.938],[-94.8315,49.9394],[-94.8258,49.9405],[-94.7876,49.9441],[-94.7848,49.9441],[-94.7794,49.9434],[-94.7767,49.9433],[-94.7598,49.9446],[-94.7567,49.9453],[-94.7539,49.9467],[-94.7522,49.9486],[-94.75,49.9516],[-94.7481,49.9535],[-94.7458,49.9548],[-94.7429,49.9558],[-94.7374,49.9573],[-94.7356,49.9579],[-94.7188,49.9654],[-94.7157,49.9671],[-94.7048,49.9752],[-94.7031,49.9763],[-94.7021,49.9767],[-94.7007,49.9771],[-94.6992,49.9774],[-94.6769,49.9815],[-94.6754,49.9819],[-94.6741,49.9825],[-94.673,49.983],[-94.672,49.9836],[-94.6652,49.9886],[-94.6637,49.9895],[-94.6619,49.99],[-94.6556,49.9918],[-94.6534,49.9922],[-94.6515,49.9924],[-94.6231,49.9919],[-94.6209,49.9918],[-94.6194,49.9914],[-94.6181,49.9909],[-94.6159,49.9894],[-94.6148,49.9888],[-94.6136,49.9884],[-94.6098,49.9878],[-94.6083,49.9873],[-94.607,49.9867],[-94.6062,49.986],[-94.5961,49.9746],[-94.5951,49.9738],[-94.5939,49.9732],[-94.5928,49.9728],[-94.5915,49.9725],[-94.5883,49.9722],[-94.5871,49.9719],[-94.5856,49.9713],[-94.578,49.9671],[-94.5768,49.9666],[-94.5755,49.9663],[-94.5741,49.9661],[-94.5603,49.9659],[-94.5589,49.966],[-94.5578,49.9661],[-94.5567,49.9664],[-94.5557,49.9668],[-94.5459,49.9714],[-94.5445,49.9719],[-94.5427,49.9725],[-94.5408,49.9728],[-94.539,49.9729],[-94.5369,49.9728],[-94.5347,49.9726],[-94.5301,49.9714],[-94.5285,49.9713],[-94.5268,49.9713],[-94.5251,49.9715],[-94.5236,49.9719],[-94.522,49.9725],[-94.5164,49.9758],[-94.5138,49.9769],[-94.4987,49.9817],[-94.497,49.9822],[-94.4951,49.9824],[-94.4888,49.9829],[-94.4865,49.9829],[-94.4847,49.9826],[-94.4831,49.9822],[-94.4677,49.9768],[-94.466,49.9765],[-94.4644,49.9764],[-94.4624,49.9767],[-94.4608,49.9772],[-94.4572,49.9788],[-94.4553,49.9795],[-94.4532,49.9799],[-94.4509,49.98],[-94.4455,49.9799],[-94.4441,49.9796],[-94.4428,49.9792],[-94.437,49.9762],[-94.436,49.9754],[-94.4352,49.9742],[-94.4341,49.9716],[-94.4334,49.9706],[-94.4326,49.97],[-94.4314,49.9695],[-94.4302,49.9692],[-94.4287,49.9692],[-94.4273,49.9695],[-94.426,49.9699],[-94.425,49.9706],[-94.4223,49.9728],[-94.4214,49.9733],[-94.4182,49.9747],[-94.4107,49.9775],[-94.4068,49.9788],[-94.4046,49.9792],[-94.4024,49.9792],[-94.3945,49.9788],[-94.3933,49.9787],[-94.3863,49.9784],[-94.3843,49.9784],[-94.3824,49.9786],[-94.3803,49.979],[-94.3734,49.9814],[-94.372,49.9821],[-94.3707,49.9831],[-94.3699,49.9841],[-94.3682,49.9867],[-94.3675,49.9877],[-94.3663,49.9883],[-94.3646,49.9888],[-94.3632,49.989],[-94.3618,49.9889],[-94.3571,49.9884],[-94.3552,49.9883],[-94.3538,49.9885],[-94.3519,49.9892],[-94.3505,49.9898],[-94.3481,49.9912],[-94.3465,49.9917],[-94.3385,49.9937],[-94.3342,49.9946],[-94.3323,49.9953],[-94.3308,49.9961],[-94.3273,49.9995],[-94.3262,50.0003],[-94.325,50.0008],[-94.3236,50.001],[-94.3223,50.001],[-94.321,50.0007],[-94.3186,50],[-94.3172,49.9998],[-94.3158,49.9998],[-94.3138,50.0001],[-94.3118,50.0007],[-94.3093,50.0016],[-94.3059,50.0034],[-94.3034,50.0045],[-94.302,50.005],[-94.3004,50.0051],[-94.2976,50.0052],[-94.2954,50.0055],[-94.287,50.0076],[-94.2833,50.0088],[-94.2803,50.01],[-94.2778,50.0109],[-94.2753,50.0121],[-94.2736,50.0127],[-94.2716,50.013],[-94.2679,50.0132],[-94.2639,50.014],[-94.2622,50.014],[-94.2607,50.0136],[-94.2567,50.0121],[-94.2552,50.0118],[-94.2537,50.0118],[-94.2494,50.0121],[-94.2479,50.012],[-94.2468,50.0118],[-94.2416,50.01],[-94.2403,50.0097],[-94.2393,50.0096],[-94.2383,50.0096],[-94.2275,50.0105],[-94.2257,50.0108],[-94.2238,50.0114],[-94.2209,50.0127],[-94.2198,50.013],[-94.2186,50.0131],[-94.2175,50.0131],[-94.2164,50.0128],[-94.2005,50.0071],[-94.1985,50.0061],[-94.1975,50.0051],[-94.1969,50.0042],[-94.1966,50.0028],[-94.1962,50.002],[-94.1955,50.0013],[-94.1837,49.9911],[-94.1826,49.9903],[-94.1788,49.9878],[-94.178,49.9871],[-94.1774,49.9863],[-94.1771,49.9854],[-94.1766,49.9829],[-94.1765,49.9817],[-94.1767,49.9794],[-94.1765,49.9785],[-94.1759,49.9776],[-94.1749,49.9769],[-94.1736,49.9764],[-94.167,49.9749],[-94.1654,49.9747],[-94.1603,49.9748],[-94.159,49.9748],[-94.1579,49.9746],[-94.1565,49.9742],[-94.155,49.9734],[-94.1525,49.9716],[-94.1514,49.9711],[-94.1501,49.9707],[-94.1473,49.9701],[-94.1462,49.9696],[-94.1451,49.969],[-94.1411,49.9661],[-94.1398,49.9654],[-94.1384,49.965],[-94.1262,49.9631],[-94.1246,49.963],[-94.1203,49.9633],[-94.1187,49.9633],[-94.1169,49.9629],[-94.114,49.9619],[-94.1124,49.9615],[-94.111,49.9614],[-94.1031,49.9614],[-94.1009,49.9616],[-94.0929,49.9629],[-94.0913,49.9634],[-94.0902,49.9641],[-94.0893,49.965],[-94.0889,49.9658],[-94.0854,49.9745],[-94.0848,49.9754],[-94.0841,49.9761],[-94.0831,49.9767],[-94.079,49.9785],[-94.0779,49.9789],[-94.0766,49.9791],[-94.0754,49.9791],[-94.0734,49.9789],[-94.0708,49.9785],[-94.0692,49.9784],[-94.0675,49.9787],[-94.0661,49.9793],[-94.0631,49.9805],[-94.0614,49.9809],[-94.0452,49.9841],[-94.0434,49.9842],[-94.0417,49.984],[-94.039,49.9834],[-94.0365,49.9832],[-94.0339,49.9834],[-93.9968,49.9897],[-93.9942,49.99],[-93.9913,49.9899],[-93.9859,49.9894],[-93.9834,49.9894],[-93.9811,49.9895],[-93.979,49.99],[-93.9745,49.9912],[-93.9731,49.9914],[-93.9685,49.9914],[-93.9669,49.9916],[-93.9644,49.9923],[-93.963,49.9924],[-93.9618,49.9925],[-93.9608,49.9924],[-93.9559,49.9915],[-93.9516,49.991],[-93.9487,49.9908],[-93.9292,49.9889],[-93.9271,49.9888],[-93.9206,49.9895],[-93.9181,49.9895],[-93.9058,49.9888],[-93.9046,49.9888],[-93.9035,49.989],[-93.8995,49.9898],[-93.8978,49.9899],[-93.8963,49.9898],[-93.8949,49.9894],[-93.8936,49.9886],[-93.8913,49.9869],[-93.8899,49.986],[-93.8882,49.9855],[-93.8828,49.9846],[-93.8804,49.9845],[-93.8721,49.9843],[-93.8684,49.9836],[-93.8671,49.9834],[-93.8636,49.9833],[-93.8622,49.9832],[-93.8609,49.9828],[-93.8598,49.9824],[-93.8577,49.9812],[-93.856,49.9806],[-93.8546,49.9803],[-93.8528,49.9801],[-93.8426,49.9796],[-93.8406,49.9796],[-93.8388,49.9799],[-93.8327,49.9812],[-93.8306,49.9814],[-93.8286,49.9813],[-93.825,49.9807],[-93.8229,49.9805],[-93.8208,49.9806],[-93.8161,49.9814],[-93.8132,49.9816],[-93.8065,49.9815],[-93.8044,49.9817],[-93.7953,49.9826],[-93.7941,49.9827],[-93.7928,49.9826],[-93.7895,49.9821],[-93.7836,49.9821],[-93.782,49.9819],[-93.7771,49.9811],[-93.7759,49.981],[-93.7745,49.981],[-93.7708,49.9814],[-93.7694,49.9815],[-93.7655,49.9812],[-93.7623,49.9805],[-93.761,49.9804],[-93.7565,49.9807],[-93.7548,49.9806],[-93.7522,49.9801],[-93.7506,49.98],[-93.7461,49.9802],[-93.7444,49.9801],[-93.7375,49.9792],[-93.7363,49.9792],[-93.7288,49.9794],[-93.7274,49.9795],[-93.7242,49.9799],[-93.7231,49.98],[-93.7197,49.9799],[-93.718,49.98],[-93.7164,49.9804],[-93.7151,49.981],[-93.7141,49.9815],[-93.7129,49.982],[-93.7117,49.9823],[-93.7084,49.9827],[-93.707,49.9827],[-93.7051,49.9825],[-93.6957,49.9806],[-93.6937,49.9802],[-93.6912,49.9801],[-93.6885,49.9804],[-93.6804,49.9813],[-93.6795,49.9813],[-93.6775,49.9811],[-93.6752,49.9806],[-93.6739,49.9804],[-93.6728,49.9804],[-93.6718,49.9806],[-93.6695,49.9814],[-93.6681,49.9816],[-93.6666,49.9817],[-93.665,49.9813],[-93.659,49.9786],[-93.6572,49.9779],[-93.6551,49.9774],[-93.6515,49.9769],[-93.6498,49.9765],[-93.6487,49.976],[-93.6478,49.9753],[-93.6472,49.9745],[-93.6467,49.9731],[-93.6462,49.9711],[-93.6454,49.9702],[-93.6445,49.9695],[-93.6434,49.9691],[-93.6416,49.9689],[-93.6347,49.9689],[-93.6328,49.9691],[-93.6311,49.9697],[-93.6287,49.9714],[-93.6237,49.9738],[-93.6179,49.9775],[-93.6167,49.9782],[-93.6154,49.9787],[-93.6137,49.979],[-93.6035,49.9794],[-93.6018,49.9795],[-93.5891,49.9825],[-93.5872,49.9828],[-93.5857,49.9827],[-93.5842,49.9823],[-93.578,49.9802],[-93.5696,49.9779],[-93.5676,49.977],[-93.5584,49.9725],[-93.5562,49.9715],[-93.5395,49.9652],[-93.5373,49.9645],[-93.5347,49.964],[-93.508,49.9617],[-93.5066,49.9615],[-93.505,49.9611],[-93.4951,49.9571],[-93.4934,49.9566],[-93.4819,49.9548],[-93.48,49.9548],[-93.4552,49.9579],[-93.4534,49.958],[-93.4077,49.9575],[-93.4054,49.9577],[-93.4029,49.9584],[-93.3984,49.9603],[-93.3966,49.9608],[-93.3945,49.9611],[-93.3842,49.9612],[-93.3818,49.9616],[-93.3801,49.9621],[-93.3529,49.9757],[-93.3503,49.9767],[-93.332,49.9809],[-93.3297,49.9812],[-93.3244,49.9815],[-93.3221,49.9818],[-93.3166,49.9831],[-93.3116,49.9849],[-93.3105,49.9852],[-93.3093,49.9854],[-93.3081,49.9854],[-93.3069,49.9852],[-93.2952,49.9822],[-93.2935,49.9819],[-93.2917,49.9817],[-93.2898,49.9816],[-93.2591,49.9815],[-93.2573,49.9813],[-93.2558,49.981],[-93.2547,49.9806],[-93.2502,49.9782],[-93.2484,49.9775],[-93.2463,49.9773],[-93.2365,49.9774],[-93.2339,49.9776],[-93.2313,49.9782],[-93.2208,49.9817],[-93.2186,49.9821],[-93.2167,49.9821],[-93.2147,49.9819],[-93.2129,49.9813],[-93.2078,49.9791],[-93.2062,49.9786],[-93.2046,49.9784],[-93.202,49.9784],[-93.1755,49.9801],[-93.1722,49.9805],[-93.1686,49.9814],[-93.1575,49.9849],[-93.1556,49.9852],[-93.148,49.9855],[-93.145,49.9859],[-93.1322,49.9884],[-93.1307,49.9886],[-93.1186,49.9889],[-93.1157,49.9892],[-93.1128,49.9898],[-93.1106,49.9907],[-93.1069,49.9926],[-93.1054,49.9931],[-93.0996,49.9945],[-93.0976,49.9955],[-93.0924,49.9994],[-93.0898,50.0019],[-93.0855,50.0066],[-93.0738,50.0168],[-93.0721,50.0176],[-93.0678,50.019],[-93.0665,50.0193],[-93.0647,50.0194],[-93.0602,50.0193],[-93.0554,50.0201],[-93.0531,50.0202],[-93.0338,50.0205],[-93.0248,50.0201],[-93.0229,50.0202],[-93.0085,50.0231],[-93.0063,50.0234],[-93.0038,50.0235],[-92.9958,50.0229],[-92.9922,50.023],[-92.9889,50.0237],[-92.9831,50.0257],[-92.9815,50.026],[-92.9798,50.026],[-92.978,50.0256],[-92.9708,50.0228],[-92.9684,50.022],[-92.9654,50.0213],[-92.9349,50.0169],[-92.9326,50.0168],[-92.9252,50.0172],[-92.9232,50.0172],[-92.9179,50.0169],[-92.9166,50.0169],[-92.9151,50.0172],[-92.9053,50.0197],[-92.9029,50.0202],[-92.9007,50.0204],[-92.8987,50.0204],[-92.8967,50.0201],[-92.8737,50.0144],[-92.8719,50.0138],[-92.8595,50.008],[-92.8568,50.0062],[-92.8475,49.9989],[-92.8456,49.9977],[-92.8437,49.9968],[-92.8416,49.9962],[-92.8393,49.9959],[-92.8231,49.9943],[-92.821,49.9939],[-92.8181,49.9928],[-92.8166,49.9925],[-92.8149,49.9924],[-92.8134,49.9926],[-92.811,49.9934],[-92.7938,49.9994],[-92.7916,49.9999],[-92.7892,50.0001],[-92.7769,50.0007],[-92.7743,50.001],[-92.7473,50.0046],[-92.7457,50.0047],[-92.7411,50.0044],[-92.7361,50.0042],[-92.7348,50.0043],[-92.7288,50.0051],[-92.7269,50.0052],[-92.725,50.0051],[-92.7231,50.0046],[-92.7137,50.0011],[-92.7117,50.0006],[-92.71,50.0005],[-92.7079,50.0008],[-92.6667,50.0099],[-92.6647,50.0107],[-92.6517,50.0183],[-92.6498,50.0191],[-92.6352,50.0239],[-92.6336,50.0246],[-92.6275,50.0282],[-92.6259,50.0289],[-92.6241,50.0293],[-92.6141,50.0313],[-92.6119,50.032],[-92.6101,50.0331],[-92.6089,50.0345],[-92.6068,50.0382],[-92.6059,50.0395],[-92.6043,50.0407],[-92.6024,50.0416],[-92.5999,50.0422],[-92.5945,50.0429],[-92.5921,50.0429],[-92.5899,50.0428],[-92.5802,50.0407],[-92.5768,50.0402],[-92.5737,50.0402],[-92.5707,50.0406],[-92.5675,50.0414],[-92.5324,50.0555],[-92.5225,50.0602],[-92.5208,50.0613],[-92.5195,50.0626],[-92.5167,50.0669],[-92.5152,50.0684],[-92.5136,50.0694],[-92.5092,50.0717],[-92.508,50.0725],[-92.504,50.076],[-92.5025,50.0772],[-92.4989,50.0792],[-92.4982,50.08],[-92.4979,50.081],[-92.4978,50.0825],[-92.4975,50.0836],[-92.4968,50.0845],[-92.4959,50.0851],[-92.49,50.0884],[-92.4887,50.0893],[-92.4825,50.0951],[-92.4813,50.0959],[-92.4797,50.0965],[-92.478,50.0968],[-92.476,50.0968],[-92.4683,50.0957],[-92.4644,50.0955],[-92.4607,50.0956],[-92.4529,50.0965],[-92.45,50.0969],[-92.4404,50.0989],[-92.4295,50.1028],[-92.4266,50.1036],[-92.4237,50.104],[-92.3974,50.1059],[-92.3938,50.106],[-92.3814,50.1053],[-92.3777,50.1047],[-92.3748,50.1037],[-92.3723,50.1024],[-92.3703,50.101],[-92.3681,50.0988],[-92.366,50.0975],[-92.3637,50.0966],[-92.3612,50.0961],[-92.3586,50.0961],[-92.3533,50.0962],[-92.3507,50.096],[-92.3481,50.0954],[-92.346,50.0943],[-92.3425,50.0919],[-92.3407,50.0911],[-92.3387,50.0904],[-92.3363,50.09],[-92.3277,50.089],[-92.3257,50.0889],[-92.3232,50.0889],[-92.3089,50.0893],[-92.3057,50.0893],[-92.2911,50.0883],[-92.2885,50.0883],[-92.286,50.0885],[-92.2831,50.0892],[-92.2786,50.0904],[-92.2759,50.0909],[-92.273,50.0912],[-92.2603,50.0918],[-92.2565,50.0922],[-92.2317,50.0964],[-92.23,50.0966],[-92.2287,50.0966],[-92.2274,50.0963],[-92.226,50.0958],[-92.2204,50.0931],[-92.219,50.0926],[-92.2174,50.0923],[-92.201,50.0916],[-92.199,50.0913],[-92.1935,50.0897],[-92.1917,50.0894],[-92.1848,50.089],[-92.1827,50.0891],[-92.1806,50.0894],[-92.1786,50.0899],[-92.1754,50.091],[-92.1703,50.092],[-92.1693,50.0924],[-92.166,50.0938],[-92.1645,50.0942],[-92.163,50.0945],[-92.1541,50.095],[-92.153,50.0952],[-92.1266,50.1005],[-92.1249,50.101],[-92.1145,50.1052],[-92.1129,50.1057],[-92.111,50.1062],[-92.1091,50.1064],[-92.0935,50.1073],[-92.0919,50.1073],[-92.0883,50.1069],[-92.0866,50.1069],[-92.0709,50.1071],[-92.0688,50.1073],[-92.0533,50.1098],[-92.0139,50.1146],[-92.0104,50.1148],[-92.0073,50.1147],[-92.0043,50.1143],[-92.0011,50.1136],[-91.9953,50.1118],[-91.9936,50.1111],[-91.992,50.1102],[-91.9873,50.1073],[-91.9862,50.1068],[-91.9851,50.1065],[-91.9682,50.1034],[-91.9671,50.1031],[-91.9659,50.1026],[-91.9647,50.1019],[-91.9639,50.1013],[-91.956,50.0932],[-91.9554,50.0928],[-91.9545,50.0924],[-91.9535,50.0922],[-91.9524,50.0921],[-91.9511,50.0922],[-91.9464,50.0929],[-91.9452,50.0932],[-91.9445,50.0935],[-91.9439,50.0939],[-91.942,50.0965],[-91.9414,50.097],[-91.9405,50.0975],[-91.9397,50.0978],[-91.9388,50.0979],[-91.9377,50.0979],[-91.9272,50.0972],[-91.9257,50.0972],[-91.894,50.098],[-91.8923,50.098],[-91.8598,50.0957],[-91.8581,50.0956],[-91.8564,50.0957],[-91.8547,50.096],[-91.8471,50.0976],[-91.8451,50.0979],[-91.8329,50.0988],[-91.8309,50.0992],[-91.8293,50.0999],[-91.8283,50.1006],[-91.8268,50.1022],[-91.8254,50.103],[-91.8238,50.1034],[-91.822,50.1035],[-91.8149,50.103],[-91.8125,50.1027],[-91.8019,50.101],[-91.8002,50.1007],[-91.7987,50.1002],[-91.7945,50.0983],[-91.7928,50.0978],[-91.7905,50.0975],[-91.7799,50.0973],[-91.7712,50.0979],[-91.7675,50.0982],[-91.7661,50.0984],[-91.7649,50.0987],[-91.7635,50.0994],[-91.761,50.1015],[-91.7597,50.1022],[-91.7583,50.1026],[-91.7566,50.1028],[-91.7484,50.1033],[-91.7466,50.1036],[-91.7414,50.105],[-91.739,50.1055],[-91.7258,50.1075],[-91.7171,50.1098],[-91.7033,50.1122],[-91.7017,50.1126],[-91.7004,50.1132],[-91.6994,50.1139],[-91.6947,50.118],[-91.6937,50.1187],[-91.6924,50.1192],[-91.6911,50.1195],[-91.6897,50.1196],[-91.6881,50.1195],[-91.685,50.1189],[-91.6826,50.1187],[-91.6803,50.119],[-91.678,50.1199],[-91.6705,50.1239],[-91.6575,50.1297],[-91.6558,50.1306],[-91.6502,50.1345],[-91.6491,50.1351],[-91.6272,50.1452],[-91.6219,50.1481],[-91.6183,50.1493],[-91.6171,50.1499],[-91.6082,50.1549],[-91.606,50.156],[-91.5917,50.1623],[-91.5827,50.1658],[-91.578,50.1672],[-91.5767,50.1678],[-91.5738,50.17],[-91.5725,50.1707],[-91.5707,50.1712],[-91.5637,50.1722],[-91.5621,50.1723],[-91.5603,50.1721],[-91.5468,50.1698],[-91.5448,50.1692],[-91.5435,50.1684],[-91.5426,50.1674],[-91.541,50.1647],[-91.54,50.1637],[-91.5388,50.1631],[-91.5369,50.1626],[-91.5226,50.1592],[-91.5203,50.1588],[-91.5184,50.1588],[-91.5166,50.1592],[-91.5073,50.1622],[-91.5052,50.1628],[-91.4943,50.1652],[-91.4923,50.1656],[-91.4867,50.1663],[-91.4846,50.1663],[-91.4811,50.1658],[-91.4794,50.1658],[-91.4778,50.166],[-91.4743,50.167],[-91.4727,50.1674],[-91.471,50.1675],[-91.4639,50.1673],[-91.4622,50.1674],[-91.4606,50.1679],[-91.4517,50.1719],[-91.4496,50.1726],[-91.443,50.1739],[-91.4415,50.1741],[-91.4402,50.174],[-91.4336,50.1732],[-91.432,50.1731],[-91.4306,50.1732],[-91.4242,50.1744],[-91.4228,50.1745],[-91.4214,50.1744],[-91.4199,50.1741],[-91.4185,50.1735],[-91.4154,50.172],[-91.414,50.1714],[-91.4125,50.1709],[-91.406,50.1691],[-91.4041,50.1688],[-91.402,50.1686],[-91.3769,50.1684],[-91.3661,50.1694],[-91.3569,50.17],[-91.3541,50.1706],[-91.3521,50.172],[-91.349,50.1748],[-91.3414,50.1758],[-91.3364,50.1783],[-91.3256,50.1809],[-91.3228,50.1819],[-91.3179,50.1838],[-91.3148,50.1843],[-91.3016,50.184],[-91.298,50.1847],[-91.2791,50.1902],[-91.2712,50.1915],[-91.266,50.1932],[-91.2511,50.1996],[-91.2482,50.1999],[-91.2382,50.1988],[-91.2211,50.2011],[-91.2196,50.2013],[-91.2142,50.2015],[-91.2131,50.2017],[-91.2054,50.2041],[-91.2036,50.2046],[-91.1976,50.2056],[-91.196,50.2057],[-91.1945,50.2055],[-91.1931,50.205],[-91.192,50.2044],[-91.1897,50.2027],[-91.1885,50.202],[-91.1869,50.2014],[-91.1834,50.2003],[-91.17,50.197],[-91.1687,50.1966],[-91.1676,50.196],[-91.1667,50.195],[-91.1648,50.1926],[-91.1641,50.1919],[-91.1633,50.1913],[-91.1608,50.1899],[-91.1598,50.1892],[-91.159,50.1884],[-91.1567,50.1849],[-91.1556,50.184],[-91.1546,50.1834],[-91.1533,50.183],[-91.1517,50.1828],[-91.1499,50.1829],[-91.1483,50.1833],[-91.1467,50.1839],[-91.1417,50.1864],[-91.1398,50.1871],[-91.1369,50.1878],[-91.1281,50.1893],[-91.1253,50.1897],[-91.116,50.1902],[-91.1138,50.1902],[-91.1118,50.19],[-91.1094,50.1894],[-91.0984,50.1856],[-91.0969,50.1852],[-91.0951,50.1851],[-91.0817,50.1849],[-91.08,50.185],[-91.0783,50.1855],[-91.0731,50.1874],[-91.0719,50.1878],[-91.066,50.1887],[-91.0641,50.1892],[-91.0623,50.1901],[-91.0599,50.1918],[-91.0586,50.1925],[-91.0573,50.1929],[-91.056,50.193],[-91.0546,50.193],[-91.0409,50.1926],[-91.0391,50.1927],[-91.0376,50.1931],[-91.0364,50.1936],[-91.0348,50.1945],[-91.0332,50.1951],[-91.031,50.1954],[-91.0203,50.1957],[-91.0181,50.1959],[-91.0161,50.1965],[-91.0143,50.1976],[-91.0104,50.2004],[-91.0092,50.2015],[-91.0087,50.2025],[-91.0078,50.2052],[-91.0071,50.2063],[-91.0061,50.2074],[-91.0043,50.2084],[-91.0025,50.2092],[-91.0012,50.21],[-91.0005,50.2107],[-90.9965,50.215],[-90.9958,50.2162],[-90.9957,50.2174],[-90.9961,50.2217],[-90.9962,50.2228],[-90.996,50.2236],[-90.9943,50.229],[-90.9935,50.2304],[-90.9921,50.2314],[-90.9812,50.2364],[-90.9793,50.237],[-90.9774,50.2374],[-90.9604,50.2398],[-90.9564,50.2396],[-90.9356,50.2365],[-90.9325,50.2363],[-90.9179,50.2369],[-90.9144,50.2366],[-90.8813,50.2315],[-90.8787,50.2315],[-90.877,50.232],[-90.8717,50.2343],[-90.8692,50.2349],[-90.858,50.2371],[-90.8472,50.239],[-90.8296,50.2366],[-90.8033,50.2291],[-90.7976,50.2276],[-90.7929,50.2279],[-90.7888,50.229],[-90.7763,50.229],[-90.7706,50.2295],[-90.7585,50.2321],[-90.7569,50.2324],[-90.7412,50.2338],[-90.7278,50.2356],[-90.7096,50.2384],[-90.7065,50.2385],[-90.6836,50.2374],[-90.6583,50.2379],[-90.6553,50.2376],[-90.637,50.2336],[-90.619,50.2338],[-90.6016,50.2326],[-90.5981,50.2313],[-90.5943,50.2307],[-90.5906,50.2311],[-90.5838,50.2333],[-90.5771,50.2332],[-90.5649,50.2313],[-90.5592,50.2313],[-90.4999,50.2441],[-90.4776,50.2426],[-90.4642,50.2414],[-90.4596,50.2416],[-90.4429,50.2449],[-90.4375,50.2447],[-90.4125,50.2423],[-90.4028,50.2423],[-90.384,50.2405],[-90.3811,50.2406],[-90.3783,50.241],[-90.3732,50.2425],[-90.37,50.2428],[-90.3665,50.2426],[-90.3396,50.2388],[-90.3298,50.2367],[-90.3262,50.2365],[-90.2274,50.2371],[-90.22,50.2372],[-90.1943,50.2396],[-90.1911,50.2396],[-90.1807,50.2385],[-90.1768,50.2388],[-90.1599,50.242],[-90.138,50.2414],[-90.1328,50.2416],[-90.1212,50.2428],[-90.0966,50.2414],[-90.0415,50.2422],[-90.0378,50.2419],[-90.0347,50.2412],[-90.0276,50.2392],[-90.0116,50.2403],[-89.9969,50.2388],[-89.9886,50.2376],[-89.9865,50.2375],[-89.9844,50.2376],[-89.9625,50.2395],[-89.9369,50.2405],[-89.9347,50.2407],[-89.9328,50.2412],[-89.9145,50.2472],[-89.9121,50.2479],[-89.9097,50.2482],[-89.8183,50.2499],[-89.8088,50.2499],[-89.804,50.2507],[-89.799,50.2524],[-89.7903,50.2578],[-89.7766,50.2604],[-89.7675,50.2607],[-89.7169,50.255],[-89.7068,50.2531],[-89.6981,50.2532],[-89.6713,50.2514],[-89.6595,50.2526],[-89.656,50.2542],[-89.6486,50.2559],[-89.6402,50.2568],[-89.6221,50.2575],[-89.5962,50.2617],[-89.5542,50.2764],[-89.5456,50.2823],[-89.5328,50.2835],[-89.5268,50.2859],[-89.5209,50.2859],[-89.5118,50.289],[-89.5056,50.2898],[-89.4916,50.2888],[-89.4698,50.2915],[-89.4448,50.2967],[-89.4416,50.297],[-89.4377,50.2964],[-89.3845,50.2777],[-89.3565,50.2664],[-89.3536,50.2656],[-89.3304,50.2611],[-89.3286,50.2606],[-89.3203,50.2578],[-89.319,50.2575],[-89.3171,50.2575],[-89.3115,50.2582],[-89.3094,50.259],[-89.3077,50.2608],[-89.3073,50.2632],[-89.3071,50.2665],[-89.3075,50.2706],[-89.3069,50.2724],[-89.305,50.2739],[-89.3025,50.2746],[-89.296,50.2756],[-89.2937,50.2763],[-89.2909,50.2775],[-89.2891,50.2781],[-89.2754,50.282],[-89.2667,50.2832],[-89.2654,50.2835],[-89.2605,50.2863],[-89.2585,50.2869],[-89.256,50.287],[-89.2339,50.2834],[-89.2302,50.283],[-89.2268,50.2829],[-89.2023,50.2836],[-89.2,50.2832],[-89.198,50.2822],[-89.1952,50.2804],[-89.194,50.2798],[-89.1923,50.2793],[-89.1908,50.2792],[-89.1866,50.2793],[-89.1849,50.2795],[-89.1834,50.2798],[-89.1681,50.2849],[-89.1563,50.2898],[-89.1542,50.2904],[-89.1498,50.2912],[-89.148,50.2914],[-89.1219,50.29],[-89.1193,50.2895],[-89.1148,50.288],[-89.1134,50.2877],[-89.0982,50.2849],[-89.0778,50.2815],[-89.0755,50.2814],[-89.0732,50.2816],[-89.06,50.2844],[-89.058,50.285],[-89.0562,50.2858],[-89.0543,50.2869],[-89.0488,50.2915],[-89.0476,50.2928],[-89.0464,50.2946],[-89.0452,50.2969],[-89.0446,50.2977],[-89.0435,50.2985],[-89.0241,50.3084],[-89.0226,50.309],[-89.021,50.3094],[-89.0192,50.3095],[-89.0174,50.3094],[-88.9889,50.3061],[-88.9878,50.3059],[-88.986,50.3053],[-88.985,50.3049],[-88.9803,50.3021],[-88.9793,50.3016],[-88.9781,50.3013],[-88.9774,50.3012],[-88.9756,50.3012],[-88.975,50.3013],[-88.9736,50.3016],[-88.9724,50.3021],[-88.9715,50.3028],[-88.9708,50.3035],[-88.966,50.3095],[-88.9651,50.3101],[-88.9644,50.3104],[-88.9542,50.3127],[-88.9439,50.3134],[-88.9424,50.3133],[-88.941,50.3131],[-88.9397,50.3126],[-88.9392,50.3124],[-88.9241,50.3019],[-88.9228,50.3011],[-88.9219,50.3007],[-88.8765,50.2847],[-88.8729,50.2837],[-88.8613,50.2818],[-88.8598,50.2817],[-88.8501,50.2809],[-88.8037,50.2816],[-88.8021,50.2816],[-88.8003,50.2819],[-88.7906,50.2839],[-88.7888,50.2843],[-88.7464,50.2972],[-88.7448,50.2976],[-88.7424,50.2978],[-88.6379,50.3053],[-88.6333,50.3055],[-88.631,50.3055],[-88.6286,50.3053],[-88.5739,50.3],[-88.5714,50.2999],[-88.5693,50.3001],[-88.5669,50.3006],[-88.5648,50.3014],[-88.4819,50.3309],[-88.48,50.3315],[-88.4785,50.3317],[-88.4772,50.3317],[-88.4758,50.3316],[-88.4739,50.3312],[-88.4722,50.3305],[-88.471,50.3297],[-88.4699,50.3286],[-88.4547,50.3123],[-88.4541,50.3118],[-88.4535,50.3114],[-88.4527,50.3111],[-88.4515,50.3109],[-88.4499,50.3109],[-88.4486,50.3112],[-88.4438,50.3138],[-88.4427,50.3142],[-88.4409,50.3145],[-88.4395,50.3146],[-88.4142,50.3143],[-88.4126,50.3145],[-88.3681,50.3221],[-88.3668,50.3222],[-88.3655,50.3222],[-88.3633,50.3219],[-88.3614,50.3212],[-88.3556,50.3183],[-88.3496,50.3139],[-88.3473,50.312],[-88.342,50.307],[-88.3413,50.3065],[-88.3399,50.3056],[-88.3345,50.3035],[-88.3245,50.2996],[-88.3228,50.299],[-88.321,50.2987],[-88.311,50.2974],[-88.3096,50.2971],[-88.3079,50.2965],[-88.2977,50.2921],[-88.2932,50.2902],[-88.2812,50.2863],[-88.243,50.2745],[-88.2362,50.2725],[-88.2154,50.267],[-88.2143,50.2668],[-88.2131,50.2667],[-88.1993,50.2655],[-88.1981,50.2653],[-88.196,50.2649],[-88.1941,50.2643],[-88.192,50.2633],[-88.1861,50.26],[-88.1854,50.2597],[-88.1838,50.2593],[-88.1711,50.2583],[-88.1556,50.2581],[-88.1172,50.2564],[-88.1149,50.2561],[-88.1128,50.2555],[-88.0938,50.2488],[-88.0925,50.2483],[-88.0916,50.2478],[-88.091,50.2472],[-88.0883,50.2438],[-88.0879,50.2434],[-88.0871,50.2428],[-88.0833,50.2408],[-88.073,50.2338],[-88.0719,50.2332],[-88.0708,50.2329],[-88.0695,50.2326],[-88.0682,50.2325],[-88.0663,50.2325],[-88.0649,50.2328],[-88.0373,50.2392],[-88.0008,50.2475],[-87.9916,50.2489],[-87.9896,50.2495],[-87.9802,50.2534],[-87.9791,50.2537],[-87.9779,50.2539],[-87.9769,50.2539],[-87.971,50.254],[-87.9691,50.2538],[-87.9675,50.2534],[-87.9665,50.2529],[-87.9604,50.249],[-87.9589,50.2482],[-87.9569,50.2475],[-87.9503,50.2454],[-87.9493,50.2449],[-87.9453,50.2421],[-87.9284,50.2351],[-87.9259,50.2343],[-87.9171,50.232],[-87.9147,50.2312],[-87.9063,50.2278],[-87.9054,50.2275],[-87.9042,50.2274],[-87.903,50.2273],[-87.9019,50.2274],[-87.8631,50.233],[-87.8527,50.2344],[-87.8516,50.2345],[-87.8499,50.2344],[-87.8081,50.2315],[-87.8058,50.2314],[-87.8049,50.2315],[-87.8031,50.2317],[-87.8017,50.2321],[-87.7599,50.2442],[-87.758,50.2447],[-87.7567,50.2449],[-87.7553,50.245],[-87.7443,50.2453],[-87.743,50.2452],[-87.7417,50.2449],[-87.7316,50.2412],[-87.7292,50.2405],[-87.7264,50.2401],[-87.6767,50.2347],[-87.6741,50.2342],[-87.6216,50.2229],[-87.618,50.2224],[-87.6056,50.2212],[-87.6034,50.221],[-87.5873,50.2223],[-87.5863,50.2224],[-87.5847,50.2228],[-87.584,50.2231],[-87.5826,50.2237],[-87.5749,50.2287],[-87.5736,50.2293],[-87.5724,50.2297],[-87.571,50.2299],[-87.5639,50.2301],[-87.5618,50.2303],[-87.5494,50.2332],[-87.5478,50.2337],[-87.5469,50.2341],[-87.5365,50.2396],[-87.535,50.2401],[-87.5334,50.2405],[-87.521,50.243],[-87.5192,50.2433],[-87.502,50.2441],[-87.5002,50.2443],[-87.4987,50.2446],[-87.4963,50.2454],[-87.4711,50.2565],[-87.4699,50.2569],[-87.4683,50.2572],[-87.4587,50.2587],[-87.4565,50.2588],[-87.4548,50.2587],[-87.4451,50.2567],[-87.4426,50.2563],[-87.4297,50.2548],[-87.4258,50.2546],[-87.4045,50.2545],[-87.403,50.2544],[-87.4014,50.2542],[-87.3845,50.2502],[-87.3401,50.2331],[-87.3383,50.2325],[-87.3361,50.2321],[-87.3135,50.2294],[-87.2908,50.2303],[-87.2569,50.2338],[-87.2304,50.2422],[-87.1964,50.2463],[-87.1233,50.2465],[-87.0909,50.2413],[-87.018,50.2292],[-86.9351,50.2178],[-86.9267,50.2176],[-86.8872,50.2181],[-86.8763,50.2172],[-86.8737,50.2152],[-86.863,50.1992],[-86.8153,50.1861],[-86.8096,50.1859],[-86.786,50.1897],[-86.7818,50.1895],[-86.7755,50.1873],[-86.7722,50.1867],[-86.7643,50.1871],[-86.7584,50.1853],[-86.7559,50.1852],[-86.7482,50.1865],[-86.7464,50.1864],[-86.7446,50.1862],[-86.7345,50.1826],[-86.7324,50.1824],[-86.7235,50.1825],[-86.7134,50.1777],[-86.683,50.1678],[-86.6793,50.1639],[-86.6658,50.1142],[-86.6662,50.111],[-86.6703,50.1082],[-86.6713,50.1063],[-86.6731,50.0994],[-86.6749,50.0961],[-86.6748,50.0909],[-86.6693,50.0832],[-86.6675,50.0685],[-86.6808,50.0468],[-86.6817,50.0402],[-86.6799,50.0334],[-86.671,50.0244],[-86.6677,50.0188],[-86.6686,49.9824],[-86.6747,49.9753],[-86.6749,49.9739],[-86.6577,49.9461],[-86.6552,49.9381],[-86.6425,49.9245],[-86.6258,49.9195],[-86.6228,49.9173],[-86.615,49.8965],[-86.6106,49.8668],[-86.6001,49.8478],[-86.5892,49.8295],[-86.5875,49.8272],[-86.5851,49.8251],[-86.569,49.8143],[-86.5664,49.8123],[-86.565,49.8098],[-86.5628,49.7997],[-86.5615,49.7974],[-86.5521,49.7875],[-86.5502,49.7862],[-86.5487,49.7854],[-86.5425,49.784],[-86.5404,49.7828],[-86.5394,49.7812],[-86.5396,49.7795],[-86.5403,49.7781],[-86.5406,49.7767],[-86.5404,49.7755],[-86.5397,49.7746],[-86.5388,49.7739],[-86.5345,49.7718],[-86.5344,49.7717],[-86.5305,49.7702],[-86.5296,49.77],[-86.5207,49.769],[-86.5203,49.7689],[-86.5149,49.7684],[-86.5116,49.7677],[-86.5079,49.7666],[-86.5059,49.7657],[-86.446,49.7341],[-86.4423,49.7329],[-86.4111,49.7291],[-86.4088,49.7287],[-86.3569,49.7226],[-86.3544,49.722],[-86.3292,49.7063],[-86.3254,49.6845],[-86.3199,49.6789],[-86.3083,49.6725],[-86.2894,49.6741],[-86.2808,49.6638],[-86.2574,49.6496],[-86.2372,49.6483],[-86.231,49.645],[-86.1888,49.6421],[-86.1644,49.6276],[-86.1373,49.6178],[-86.1208,49.6145],[-86.1088,49.6045],[-86.0827,49.5989],[-86.0556,49.6036],[-86.0419,49.597],[-86.035,49.592],[-86.0288,49.5804],[-86.0264,49.5727],[-86.011,49.5666],[-86.0058,49.5651],[-85.9807,49.5689],[-85.9526,49.5646],[-85.9409,49.5651],[-85.9273,49.5605],[-85.9103,49.5448],[-85.893,49.5388],[-85.8598,49.5416],[-85.8305,49.5464],[-85.8164,49.5437],[-85.8025,49.5424],[-85.7866,49.5371],[-85.7716,49.5427],[-85.7653,49.5551],[-85.7521,49.5631],[-85.7394,49.565],[-85.731,49.5616],[-85.7201,49.5609],[-85.7161,49.5591],[-85.7146,49.557],[-85.7141,49.5497],[-85.7123,49.5472],[-85.6159,49.4678],[-85.5503,49.4514],[-85.546,49.4507],[-85.4075,49.4166],[-85.3975,49.4108],[-85.3834,49.4034],[-85.3073,49.3768],[-85.2155,49.378],[-85.2058,49.3779],[-85.1525,49.3818],[-85.073,49.3263],[-84.9864,49.3111],[-84.8965,49.3017],[-84.81,49.2542],[-84.8,49.2398],[-84.7975,49.2368],[-84.7963,49.2358],[-84.7762,49.2209],[-84.7749,49.2197],[-84.7741,49.2186],[-84.7737,49.2177],[-84.7715,49.2104],[-84.771,49.2096],[-84.7702,49.2089],[-84.7691,49.2083],[-84.7677,49.208],[-84.7661,49.208],[-84.7633,49.2085],[-84.7544,49.2105],[-84.7521,49.2106],[-84.7383,49.2095],[-84.7359,49.2094],[-84.7335,49.2097],[-84.7203,49.2122],[-84.7176,49.2125],[-84.7093,49.2113],[-84.7065,49.2116],[-84.7037,49.2116],[-84.6983,49.2109],[-84.6957,49.2105],[-84.6934,49.2096],[-84.6901,49.2072],[-84.6872,49.2061],[-84.6705,49.2015],[-84.6673,49.2008],[-84.6393,49.1977],[-84.636,49.1969],[-84.6295,49.1946],[-84.6269,49.1935],[-84.6247,49.1916],[-84.6231,49.19],[-84.6206,49.1887],[-84.6171,49.1882],[-84.6108,49.1886],[-84.5985,49.1871],[-84.5972,49.187],[-84.4826,49.2073],[-84.3611,49.2043],[-84.2767,49.1801],[-84.2464,49.1231],[-84.1858,49.1166],[-84.171,49.1153],[-84.1713,49.1157],[-84.171,49.1153],[-84.1188,49.0791],[-84.0786,49.0197],[-83.9802,49.004],[-83.9065,48.9708],[-83.8551,48.9385],[-83.84,48.8983],[-83.8368,48.8919],[-83.8054,48.8834],[-83.7166,48.8537],[-83.6477,48.8166],[-83.5991,48.7614],[-83.5202,48.7308],[-83.4479,48.6881],[-83.3881,48.6247],[-83.2768,48.5883],[-83.1819,48.5695],[-83.1165,48.578],[-83.1073,48.5793],[-83.0983,48.5799],[-83.0202,48.545],[-82.957,48.5209],[-82.9263,48.5189],[-82.9031,48.5211],[-82.8529,48.4974],[-82.7942,48.4676],[-82.7649,48.4445],[-82.7033,48.3954],[-82.6775,48.3735],[-82.6041,48.3444],[-82.5328,48.3379],[-82.5106,48.3327],[-82.5085,48.3318],[-82.5035,48.3305],[-82.501,48.3298],[-82.4992,48.3285],[-82.4946,48.3215],[-82.4938,48.3196],[-82.4901,48.3044],[-82.4899,48.3021],[-82.4909,48.2992],[-82.4993,48.2844],[-82.4996,48.2824],[-82.4981,48.2804],[-82.4891,48.2749],[-82.4866,48.2734],[-82.4588,48.2609],[-82.4558,48.2593],[-82.4532,48.2574],[-82.4138,48.2257],[-82.4107,48.2241],[-82.4077,48.2233],[-82.3898,48.2213],[-82.3386,48.2039],[-82.3356,48.2016],[-82.3332,48.2007],[-82.3311,48.2002],[-82.3284,48.1999],[-82.326,48.2003],[-82.3225,48.2025],[-82.3206,48.2038],[-82.3187,48.2046],[-82.3162,48.2047],[-82.3138,48.2039],[-82.3003,48.1973],[-82.2961,48.195],[-82.2953,48.1935],[-82.2956,48.1917],[-82.2967,48.1865],[-82.2964,48.1846],[-82.2953,48.183],[-82.2936,48.1818],[-82.2653,48.1644],[-82.2632,48.1631],[-82.262,48.1614],[-82.262,48.1597],[-82.2627,48.1529],[-82.262,48.1515],[-82.2603,48.1506],[-82.2494,48.1467],[-82.2386,48.1431],[-82.2322,48.1412],[-82.1955,48.1264],[-82.1728,48.1043],[-82.1749,48.1031],[-82.177,48.1021],[-82.1788,48.1007],[-82.18,48.0991],[-82.1806,48.0973],[-82.1807,48.0937],[-82.1803,48.0919],[-82.1787,48.0905],[-82.172,48.0875],[-82.1697,48.0865],[-82.1671,48.086],[-82.1644,48.0858],[-82.1611,48.0859],[-82.1591,48.086],[-82.1565,48.0859],[-82.1539,48.0854],[-82.1513,48.0854],[-82.1487,48.0858],[-82.1409,48.0863],[-82.1383,48.0867],[-82.1312,48.0887],[-82.1286,48.0886],[-82.1242,48.0869],[-82.1218,48.0869],[-82.107,48.0891],[-82.0199,48.0608],[-82.002,48.0464],[-81.9473,47.9484],[-81.9189,47.9079],[-81.8929,47.8516],[-81.858,47.8419],[-81.8429,47.8357],[-81.8371,47.824],[-81.8354,47.8157],[-81.8333,47.8127],[-81.8242,47.7995],[-81.8242,47.7973],[-81.8237,47.7951],[-81.82,47.7838],[-81.7769,47.7335],[-81.7683,47.716],[-81.7635,47.7137],[-81.7612,47.7125],[-81.7586,47.7116],[-81.7559,47.711],[-81.7534,47.71],[-81.7519,47.7083],[-81.7401,47.6909],[-81.7384,47.6891],[-81.7222,47.6749],[-81.7202,47.6733],[-81.7179,47.6722],[-81.7074,47.6684],[-81.7056,47.6674],[-81.7051,47.6659],[-81.7058,47.6644],[-81.7079,47.6615],[-81.7087,47.6599],[-81.7088,47.6583],[-81.7081,47.6567],[-81.6921,47.6302],[-81.6914,47.628],[-81.6918,47.6258],[-81.6933,47.6239],[-81.7019,47.6166],[-81.7031,47.6153],[-81.7032,47.6138],[-81.7022,47.6126],[-81.7008,47.6114],[-81.7,47.61],[-81.6996,47.6084],[-81.6995,47.6069],[-81.6998,47.6053],[-81.7005,47.6037],[-81.7042,47.5973],[-81.7049,47.5956],[-81.7048,47.5937],[-81.7046,47.5918],[-81.7049,47.5898],[-81.7056,47.5879],[-81.7055,47.5861],[-81.7022,47.5796],[-81.7019,47.5788],[-81.701,47.5733],[-81.7007,47.5724],[-81.7001,47.5714],[-81.6993,47.5706],[-81.6965,47.5684],[-81.6958,47.5677],[-81.692,47.5632],[-81.6916,47.5626],[-81.6906,47.5601],[-81.6902,47.5596],[-81.6834,47.5522],[-81.6824,47.5506],[-81.6821,47.55],[-81.6818,47.5485],[-81.6815,47.5401],[-81.6817,47.5389],[-81.6846,47.5311],[-81.685,47.5294],[-81.6855,47.526],[-81.6855,47.5243],[-81.6848,47.5227],[-81.6815,47.5168],[-81.6805,47.5155],[-81.6787,47.5147],[-81.6767,47.5143],[-81.6748,47.5136],[-81.6735,47.5125],[-81.6729,47.5111],[-81.6719,47.5067],[-81.6711,47.5051],[-81.6698,47.5037],[-81.6677,47.5026],[-81.6652,47.5022],[-81.6568,47.5024],[-81.6546,47.5021],[-81.6526,47.501],[-81.6512,47.4996],[-81.6494,47.4984],[-81.6456,47.4963],[-81.6439,47.4951],[-81.643,47.4936],[-81.6433,47.492],[-81.6379,47.4832],[-81.6308,47.4824],[-81.6286,47.4819],[-81.6267,47.4809],[-81.6254,47.4795],[-81.6247,47.4778],[-81.6245,47.476],[-81.6238,47.4742],[-81.6222,47.4727],[-81.6001,47.454],[-81.5994,47.4534],[-81.5981,47.4527],[-81.5686,47.4381],[-81.5673,47.4374],[-81.5665,47.4368],[-81.5658,47.436],[-81.5572,47.4238],[-81.5555,47.4221],[-81.5539,47.4209],[-81.5516,47.4198],[-81.5443,47.4174],[-81.543,47.4169],[-81.5415,47.416],[-81.541,47.4156],[-81.5403,47.4149],[-81.5399,47.414],[-81.5398,47.4135],[-81.5399,47.413],[-81.54,47.4125],[-81.5403,47.4121],[-81.5408,47.4115],[-81.5413,47.4111],[-81.5439,47.4098],[-81.5443,47.4094],[-81.5447,47.409],[-81.545,47.4082],[-81.545,47.4074],[-81.5448,47.407],[-81.5446,47.4066],[-81.5418,47.4035],[-81.5414,47.403],[-81.5408,47.402],[-81.5404,47.4007],[-81.5402,47.3988],[-81.5401,47.3975],[-81.5402,47.397],[-81.5405,47.3958],[-81.5412,47.3945],[-81.5427,47.3921],[-81.543,47.3915],[-81.5434,47.3904],[-81.5435,47.3892],[-81.5432,47.3862],[-81.5432,47.3856],[-81.5433,47.3845],[-81.5435,47.3834],[-81.5441,47.3821],[-81.5479,47.3755],[-81.5482,47.3746],[-81.5483,47.3742],[-81.5483,47.3734],[-81.5479,47.371],[-81.5478,47.3699],[-81.5481,47.3666],[-81.5476,47.3635],[-81.5473,47.361],[-81.5474,47.3598],[-81.5475,47.3592],[-81.5484,47.3561],[-81.5483,47.3551],[-81.5481,47.3543],[-81.5425,47.3428],[-81.5421,47.3423],[-81.5414,47.3416],[-81.5391,47.3402],[-81.5379,47.3392],[-81.5325,47.333],[-81.5315,47.3323],[-81.5308,47.3319],[-81.5176,47.3261],[-81.5155,47.325],[-81.5134,47.3238],[-81.5121,47.3229],[-81.4977,47.3118],[-81.4964,47.3105],[-81.4916,47.3032],[-81.4909,47.302],[-81.4901,47.3004],[-81.4898,47.2992],[-81.4895,47.2977],[-81.4894,47.2963],[-81.4895,47.295],[-81.4905,47.2887],[-81.4904,47.2879],[-81.4902,47.2872],[-81.4895,47.286],[-81.4836,47.278],[-81.4832,47.2773],[-81.4762,47.264],[-81.4754,47.263],[-81.4747,47.2623],[-81.4742,47.2619],[-81.473,47.2613],[-81.4621,47.2569],[-81.4612,47.2565],[-81.4599,47.2557],[-81.4589,47.255],[-81.449,47.2472],[-81.4476,47.2461],[-81.4468,47.2456],[-81.4375,47.2412],[-81.4363,47.2408],[-81.4347,47.2404],[-81.4306,47.2399],[-81.4295,47.2396],[-81.4284,47.2392],[-81.4273,47.2384],[-81.4266,47.2375],[-81.4261,47.2366],[-81.4254,47.2357],[-81.425,47.2353],[-81.4225,47.2335],[-81.4221,47.2331],[-81.4211,47.2319],[-81.4206,47.2306],[-81.4168,47.217],[-81.4166,47.2164],[-81.416,47.2156],[-81.4147,47.2143],[-81.4141,47.2135],[-81.4129,47.2108],[-81.4121,47.2096],[-81.4058,47.2019],[-81.404,47.1998],[-81.3915,47.189],[-81.3907,47.1881],[-81.39,47.1872],[-81.3892,47.1857],[-81.389,47.1848],[-81.3877,47.1779],[-81.3875,47.1773],[-81.3872,47.1767],[-81.3866,47.1762],[-81.3859,47.1758],[-81.385,47.1755],[-81.3799,47.175],[-81.3794,47.1748],[-81.3784,47.1745],[-81.3779,47.1742],[-81.3766,47.1726],[-81.3759,47.172],[-81.3646,47.1649],[-81.3635,47.1639],[-81.3619,47.1622],[-81.3615,47.162],[-81.3606,47.1615],[-81.3588,47.1609],[-81.3581,47.1604],[-81.3566,47.159],[-81.3557,47.1585],[-81.3552,47.1584],[-81.3539,47.1583],[-81.3473,47.1583],[-81.3461,47.1581],[-81.3431,47.1573],[-81.3408,47.1571],[-81.3396,47.1572],[-81.3389,47.1574],[-81.3345,47.1585],[-81.3325,47.1588],[-81.3304,47.1588],[-81.3298,47.1587],[-81.3286,47.1583],[-81.3253,47.1566],[-81.3238,47.1562],[-81.3224,47.1559],[-81.3126,47.155],[-81.3114,47.1547],[-81.3105,47.1543],[-81.3099,47.154],[-81.3089,47.1532],[-81.3082,47.1524],[-81.3075,47.1514],[-81.3071,47.1505],[-81.3043,47.1429],[-81.304,47.1422],[-81.303,47.1413],[-81.3019,47.1407],[-81.2978,47.1394],[-81.2923,47.1367],[-81.2909,47.1363],[-81.2876,47.1358],[-81.2871,47.1357],[-81.2862,47.1353],[-81.2854,47.1346],[-81.284,47.1325],[-81.283,47.1314],[-81.2821,47.1303],[-81.2814,47.1282],[-81.2809,47.1276],[-81.2802,47.1271],[-81.2772,47.1259],[-81.2766,47.1256],[-81.2717,47.1227],[-81.2708,47.1221],[-81.2702,47.1214],[-81.2699,47.1208],[-81.2699,47.1199],[-81.2702,47.1176],[-81.27,47.117],[-81.2693,47.116],[-81.2631,47.1088],[-81.2626,47.1084],[-81.2601,47.1072],[-81.2589,47.1063],[-81.2579,47.1054],[-81.2545,47.1013],[-81.2541,47.1009],[-81.2532,47.1003],[-81.2512,47.0992],[-81.2501,47.0984],[-81.2453,47.0932],[-81.2421,47.0908],[-81.2415,47.0901],[-81.241,47.0894],[-81.2408,47.0888],[-81.2398,47.0824],[-81.2394,47.0817],[-81.2389,47.081],[-81.2383,47.0804],[-81.2373,47.0799],[-81.2362,47.0795],[-81.2338,47.0788],[-81.233,47.0784],[-81.2322,47.0777],[-81.2303,47.0756],[-81.23,47.0747],[-81.2302,47.073],[-81.2289,47.0687],[-81.2273,47.0658],[-81.2272,47.0652],[-81.2273,47.0641],[-81.2271,47.0635],[-81.2268,47.063],[-81.2258,47.0617],[-81.2254,47.061],[-81.2254,47.0604],[-81.2254,47.0601],[-81.226,47.0588],[-81.2261,47.058],[-81.2248,47.0473],[-81.2245,47.0458],[-81.2242,47.0448],[-81.2238,47.0438],[-81.223,47.0426],[-81.222,47.0415],[-81.2215,47.041],[-81.2165,47.0371],[-81.2155,47.0362],[-81.2147,47.0353],[-81.2135,47.0335],[-81.2132,47.0332],[-81.2122,47.0326],[-81.2078,47.0305],[-81.2071,47.0299],[-81.2061,47.0285],[-81.2057,47.0281],[-81.2046,47.0274],[-81.202,47.0261],[-81.2014,47.0256],[-81.201,47.025],[-81.1992,47.0215],[-81.1985,47.0206],[-81.1977,47.02],[-81.1961,47.019],[-81.1952,47.0187],[-81.1947,47.0186],[-81.1938,47.0185],[-81.191,47.0188],[-81.19,47.0187],[-81.1888,47.0185],[-81.1847,47.0169],[-81.184,47.0164],[-81.1829,47.0155],[-81.1812,47.0145],[-81.1761,47.0129],[-81.167,47.009],[-81.1659,47.0084],[-81.1653,47.0077],[-81.1643,47.005],[-81.1638,47.0041],[-81.1631,47.0034],[-81.1621,47.0028],[-81.1608,47.0023],[-81.1525,46.9998],[-81.1491,46.9986],[-81.1465,46.9974],[-81.1411,46.994],[-81.1397,46.9934],[-81.1298,46.99],[-81.1285,46.9896],[-81.1257,46.9891],[-81.1237,46.9886],[-81.1156,46.9856],[-81.1144,46.985],[-81.1133,46.9843],[-81.1052,46.9785],[-81.104,46.9773],[-81.102,46.9746],[-81.1012,46.974],[-81.0991,46.9729],[-81.0967,46.9705],[-81.0961,46.9697],[-81.0957,46.9682],[-81.0953,46.9673],[-81.0934,46.9647],[-81.0926,46.9642],[-81.0902,46.9631],[-81.0893,46.9624],[-81.0889,46.9619],[-81.0888,46.9616],[-81.0883,46.9595],[-81.088,46.9589],[-81.0877,46.9586],[-81.0871,46.9581],[-81.0863,46.9577],[-81.0843,46.9573],[-81.0831,46.9569],[-81.0821,46.9563],[-81.0813,46.9557],[-81.0811,46.9553],[-81.0807,46.9546],[-81.0796,46.9522],[-81.0792,46.9515],[-81.0789,46.9511],[-81.0771,46.9495],[-81.0767,46.949],[-81.0765,46.9483],[-81.0762,46.9469],[-81.0759,46.9463],[-81.0756,46.946],[-81.0745,46.9453],[-81.0721,46.9445],[-81.071,46.9438],[-81.0705,46.9432],[-81.07,46.9419],[-81.0695,46.9412],[-81.0689,46.9408],[-81.0679,46.9403],[-81.0673,46.9399],[-81.0627,46.9351],[-81.0604,46.9322],[-81.0556,46.9277],[-81.0546,46.9268],[-81.0538,46.9264],[-81.0532,46.9262],[-81.0503,46.9258],[-81.0494,46.9255],[-81.0487,46.925],[-81.0468,46.9222],[-81.0459,46.9209],[-81.0455,46.9201],[-81.0445,46.9148],[-81.0436,46.9114],[-81.0437,46.9107],[-81.0446,46.9086],[-81.0447,46.9077],[-81.0444,46.9068],[-81.0442,46.9064],[-81.0435,46.9057],[-81.0429,46.9054],[-81.041,46.9045],[-81.0401,46.9039],[-81.0392,46.9034],[-81.0348,46.902],[-81.0337,46.9018],[-81.0308,46.9017],[-81.0261,46.9011],[-81.0249,46.9008],[-81.0237,46.9002],[-81.0224,46.8988],[-81.0212,46.8977],[-81.0202,46.8972],[-81.0196,46.897],[-81.0187,46.8968],[-81.018,46.8968],[-81.0133,46.8968],[-81.0122,46.8967],[-81.0115,46.8964],[-81.0069,46.8941],[-81.0062,46.8935],[-81.0032,46.8903],[-81.0024,46.8898],[-81.0017,46.8895],[-81.001,46.8894],[-81.0003,46.8893],[-80.9996,46.8894],[-80.9988,46.8896],[-80.9977,46.8901],[-80.9949,46.8916],[-80.9942,46.8918],[-80.9935,46.8919],[-80.9925,46.892],[-80.9915,46.8918],[-80.9906,46.8913],[-80.9898,46.8907],[-80.9895,46.8899],[-80.9896,46.8894],[-80.9904,46.8876],[-80.9908,46.8846],[-80.9908,46.883],[-80.9913,46.8816],[-80.9914,46.8811],[-80.9913,46.8805],[-80.991,46.8792],[-80.991,46.8784],[-80.9913,46.8778],[-80.992,46.8771],[-80.9927,46.8768],[-80.9942,46.8761],[-80.9951,46.8755],[-80.9965,46.8732],[-80.9969,46.8722],[-80.9969,46.8709],[-80.9961,46.8631],[-80.9958,46.862],[-80.9954,46.8613],[-80.9948,46.8607],[-80.9917,46.8588],[-80.9909,46.8581],[-80.9894,46.8564],[-80.9879,46.8552],[-80.9871,46.8543],[-80.9857,46.8521],[-80.985,46.8513],[-80.9841,46.8507],[-80.9835,46.8504],[-80.9824,46.8499],[-80.9791,46.8488],[-80.9784,46.8485],[-80.9771,46.8477],[-80.9763,46.847],[-80.9755,46.8462],[-80.9738,46.843],[-80.9733,46.8423],[-80.9723,46.8416],[-80.9666,46.8384],[-80.9655,46.8376],[-80.9643,46.8363],[-80.9639,46.8357],[-80.9633,46.834],[-80.962,46.8288],[-80.9613,46.827],[-80.9592,46.8237],[-80.959,46.8218],[-80.9594,46.8182],[-80.9589,46.8165],[-80.9558,46.8113],[-80.9548,46.8095],[-80.9541,46.8076],[-80.9532,46.8056],[-80.9516,46.8039],[-80.9501,46.8021],[-80.9495,46.8001],[-80.9497,46.798],[-80.9503,46.796],[-80.9507,46.794],[-80.9498,46.7899],[-80.9502,46.7859],[-80.9505,46.784],[-80.9509,46.7821],[-80.9516,46.7804],[-80.9513,46.7786],[-80.95,46.7769],[-80.9492,46.7752],[-80.9498,46.7679],[-80.9504,46.766],[-80.9509,46.7559],[-80.9507,46.7538],[-80.951,46.7517],[-80.9517,46.7498],[-80.952,46.7478],[-80.9504,46.7399],[-80.9501,46.7381],[-80.9502,46.7359],[-80.9513,46.7319],[-80.9514,46.7299],[-80.9505,46.7268],[-80.9503,46.7257],[-80.9504,46.7249],[-80.9521,46.7177],[-80.9522,46.7168],[-80.9519,46.7159],[-80.9512,46.7152],[-80.9503,46.7147],[-80.9492,46.7142],[-80.9245,46.7103],[-80.9239,46.7099],[-80.9234,46.7093],[-80.9233,46.7087],[-80.925,46.7051],[-80.9253,46.7043],[-80.9254,46.7033],[-80.9253,46.7003],[-80.9249,46.6993],[-80.9243,46.6984],[-80.9219,46.6957],[-80.9212,46.6946],[-80.9171,46.6859],[-80.9168,46.6841],[-80.9247,46.6529],[-80.9308,46.6084],[-80.9322,46.602],[-80.9329,46.6001],[-80.9344,46.5985],[-80.9387,46.5962],[-80.9399,46.5945],[-80.9409,46.591],[-80.9416,46.5896],[-80.9429,46.5882],[-80.9438,46.5868],[-80.9433,46.5853],[-80.9394,46.5816],[-80.9382,46.5803],[-80.9378,46.5789],[-80.9377,46.5758],[-80.9376,46.5742],[-80.9369,46.5727],[-80.9344,46.5701],[-80.9334,46.5687],[-80.933,46.5671],[-80.9325,46.5604],[-80.9318,46.5587],[-80.9305,46.557],[-80.9253,46.5521],[-80.9238,46.55],[-80.9136,46.5332],[-80.9122,46.5314],[-80.9104,46.5297],[-80.9085,46.5284],[-80.9003,46.5236],[-80.8852,46.516],[-80.8844,46.5156],[-80.8833,46.5153],[-80.8821,46.5152],[-80.881,46.5152],[-80.8667,46.5172],[-80.8644,46.5172],[-80.8627,46.517],[-80.8424,46.5143],[-80.8418,46.5142],[-80.8409,46.5138],[-80.8402,46.5134],[-80.8396,46.5128],[-80.8391,46.5121],[-80.839,46.5114],[-80.8391,46.5105],[-80.8395,46.5081],[-80.84,46.5067],[-80.8433,46.4988],[-80.8436,46.4978],[-80.8436,46.4963],[-80.8435,46.4958],[-80.8431,46.4949],[-80.8426,46.4941],[-80.8418,46.4932],[-80.8316,46.4853],[-80.8307,46.4848],[-80.8293,46.4843],[-80.8258,46.4836],[-80.825,46.4833],[-80.8242,46.4828],[-80.8236,46.4822],[-80.8212,46.4787],[-80.821,46.4782],[-80.8209,46.4775],[-80.821,46.477],[-80.8212,46.4767],[-80.8217,46.4761],[-80.828,46.4715],[-80.829,46.4704],[-80.8295,46.4695],[-80.8298,46.4686],[-80.8298,46.4679],[-80.8296,46.4663],[-80.8296,46.4658],[-80.8298,46.4653],[-80.8302,46.4648],[-80.8308,46.4644],[-80.8326,46.4635],[-80.8337,46.4628],[-80.837,46.4599],[-80.8379,46.4594],[-80.8394,46.4586],[-80.8428,46.4573],[-80.844,46.4566],[-80.8445,46.4561],[-80.845,46.4554],[-80.8452,46.4547],[-80.8451,46.4541],[-80.845,46.4537],[-80.8446,46.453],[-80.8426,46.4509],[-80.8413,46.4486],[-80.8411,46.4479],[-80.841,46.4473],[-80.8413,46.4457],[-80.8413,46.4452],[-80.8411,46.4443],[-80.8407,46.4437],[-80.832,46.431],[-80.831,46.4293],[-80.8258,46.4178],[-80.8256,46.4171],[-80.8255,46.4164],[-80.8256,46.4134],[-80.8255,46.4124],[-80.8251,46.4114],[-80.8239,46.4098],[-80.8234,46.4093],[-80.8202,46.407],[-80.8194,46.4066],[-80.8187,46.4064],[-80.8177,46.4063],[-80.8169,46.4064],[-80.8118,46.4079],[-80.8105,46.4081],[-80.8097,46.408],[-80.8089,46.4079],[-80.8063,46.4073],[-80.8047,46.4069],[-80.8037,46.4064],[-80.8029,46.4059],[-80.8019,46.4049],[-80.7988,46.4008],[-80.7985,46.4001],[-80.7983,46.3995],[-80.7982,46.3985],[-80.7985,46.3963],[-80.7987,46.3951],[-80.7989,46.3945],[-80.7994,46.3937],[-80.8044,46.3884],[-80.8055,46.3877],[-80.8095,46.3861],[-80.8111,46.3853],[-80.8202,46.3792],[-80.821,46.3781],[-80.8212,46.3769],[-80.8208,46.3756],[-80.8206,46.3742],[-80.8223,46.3632],[-80.8229,46.3615],[-80.8267,46.3542],[-80.8312,46.3471],[-80.8327,46.3454],[-80.8347,46.3441],[-80.836,46.3424],[-80.8387,46.3348],[-80.8387,46.3329],[-80.8376,46.331],[-80.8346,46.3277],[-80.8338,46.3257],[-80.834,46.3239],[-80.8349,46.32],[-80.8348,46.318],[-80.8345,46.316],[-80.8345,46.314],[-80.8359,46.3102],[-80.8361,46.3084],[-80.8366,46.3068],[-80.8374,46.3053],[-80.8379,46.3038],[-80.8381,46.3022],[-80.8392,46.3008],[-80.8432,46.2993],[-80.8445,46.298],[-80.8446,46.2964],[-80.844,46.2899],[-80.8446,46.2883],[-80.8458,46.287],[-80.847,46.2859],[-80.8477,46.2847],[-80.848,46.2835],[-80.8491,46.2824],[-80.8505,46.2815],[-80.8525,46.2813],[-80.8564,46.2824],[-80.8585,46.2824],[-80.8604,46.282],[-80.862,46.2811],[-80.8661,46.2781],[-80.8673,46.2771],[-80.8678,46.2758],[-80.8677,46.2729],[-80.8685,46.2716],[-80.8699,46.2704],[-80.8711,46.2691],[-80.8716,46.2675],[-80.8726,46.2609],[-80.8727,46.2525],[-80.8728,46.2509],[-80.8747,46.2481],[-80.8746,46.2466],[-80.8732,46.245],[-80.8662,46.2417],[-80.8644,46.2405],[-80.8636,46.2388],[-80.8638,46.237],[-80.8709,46.2127],[-80.8709,46.2111],[-80.8702,46.2095],[-80.8685,46.2084],[-80.8662,46.208],[-80.8613,46.2082],[-80.8588,46.2077],[-80.8459,46.2017],[-80.8437,46.2008],[-80.8413,46.2004],[-80.8393,46.1997],[-80.8381,46.1983],[-80.8375,46.1966],[-80.8367,46.195],[-80.8336,46.1924],[-80.8316,46.1913],[-80.8291,46.191],[-80.8056,46.1913],[-80.7956,46.1909],[-80.7935,46.1904],[-80.7922,46.1892],[-80.7918,46.1878],[-80.7913,46.1848],[-80.7909,46.1833],[-80.7879,46.1771],[-80.7866,46.1755],[-80.7856,46.1738],[-80.7844,46.1703],[-80.7836,46.1686],[-80.7817,46.1652],[-80.7813,46.1634],[-80.7807,46.1616],[-80.7799,46.1599],[-80.7773,46.1528],[-80.7775,46.1491],[-80.7763,46.1475],[-80.7729,46.1448],[-80.7715,46.1433],[-80.7707,46.1416],[-80.7708,46.1399],[-80.7715,46.1366],[-80.7718,46.1349],[-80.7716,46.1331],[-80.7698,46.1253],[-80.7679,46.1221],[-80.765,46.1191],[-80.7639,46.1175],[-80.7632,46.1158],[-80.7622,46.1143],[-80.7608,46.113],[-80.76,46.1115],[-80.76,46.1099],[-80.7609,46.1067],[-80.761,46.1049],[-80.7605,46.1032],[-80.7587,46.1],[-80.7579,46.0984],[-80.757,46.0949],[-80.7565,46.0932],[-80.7536,46.0876],[-80.7529,46.0858],[-80.7527,46.0837],[-80.7527,46.0795],[-80.7523,46.0774],[-80.7477,46.0621],[-80.748,46.0598],[-80.7529,46.0496],[-80.7538,46.0454],[-80.7569,46.039],[-80.7578,46.0369],[-80.7581,46.035],[-80.7581,46.0333],[-80.7566,46.0302],[-80.7557,46.0287],[-80.754,46.0272],[-80.7455,46.0201],[-80.7444,46.0185],[-80.743,46.0151],[-80.7414,46.0138],[-80.7391,46.013],[-80.7371,46.0121],[-80.7306,46.0069],[-80.7293,46.0052],[-80.7285,46.0033],[-80.728,45.999],[-80.7267,45.9971],[-80.7083,45.9786],[-80.7069,45.9765],[-80.7058,45.9744],[-80.7044,45.9724],[-80.702,45.9709],[-80.6911,45.9662],[-80.6883,45.965],[-80.6779,45.9584],[-80.6752,45.9565],[-80.6724,45.9549],[-80.6668,45.9513],[-80.6639,45.9496],[-80.6281,45.9329],[-80.6253,45.9317],[-80.6192,45.9282],[-80.6171,45.9277],[-80.6147,45.9278],[-80.6086,45.9294],[-80.6061,45.9294],[-80.6043,45.9287],[-80.6026,45.9274],[-80.6004,45.9261],[-80.596,45.9244],[-80.5883,45.9196],[-80.5865,45.9182],[-80.5818,45.9126],[-80.5801,45.9119],[-80.5778,45.9118],[-80.5755,45.912],[-80.5712,45.9107],[-80.5692,45.9098],[-80.5601,45.9032],[-80.5586,45.9023],[-80.5505,45.8994],[-80.5489,45.8987],[-80.5474,45.8976],[-80.5462,45.8967],[-80.5428,45.8948],[-80.5412,45.8942],[-80.5391,45.8938],[-80.5372,45.893],[-80.532,45.8882],[-80.5262,45.8845],[-80.5228,45.8827],[-80.5229,45.8829],[-80.5173,45.8781],[-80.5141,45.8763],[-80.5128,45.8751],[-80.5115,45.8735],[-80.5084,45.8715],[-80.5007,45.8654],[-80.4988,45.8645],[-80.4965,45.8641],[-80.4896,45.8637],[-80.4804,45.8641],[-80.478,45.8637],[-80.4761,45.8629],[-80.4633,45.8538],[-80.4474,45.8437],[-80.442,45.8407],[-80.4372,45.8376],[-80.4324,45.8347],[-80.4304,45.8338],[-80.4287,45.8328],[-80.4275,45.8316],[-80.4259,45.8306],[-80.4202,45.8291],[-80.4184,45.8284],[-80.4162,45.8281],[-80.4143,45.8277],[-80.4113,45.8257],[-80.4081,45.824],[-80.407,45.8227],[-80.4066,45.8216],[-80.4043,45.8192],[-80.4029,45.8183],[-80.3975,45.8134],[-80.3962,45.8126],[-80.3947,45.812],[-80.3931,45.8115],[-80.3916,45.8116],[-80.3899,45.812],[-80.3883,45.8123],[-80.3866,45.8121],[-80.3833,45.8111],[-80.3819,45.8104],[-80.3806,45.8095],[-80.3796,45.8085],[-80.3576,45.7867],[-80.3563,45.7847],[-80.3344,45.7438],[-80.3326,45.7411],[-80.3299,45.7392],[-80.3139,45.7332],[-80.3115,45.7317],[-80.3077,45.7283],[-80.3054,45.7272],[-80.2999,45.7262],[-80.2974,45.7254],[-80.2902,45.7227],[-80.2875,45.7225],[-80.2847,45.7227],[-80.2821,45.7223],[-80.28,45.7214],[-80.2783,45.7201],[-80.2764,45.7189],[-80.2739,45.7184],[-80.2713,45.7188],[-80.2567,45.7171],[-80.244,45.7128],[-80.239,45.7113],[-80.2313,45.7124],[-80.2112,45.7135],[-80.2071,45.7154],[-80.1993,45.7142],[-80.1946,45.7166],[-80.1909,45.7159],[-80.1858,45.7124],[-80.1803,45.7067],[-80.1757,45.6994],[-80.1443,45.6881],[-80.1331,45.6857],[-80.1265,45.6811],[-80.1207,45.6799],[-80.1125,45.6674],[-80.1108,45.6667],[-80.1094,45.6658],[-80.1084,45.6646],[-80.1071,45.6636],[-80.1027,45.6594],[-80.1014,45.6585],[-80.0991,45.6548],[-80.0981,45.6536],[-80.097,45.6525],[-80.0954,45.6516],[-80.0934,45.6509],[-80.0914,45.6502],[-80.0866,45.6491],[-80.0844,45.6482],[-80.0831,45.6465],[-80.0807,45.6431],[-80.079,45.6417],[-80.0605,45.6307],[-80.0587,45.6294],[-80.0571,45.6279],[-80.0559,45.6262],[-80.0549,45.6245],[-80.0491,45.6176],[-80.0473,45.616],[-80.0309,45.6053],[-80.0296,45.6039],[-80.0287,45.6004],[-80.0284,45.5986],[-80.0284,45.5968],[-80.0293,45.5908],[-80.0295,45.5888],[-80.0292,45.5849],[-80.0311,45.5798],[-80.0315,45.5779],[-80.0316,45.5761],[-80.031,45.5663],[-80.031,45.5645],[-80.0318,45.5594],[-80.0324,45.5578],[-80.0327,45.5561],[-80.0303,45.548],[-80.0298,45.5433],[-80.0293,45.5404],[-80.0294,45.5388],[-80.0286,45.5373],[-80.027,45.5361],[-80.0257,45.5347],[-80.0232,45.5262],[-80.0228,45.5243],[-80.0216,45.5145],[-80.0208,45.5125],[-80.0167,45.5068],[-80.0155,45.5048],[-80.0151,45.5026],[-80.0123,45.494],[-80.0106,45.486],[-80.0104,45.4843],[-80.0112,45.4828],[-80.0115,45.4813],[-80.0115,45.4798],[-80.0125,45.4767],[-80.0127,45.4751],[-80.0125,45.472],[-80.0131,45.4705],[-80.0141,45.469],[-80.0149,45.4675],[-80.0153,45.4624],[-80.0176,45.4556],[-80.0178,45.4539],[-80.0179,45.4478],[-80.0182,45.4464],[-80.0194,45.4452],[-80.0213,45.4447],[-80.0232,45.4442],[-80.0243,45.443],[-80.0246,45.4417],[-80.0254,45.4404],[-80.0302,45.4375],[-80.0314,45.4347],[-80.0311,45.4331],[-80.0305,45.4316],[-80.0276,45.4275],[-80.0271,45.426],[-80.0262,45.4197],[-80.0261,45.4183],[-80.0268,45.4154],[-80.0267,45.4141],[-80.0265,45.4128],[-80.0239,45.409],[-80.0235,45.4076],[-80.0238,45.4062],[-80.0249,45.405],[-80.028,45.4031],[-80.0306,45.4011],[-80.0329,45.3992],[-80.034,45.3983],[-80.0367,45.3955],[-80.0378,45.3947],[-80.0405,45.3932],[-80.0406,45.3933],[-80.0415,45.3922],[-80.0457,45.3831],[-80.0463,45.3817],[-80.0464,45.3803],[-80.0465,45.3688],[-80.0447,45.3579],[-80.0443,45.3567],[-80.0438,45.3554],[-80.0429,45.3544],[-80.0408,45.3529],[-80.0371,45.3508],[-80.0352,45.3497],[-80.0343,45.3494],[-80.0332,45.3494],[-80.0324,45.3497],[-80.0319,45.3499],[-80.0313,45.3505],[-80.0301,45.3519],[-80.0296,45.3522],[-80.029,45.3525],[-80.0283,45.3526],[-80.0273,45.3526],[-80.0265,45.3524],[-80.0258,45.3521],[-80.0252,45.3516],[-80.025,45.3511],[-80.0248,45.3503],[-80.0249,45.3492],[-80.0253,45.3481],[-80.0255,45.3477],[-80.0266,45.3465],[-80.0269,45.346],[-80.027,45.3454],[-80.0269,45.3448],[-80.0262,45.3433],[-80.0258,45.3425],[-80.0255,45.3422],[-80.024,45.3411],[-80.0234,45.3408],[-80.0208,45.34],[-80.0175,45.3394],[-80.0165,45.339],[-80.0161,45.3388],[-80.0147,45.3376],[-80.0134,45.3366],[-80.0129,45.3359],[-80.0121,45.3346],[-80.0115,45.3341],[-80.0086,45.3325],[-80.0059,45.3308],[-80.0032,45.3295],[-79.9936,45.3242],[-79.9916,45.3231],[-79.9912,45.3227],[-79.9909,45.3223],[-79.9906,45.3214],[-79.9905,45.3182],[-79.9898,45.3143],[-79.9896,45.3136],[-79.9894,45.3131],[-79.9885,45.3121],[-79.9877,45.3115],[-79.9831,45.3088],[-79.9825,45.3085],[-79.9818,45.3082],[-79.9806,45.308],[-79.9799,45.308],[-79.9771,45.3084],[-79.9756,45.3084],[-79.9747,45.3083],[-79.9723,45.3079],[-79.9712,45.3078],[-79.9697,45.3079],[-79.9652,45.3085],[-79.9645,45.3085],[-79.9636,45.3084],[-79.9622,45.3079],[-79.96,45.3065],[-79.9582,45.3056],[-79.9533,45.3038],[-79.9523,45.3033],[-79.9499,45.3019],[-79.9488,45.3014],[-79.9476,45.3011],[-79.9424,45.3005],[-79.9405,45.3007],[-79.9399,45.3008],[-79.9392,45.3011],[-79.938,45.3019],[-79.9349,45.3044],[-79.9338,45.3049],[-79.9327,45.3052],[-79.9318,45.3053],[-79.9261,45.3053],[-79.9245,45.3052],[-79.924,45.305],[-79.923,45.3047],[-79.9195,45.3029],[-79.9188,45.3025],[-79.9179,45.3016],[-79.9171,45.3011],[-79.9167,45.301],[-79.9155,45.3008],[-79.9111,45.3009],[-79.9101,45.3007],[-79.9095,45.3005],[-79.9086,45.3],[-79.9082,45.2996],[-79.9066,45.2977],[-79.9063,45.2974],[-79.9058,45.2971],[-79.9046,45.2966],[-79.9034,45.2964],[-79.9011,45.2964],[-79.9003,45.2963],[-79.8932,45.2951],[-79.8921,45.2947],[-79.8909,45.2939],[-79.8902,45.2932],[-79.8897,45.2924],[-79.8893,45.291],[-79.8888,45.2901],[-79.8884,45.2897],[-79.8876,45.289],[-79.8866,45.2885],[-79.8845,45.2877],[-79.8838,45.2874],[-79.8832,45.2869],[-79.882,45.2854],[-79.8811,45.2848],[-79.8791,45.284],[-79.8774,45.2832],[-79.8742,45.2821],[-79.8719,45.281],[-79.8704,45.2806],[-79.8672,45.2801],[-79.8663,45.28],[-79.865,45.2802],[-79.859,45.2822],[-79.8584,45.2823],[-79.8571,45.2825],[-79.8558,45.2825],[-79.8537,45.2822],[-79.853,45.282],[-79.852,45.2816],[-79.8514,45.2813],[-79.8505,45.2806],[-79.8472,45.2769],[-79.8468,45.2766],[-79.8454,45.2758],[-79.8435,45.2751],[-79.8427,45.2746],[-79.8424,45.2743],[-79.8422,45.2736],[-79.8422,45.2726],[-79.8433,45.262],[-79.8433,45.2615],[-79.8425,45.2554],[-79.8422,45.2545],[-79.8419,45.2541],[-79.8411,45.2534],[-79.8378,45.2515],[-79.8372,45.251],[-79.8362,45.25],[-79.8359,45.2496],[-79.8355,45.2486],[-79.8353,45.2469],[-79.8349,45.2461],[-79.8324,45.2431],[-79.8317,45.2422],[-79.8302,45.2379],[-79.8298,45.2371],[-79.8292,45.2363],[-79.8286,45.2358],[-79.8251,45.2336],[-79.8241,45.2326],[-79.8236,45.2319],[-79.8215,45.2285],[-79.8196,45.2258],[-79.8194,45.2252],[-79.8195,45.2239],[-79.8194,45.2233],[-79.8191,45.2226],[-79.8188,45.2223],[-79.816,45.2201],[-79.815,45.2194],[-79.8095,45.2172],[-79.8087,45.2169],[-79.8047,45.2147],[-79.8038,45.2141],[-79.8031,45.2135],[-79.8015,45.2116],[-79.7994,45.2099],[-79.7987,45.2091],[-79.7962,45.2052],[-79.7943,45.2033],[-79.7939,45.2028],[-79.7931,45.2007],[-79.7928,45.2002],[-79.7882,45.1947],[-79.7874,45.1941],[-79.7852,45.1931],[-79.7833,45.1919],[-79.7829,45.1915],[-79.7825,45.1911],[-79.7814,45.1892],[-79.7767,45.1852],[-79.775,45.1835],[-79.772,45.1807],[-79.7715,45.1796],[-79.7708,45.1758],[-79.7707,45.1754],[-79.7703,45.1749],[-79.7694,45.1741],[-79.7679,45.1732],[-79.7664,45.172],[-79.7642,45.171],[-79.7638,45.1707],[-79.7635,45.1703],[-79.7631,45.1698],[-79.763,45.1695],[-79.7631,45.1689],[-79.7634,45.1675],[-79.7631,45.1666],[-79.7628,45.166],[-79.7606,45.1628],[-79.7601,45.1618],[-79.7593,45.1572],[-79.7588,45.1518],[-79.7584,45.1507],[-79.7581,45.1502],[-79.7571,45.149],[-79.7567,45.1487],[-79.7554,45.1479],[-79.7548,45.1473],[-79.7545,45.1466],[-79.7542,45.1451],[-79.7535,45.1442],[-79.7525,45.1433],[-79.7505,45.142],[-79.7499,45.1413],[-79.7469,45.1345],[-79.7464,45.1336],[-79.7424,45.1282],[-79.7397,45.1257],[-79.7388,45.1245],[-79.7384,45.1238],[-79.7382,45.1229],[-79.7374,45.117],[-79.737,45.1163],[-79.7368,45.116],[-79.736,45.1155],[-79.7347,45.1148],[-79.7341,45.1144],[-79.7322,45.1124],[-79.7315,45.1119],[-79.7308,45.1114],[-79.7294,45.1108],[-79.7263,45.11],[-79.7251,45.1093],[-79.7245,45.1088],[-79.7235,45.1072],[-79.7232,45.1069],[-79.7224,45.1063],[-79.7211,45.1057],[-79.7171,45.1042],[-79.7146,45.1029],[-79.7139,45.1023],[-79.7134,45.1017],[-79.7132,45.1009],[-79.7133,45.1005],[-79.7139,45.0984],[-79.7139,45.0977],[-79.7136,45.097],[-79.713,45.0963],[-79.7106,45.095],[-79.7098,45.0941],[-79.7093,45.093],[-79.7088,45.0903],[-79.7084,45.0896],[-79.7081,45.0891],[-79.7077,45.0887],[-79.7062,45.0874],[-79.7054,45.087],[-79.6997,45.0848],[-79.6991,45.0845],[-79.6987,45.0841],[-79.6984,45.0836],[-79.6983,45.0832],[-79.6983,45.082],[-79.6983,45.0814],[-79.698,45.0808],[-79.6972,45.0793],[-79.6958,45.0745],[-79.6952,45.0735],[-79.6944,45.0727],[-79.6932,45.072],[-79.6884,45.0698],[-79.6876,45.0693],[-79.6773,45.0623],[-79.6752,45.0609],[-79.6741,45.0605],[-79.6711,45.0593],[-79.6701,45.059],[-79.6691,45.0588],[-79.663,45.0583],[-79.657,45.0585],[-79.6557,45.0582],[-79.6547,45.0578],[-79.6542,45.0574],[-79.6518,45.0552],[-79.6495,45.0525],[-79.6486,45.0515],[-79.6449,45.0488],[-79.6418,45.0463],[-79.6411,45.0456],[-79.6409,45.0452],[-79.6406,45.0441],[-79.6401,45.0436],[-79.6367,45.0416],[-79.6354,45.0408],[-79.635,45.0404],[-79.6332,45.0386],[-79.6298,45.0361],[-79.6286,45.0351],[-79.628,45.0346],[-79.6268,45.034],[-79.6251,45.0335],[-79.6243,45.0331],[-79.62,45.0303],[-79.6176,45.0292],[-79.6167,45.0286],[-79.6132,45.0252],[-79.6123,45.0245],[-79.6114,45.0241],[-79.6106,45.0238],[-79.6085,45.0234],[-79.6075,45.023],[-79.6043,45.0212],[-79.6013,45.0197],[-79.6006,45.0191],[-79.5999,45.018],[-79.5992,45.0174],[-79.5965,45.0155],[-79.5932,45.0138],[-79.5904,45.013],[-79.5898,45.0127],[-79.5878,45.0114],[-79.5868,45.0109],[-79.5861,45.0106],[-79.5833,45.0098],[-79.5825,45.0095],[-79.5767,45.0068],[-79.5732,45.0054],[-79.5724,45.005],[-79.5718,45.0044],[-79.5692,45.0007],[-79.5689,45.0001],[-79.5689,44.9993],[-79.5707,44.9932],[-79.571,44.9925],[-79.5715,44.9919],[-79.5721,44.9913],[-79.5742,44.9903],[-79.5749,44.9898],[-79.5752,44.9892],[-79.5753,44.9889],[-79.5753,44.9884],[-79.5752,44.9879],[-79.575,44.9875],[-79.5745,44.987],[-79.5716,44.9847],[-79.5709,44.9839],[-79.5705,44.9832],[-79.5688,44.9784],[-79.5686,44.9781],[-79.568,44.9773],[-79.5673,44.9768],[-79.5607,44.9725],[-79.5599,44.9719],[-79.5596,44.9713],[-79.5594,44.9708],[-79.5593,44.9694],[-79.5592,44.9687],[-79.5569,44.9635],[-79.5564,44.9627],[-79.556,44.9622],[-79.5549,44.9611],[-79.5474,44.9562],[-79.5428,44.9519],[-79.5411,44.9508],[-79.5366,44.9484],[-79.5357,44.9478],[-79.5349,44.9472],[-79.5338,44.9461],[-79.5151,44.9256],[-79.5143,44.9248],[-79.5128,44.9238],[-79.5061,44.9207],[-79.5054,44.9204],[-79.5042,44.9194],[-79.5034,44.9186],[-79.5028,44.9174],[-79.5026,44.917],[-79.5024,44.916],[-79.502,44.9034],[-79.5018,44.9026],[-79.5013,44.9019],[-79.4966,44.8968],[-79.4959,44.8958],[-79.4955,44.8948],[-79.4952,44.8936],[-79.4951,44.8928],[-79.4945,44.8816],[-79.4947,44.8805],[-79.4967,44.8727],[-79.4969,44.8606],[-79.4971,44.8594],[-79.4973,44.8586],[-79.4977,44.8573],[-79.4983,44.8558],[-79.5025,44.8492],[-79.5028,44.8482],[-79.5029,44.8474],[-79.5028,44.847],[-79.5024,44.8458],[-79.502,44.8451],[-79.5015,44.8446],[-79.4962,44.84],[-79.4929,44.8377],[-79.4923,44.8371],[-79.4918,44.8361],[-79.4915,44.8338],[-79.491,44.8328],[-79.4902,44.8319],[-79.4892,44.8311],[-79.4886,44.8307],[-79.4734,44.8229],[-79.4728,44.8225],[-79.4712,44.821],[-79.4703,44.8204],[-79.4691,44.8199],[-79.4667,44.8192],[-79.4652,44.8185],[-79.4523,44.8107],[-79.4509,44.8095],[-79.4488,44.8072],[-79.448,44.8065],[-79.4468,44.8058],[-79.4457,44.8055],[-79.4449,44.8053],[-79.434,44.803],[-79.4328,44.8027],[-79.4323,44.8025],[-79.4313,44.8019],[-79.429,44.8001],[-79.4247,44.7982],[-79.4231,44.7976],[-79.4154,44.7965],[-79.4116,44.7967],[-79.4102,44.7966],[-79.4084,44.7963],[-79.407,44.7958],[-79.406,44.795],[-79.4012,44.79],[-79.4007,44.7894],[-79.4002,44.7886],[-79.3996,44.7875],[-79.3958,44.7764],[-79.3953,44.7756],[-79.3943,44.7749],[-79.3936,44.7745],[-79.3926,44.7742],[-79.3815,44.7721],[-79.3788,44.7715],[-79.3759,44.7707],[-79.3717,44.7692],[-79.3603,44.7649],[-79.3589,44.7643],[-79.3573,44.7635],[-79.3475,44.7571],[-79.3462,44.7562],[-79.3437,44.7538],[-79.3394,44.7509],[-79.336,44.7495],[-79.3355,44.7492],[-79.3351,44.7488],[-79.3347,44.7481],[-79.3345,44.7473],[-79.3344,44.7453],[-79.3341,44.7447],[-79.3335,44.7441],[-79.3323,44.7435],[-79.3258,44.741],[-79.3248,44.7404],[-79.3243,44.7398],[-79.308,44.7154],[-79.2789,44.6754],[-79.2733,44.6663],[-79.2727,44.6653],[-79.2725,44.6647],[-79.2725,44.6637],[-79.2731,44.6593],[-79.273,44.6583],[-79.2727,44.6575],[-79.2721,44.6565],[-79.2661,44.649],[-79.2657,44.6486],[-79.2649,44.648],[-79.2634,44.6472],[-79.2418,44.6391],[-79.2391,44.6378],[-79.2372,44.6366],[-79.2353,44.6351],[-79.2102,44.612],[-79.2093,44.611],[-79.2085,44.6099],[-79.2077,44.6081],[-79.2018,44.5941],[-79.1826,44.5486],[-79.1821,44.5475],[-79.1814,44.5465],[-79.1809,44.5459],[-79.1608,44.526],[-79.1591,44.524],[-79.1585,44.5228],[-79.1583,44.5223],[-79.1545,44.5086],[-79.1544,44.508],[-79.1544,44.5071],[-79.1545,44.5062],[-79.1567,44.4988],[-79.1574,44.4973],[-79.1582,44.4962],[-79.1626,44.4921],[-79.1638,44.4908],[-79.1646,44.4897],[-79.165,44.4887],[-79.1651,44.488],[-79.1652,44.4873],[-79.1651,44.486],[-79.1647,44.4847],[-79.1587,44.4691],[-79.1569,44.4648],[-79.1565,44.4635],[-79.1564,44.463],[-79.1559,44.4578],[-79.1559,44.4571],[-79.156,44.4552],[-79.1568,44.45],[-79.1586,44.4362],[-79.1593,44.4333],[-79.1688,44.4042],[-79.1708,44.3982],[-79.1717,44.396],[-79.199,44.3437],[-79.1998,44.342],[-79.2001,44.3411],[-79.2004,44.3398],[-79.2028,44.3163],[-79.2033,44.3146],[-79.204,44.313],[-79.2046,44.3123],[-79.2054,44.3114],[-79.2066,44.3104],[-79.284,44.2511],[-79.2848,44.2504],[-79.2857,44.2494],[-79.2865,44.2485],[-79.287,44.2474],[-79.2875,44.2465],[-79.2879,44.2448],[-79.2907,44.2194],[-79.2909,44.2183],[-79.2913,44.2175],[-79.2919,44.2164],[-79.3026,44.2033],[-79.3031,44.2023],[-79.3034,44.2003],[-79.3037,44.1993],[-79.3042,44.1984],[-79.3086,44.1911],[-79.3242,44.1661],[-79.3245,44.1654],[-79.3247,44.1644],[-79.3247,44.1633],[-79.3195,44.1315],[-79.3195,44.1306],[-79.3196,44.1297],[-79.32,44.1289],[-79.3204,44.1283],[-79.3253,44.1223],[-79.3259,44.1215],[-79.3263,44.1208],[-79.3265,44.12],[-79.3266,44.1192],[-79.3263,44.1151],[-79.3263,44.1144],[-79.3265,44.1138],[-79.327,44.1131],[-79.3286,44.112],[-79.3294,44.1112],[-79.3296,44.1108],[-79.331,44.1077],[-79.3315,44.1067],[-79.336,44.1001],[-79.3365,44.0994],[-79.3373,44.0988],[-79.3383,44.0984],[-79.3442,44.0966],[-79.3451,44.0963],[-79.3463,44.0955],[-79.3467,44.0949],[-79.347,44.0943],[-79.347,44.0936],[-79.3468,44.0927],[-79.3463,44.092],[-79.3449,44.0909],[-79.341,44.0886],[-79.3406,44.0882],[-79.3402,44.0876],[-79.3398,44.0868],[-79.3398,44.0861],[-79.3401,44.0842],[-79.3403,44.0835],[-79.3406,44.0829],[-79.3411,44.0824],[-79.3472,44.0768],[-79.3482,44.0756],[-79.3487,44.0748],[-79.3491,44.0738],[-79.3519,44.0645],[-79.3525,44.0629],[-79.3667,44.0368],[-79.3674,44.0359],[-79.368,44.0351],[-79.3728,44.0309],[-79.3738,44.0296],[-79.3863,44.0058],[-79.3896,43.9996],[-79.391,43.9978],[-79.399,43.9887],[-79.3994,43.9879],[-79.3995,43.987],[-79.3993,43.9866],[-79.3972,43.9826],[-79.3969,43.9817],[-79.3969,43.98],[-79.3976,43.9728],[-79.3975,43.9717],[-79.3971,43.9707],[-79.3944,43.9666],[-79.3942,43.9657],[-79.3943,43.965],[-79.3947,43.9642],[-79.3996,43.959],[-79.4002,43.9582],[-79.4004,43.9574],[-79.4004,43.9463],[-79.4003,43.9452],[-79.4,43.944],[-79.3977,43.9383],[-79.3976,43.9375],[-79.3976,43.9371],[-79.3978,43.9364],[-79.398,43.9361],[-79.3985,43.9354],[-79.3992,43.935],[-79.4001,43.9345],[-79.4039,43.9333],[-79.4044,43.933],[-79.4052,43.9325],[-79.406,43.9316],[-79.4069,43.9297],[-79.4076,43.9287],[-79.408,43.9284],[-79.4117,43.926],[-79.4128,43.9251],[-79.4136,43.9243],[-79.4169,43.9199],[-79.4177,43.9189],[-79.4256,43.9125],[-79.4266,43.9114],[-79.4273,43.9105],[-79.4278,43.9094],[-79.4344,43.8888],[-79.4345,43.8879],[-79.4344,43.8867],[-79.434,43.8854],[-79.4334,43.8843],[-79.4299,43.8791],[-79.4274,43.8766],[-79.427,43.876],[-79.4251,43.8693],[-79.425,43.8685],[-79.4251,43.8678],[-79.4284,43.8559],[-79.4286,43.8548],[-79.429,43.8508],[-79.4289,43.8493],[-79.4279,43.8451],[-79.4274,43.8435],[-79.427,43.8428],[-79.4219,43.8367],[-79.4179,43.8329],[-79.4133,43.8286],[-79.4119,43.8278],[-79.4106,43.8273],[-79.4026,43.8257],[-79.4011,43.8252],[-79.3993,43.8243],[-79.3982,43.8234],[-79.3975,43.8228],[-79.3851,43.8108],[-79.3775,43.8042],[-79.3769,43.8037],[-79.3742,43.8],[-79.3736,43.7989],[-79.3672,43.7813],[-79.367,43.7799],[-79.367,43.7786],[-79.3672,43.7779],[-79.3685,43.7749],[-79.3687,43.7743],[-79.3688,43.7735],[-79.3681,43.7702],[-79.3674,43.7689],[-79.3492,43.7458],[-79.3483,43.745],[-79.3474,43.7443],[-79.3465,43.7438],[-79.3447,43.7431],[-79.3422,43.7427],[-79.3386,43.7426],[-79.3377,43.7424],[-79.3374,43.7422],[-79.3367,43.7417],[-79.3345,43.7386],[-79.3341,43.7379],[-79.3338,43.7356],[-79.3335,43.7352],[-79.333,43.7347],[-79.3319,43.7343],[-79.3297,43.7337],[-79.3282,43.7331],[-79.3261,43.7315],[-79.3256,43.7313],[-79.3243,43.7309],[-79.3221,43.7304],[-79.3216,43.7302],[-79.3212,43.7299],[-79.3208,43.7296],[-79.3205,43.7289],[-79.3206,43.7281],[-79.3227,43.7238],[-79.3229,43.7226],[-79.3226,43.7216],[-79.3198,43.7156],[-79.3197,43.7153],[-79.3196,43.7146],[-79.3198,43.7125],[-79.3199,43.7121],[-79.3205,43.7114],[-79.3212,43.711],[-79.3246,43.7099],[-79.3254,43.7096],[-79.3306,43.7069],[-79.3341,43.7052],[-79.3411,43.7001],[-79.342,43.6996],[-79.3436,43.6992],[-79.3446,43.6992],[-79.3457,43.6994],[-79.3481,43.7001],[-79.3491,43.7002],[-79.3499,43.7001],[-79.3506,43.7],[-79.3522,43.6997],[-79.3541,43.6989],[-79.3552,43.6983],[-79.3558,43.6979],[-79.3567,43.6971],[-79.3597,43.6934],[-79.3601,43.6928],[-79.3609,43.6908],[-79.3626,43.6888],[-79.3628,43.6884],[-79.3628,43.6878],[-79.3622,43.6862],[-79.3621,43.6857],[-79.3622,43.6853],[-79.3624,43.6847],[-79.3629,43.6842],[-79.3632,43.684],[-79.3665,43.6823],[-79.3672,43.6817],[-79.3675,43.681],[-79.3676,43.6806],[-79.3676,43.6802],[-79.3673,43.6795],[-79.365,43.6765],[-79.3646,43.676],[-79.3638,43.6742],[-79.3629,43.6729],[-79.3622,43.6722],[-79.3586,43.6692],[-79.358,43.6684],[-79.3547,43.6579],[-79.3543,43.6574],[-79.3512,43.6546],[-79.351,43.6543],[-79.3509,43.6539],[-79.3511,43.6532],[-79.3517,43.6527],[-79.3558,43.6504],[-79.3566,43.6501],[-79.3615,43.6484],[-79.3735,43.6458],[-79.3803,43.6448]]}},{"type":"Feature","id":"278","properties":{"geometryId":"278","routeId":"149-435"},"geometry":{"type":"LineString","coordinates":[[-94.1746,58.7677],[-94.1679,58.7652],[-94.1352,58.7535],[-94.1333,58.7526],[-94.1319,58.7515],[-94.1314,58.751],[-94.1308,58.7498],[-94.1237,58.7317],[-94.1234,58.7308],[-94.1232,58.7299],[-94.1245,58.7075],[-94.1245,58.7063],[-94.1182,58.6225],[-94.1181,58.6215],[-94.1182,58.6205],[-94.1291,58.5619],[-94.1366,58.4173],[-94.1368,58.4153],[-94.1576,58.3389],[-94.1578,58.3377],[-94.1578,58.2737],[-94.1541,58.2461],[-94.1475,58.214],[-94.1474,58.2121],[-94.1462,58.1667],[-94.1387,58.1323],[-94.1386,58.1312],[-94.1386,58.1298],[-94.1422,58.0818],[-94.1456,58.0682],[-94.1461,58.0666],[-94.1471,58.0648],[-94.1521,58.0562],[-94.1526,58.0552],[-94.153,58.0543],[-94.1589,58.0257],[-94.1589,58.0249],[-94.1586,58.0191],[-94.1577,58.0053],[-94.1572,57.9979],[-94.1571,57.9968],[-94.1539,57.9831],[-94.1538,57.9819],[-94.1539,57.9811],[-94.1541,57.9802],[-94.164,57.9513],[-94.1647,57.9499],[-94.1712,57.9389],[-94.1718,57.9377],[-94.172,57.9363],[-94.1728,57.9274],[-94.1731,57.9263],[-94.1734,57.9256],[-94.2045,57.8669],[-94.2049,57.8662],[-94.2051,57.8656],[-94.2052,57.8651],[-94.205,57.8641],[-94.202,57.8512],[-94.2019,57.8501],[-94.2022,57.849],[-94.2088,57.8353],[-94.209,57.8347],[-94.2144,57.805],[-94.2145,57.8036],[-94.2145,57.8028],[-94.2132,57.7853],[-94.2133,57.7835],[-94.2195,57.7611],[-94.2197,57.7604],[-94.2202,57.7595],[-94.2308,57.7418],[-94.2311,57.7409],[-94.2314,57.74],[-94.2314,57.7396],[-94.2316,57.6933],[-94.2313,57.6917],[-94.2143,57.6374],[-94.2141,57.6356],[-94.2155,57.6188],[-94.2155,57.6175],[-94.2154,57.6164],[-94.2014,57.5671],[-94.201,57.5652],[-94.201,57.5634],[-94.2044,57.5347],[-94.2044,57.5335],[-94.2043,57.5323],[-94.2041,57.5315],[-94.2,57.5151],[-94.1998,57.5139],[-94.1981,57.444],[-94.1897,57.3788],[-94.1894,57.3775],[-94.1873,57.3719],[-94.1866,57.3703],[-94.1864,57.3693],[-94.182,57.3367],[-94.1817,57.3355],[-94.1731,57.311],[-94.1729,57.3102],[-94.1729,57.309],[-94.1731,57.3079],[-94.1806,57.2757],[-94.1808,57.2747],[-94.1808,57.2739],[-94.1599,57.1425],[-94.1597,57.1414],[-94.1498,57.1093],[-94.1495,57.108],[-94.135,56.993],[-94.1345,56.9915],[-94.1341,56.9906],[-94.128,56.98],[-94.1203,56.9634],[-94.1144,56.9401],[-94.1143,56.9394],[-94.1142,56.9384],[-94.1141,56.9143],[-94.114,56.9067],[-94.1138,56.9058],[-94.1127,56.9008],[-94.0748,56.7385],[-94.0746,56.7373],[-94.0701,56.6768],[-94.0621,56.5677],[-94.0621,56.5667],[-94.0625,56.5657],[-94.063,56.565],[-94.064,56.5642],[-94.0892,56.5475],[-94.1269,56.5263],[-94.1281,56.5255],[-94.1344,56.52],[-94.1362,56.5189],[-94.1383,56.5181],[-94.1402,56.5175],[-94.1424,56.5172],[-94.1539,56.5165],[-94.1555,56.5163],[-94.1576,56.5158],[-94.1589,56.5154],[-94.1606,56.5148],[-94.1708,56.5098],[-94.1719,56.5094],[-94.1731,56.5091],[-94.1744,56.5089],[-94.187,56.5081],[-94.1944,56.5078],[-94.1965,56.5076],[-94.1983,56.5072],[-94.23,56.4969],[-94.4194,56.4349],[-94.4232,56.434],[-94.4895,56.4217],[-94.4952,56.4206],[-94.4987,56.4196],[-94.5775,56.3949],[-94.5797,56.3944],[-94.5814,56.3943],[-94.5852,56.3944],[-94.5864,56.3941],[-94.5874,56.3937],[-94.5883,56.393],[-94.597,56.3825],[-94.5981,56.3813],[-94.6082,56.3727],[-94.6095,56.3718],[-94.6116,56.3708],[-94.614,56.3702],[-94.6286,56.3672],[-94.6319,56.3664],[-94.6725,56.3536],[-94.7108,56.3445],[-94.7142,56.3434],[-94.7194,56.3414],[-94.7222,56.3406],[-94.7238,56.3402],[-94.73,56.3393],[-94.7329,56.3387],[-94.7804,56.3248],[-94.8002,56.3198],[-94.8026,56.319],[-94.806,56.3177],[-94.8291,56.3073],[-94.9958,56.2323],[-94.9989,56.2311],[-95.0025,56.2301],[-95.0828,56.211],[-95.2873,56.1573],[-95.3415,56.1429],[-95.3438,56.1422],[-95.3461,56.1412],[-95.3653,56.1308],[-95.367,56.13],[-95.3739,56.1275],[-95.4043,56.1168],[-95.4054,56.1163],[-95.4067,56.1156],[-95.4149,56.1104],[-95.418,56.1088],[-95.4431,56.0987],[-95.4445,56.0982],[-95.4469,56.0976],[-95.4499,56.0973],[-95.4528,56.0973],[-95.4576,56.0977],[-95.4592,56.0977],[-95.4604,56.0976],[-95.5029,56.0916],[-95.5074,56.0907],[-95.5754,56.0757],[-95.5764,56.0754],[-95.5966,56.0677],[-95.5994,56.0667],[-95.6225,56.0607],[-95.6249,56.0599],[-95.6937,56.0331],[-95.6954,56.0325],[-95.6968,56.0322],[-95.6992,56.0319],[-95.7287,56.0304],[-95.73,56.0304],[-95.7321,56.0306],[-95.7428,56.0323],[-95.7459,56.0325],[-95.7479,56.0325],[-95.7652,56.0312],[-95.7672,56.0309],[-95.7683,56.0306],[-95.7758,56.028],[-95.7774,56.0276],[-95.7794,56.0274],[-95.7877,56.0273],[-95.7902,56.027],[-95.7922,56.0264],[-95.798,56.0239],[-95.7992,56.0235],[-95.8005,56.0232],[-95.8018,56.0231],[-95.8036,56.023],[-95.8137,56.023],[-95.8155,56.0229],[-95.8165,56.0227],[-95.8184,56.0222],[-95.8202,56.0214],[-95.8364,56.0111],[-95.8375,56.0106],[-95.8393,56.01],[-95.8406,56.0098],[-95.8423,56.0096],[-95.8695,56.0077],[-95.8713,56.0075],[-95.873,56.0071],[-95.8994,55.9996],[-95.9019,55.999],[-95.9429,55.9913],[-95.9451,55.9907],[-95.9468,55.9902],[-95.9552,55.987],[-95.9571,55.9864],[-95.9595,55.9858],[-96.0038,55.9767],[-96.0253,55.9725],[-96.0514,55.9655],[-96.1211,55.9528],[-96.2026,55.929],[-96.287,55.9188],[-96.305,55.9134],[-96.3169,55.9092],[-96.3215,55.9079],[-96.3281,55.9073],[-96.3509,55.9066],[-96.3546,55.9064],[-96.362,55.9058],[-96.3697,55.9047],[-96.4223,55.8944],[-96.4241,55.894],[-96.4256,55.8935],[-96.4284,55.8926],[-96.4686,55.8787],[-96.4699,55.8783],[-96.4732,55.8775],[-96.4772,55.877],[-96.5224,55.8731],[-96.5235,55.8729],[-96.5253,55.8725],[-96.5272,55.8717],[-96.5284,55.8709],[-96.5452,55.856],[-96.5459,55.8555],[-96.5467,55.855],[-96.5483,55.8542],[-96.5582,55.8509],[-96.5599,55.8502],[-96.5755,55.8411],[-96.5887,55.8311],[-96.5894,55.8304],[-96.5901,55.8294],[-96.5914,55.8253],[-96.5917,55.8248],[-96.5924,55.8237],[-96.5932,55.8229],[-96.5996,55.8175],[-96.6002,55.8169],[-96.6004,55.8164],[-96.6007,55.8158],[-96.6009,55.8148],[-96.601,55.8077],[-96.6012,55.8071],[-96.6016,55.8066],[-96.6021,55.8062],[-96.6026,55.8059],[-96.604,55.8054],[-96.606,55.8053],[-96.6098,55.8054],[-96.6108,55.8053],[-96.6122,55.805],[-96.6131,55.8044],[-96.6136,55.8039],[-96.6138,55.8033],[-96.6137,55.8015],[-96.6138,55.8008],[-96.6142,55.8001],[-96.6146,55.7995],[-96.6156,55.7987],[-96.6217,55.7956],[-96.6226,55.795],[-96.6235,55.7943],[-96.6256,55.7921],[-96.6379,55.7788],[-96.6385,55.7783],[-96.6398,55.7775],[-96.6411,55.777],[-96.6547,55.7724],[-96.6565,55.7717],[-96.6578,55.7714],[-96.6594,55.7712],[-96.6609,55.7711],[-96.6725,55.7713],[-96.6741,55.7712],[-96.6757,55.771],[-96.6783,55.7703],[-96.6963,55.7632],[-96.7175,55.7565],[-96.7187,55.7561],[-96.7217,55.7546],[-96.7228,55.7542],[-96.724,55.7538],[-96.7257,55.7535],[-96.7301,55.7532],[-96.733,55.7528],[-96.7493,55.7491],[-96.7529,55.7482],[-96.8141,55.726],[-96.816,55.7255],[-96.8181,55.725],[-96.8633,55.7194],[-96.8652,55.7189],[-96.8663,55.7185],[-96.8674,55.718],[-96.8682,55.7174],[-96.8688,55.717],[-96.8694,55.7162],[-96.8707,55.714],[-96.8714,55.7131],[-96.8724,55.7122],[-96.8735,55.7115],[-96.8746,55.711],[-96.876,55.7106],[-96.882,55.7096],[-96.8839,55.709],[-96.8852,55.7083],[-96.8862,55.7075],[-96.8949,55.6991],[-96.8955,55.6986],[-96.8969,55.6977],[-96.901,55.6956],[-96.902,55.695],[-96.908,55.6905],[-96.9093,55.6898],[-96.9107,55.6893],[-96.915,55.6884],[-96.9167,55.6879],[-96.9179,55.6873],[-96.9217,55.6851],[-96.9236,55.6844],[-96.9292,55.6831],[-96.9305,55.6827],[-96.934,55.6815],[-96.9362,55.6809],[-96.9868,55.6728],[-96.9889,55.6726],[-96.991,55.6725],[-97.0034,55.673],[-97.0059,55.6728],[-97.0071,55.6725],[-97.0086,55.672],[-97.0097,55.6715],[-97.0112,55.6704],[-97.0276,55.6557],[-97.0293,55.6544],[-97.032,55.6528],[-97.0342,55.6517],[-97.0499,55.6461],[-97.0513,55.6455],[-97.0526,55.6445],[-97.0626,55.6356],[-97.064,55.6344],[-97.0652,55.6337],[-97.067,55.6329],[-97.0884,55.6251],[-97.0899,55.6245],[-97.0915,55.6236],[-97.0925,55.6228],[-97.1017,55.6152],[-97.1029,55.6144],[-97.1043,55.6136],[-97.1058,55.613],[-97.1147,55.6101],[-97.1166,55.6095],[-97.1301,55.6039],[-97.1312,55.6032],[-97.132,55.6025],[-97.1375,55.5954],[-97.1385,55.5945],[-97.1393,55.594],[-97.1401,55.5936],[-97.1463,55.5913],[-97.1479,55.5905],[-97.1495,55.5894],[-97.1516,55.5876],[-97.1535,55.5859],[-97.1551,55.585],[-97.1564,55.5845],[-97.1898,55.5733],[-97.1912,55.5727],[-97.1924,55.572],[-97.2056,55.5621],[-97.2072,55.561],[-97.2101,55.5595],[-97.2177,55.5561],[-97.2192,55.5554],[-97.2218,55.5538],[-97.2294,55.5491],[-97.2305,55.5482],[-97.231,55.5477],[-97.2386,55.5384],[-97.2394,55.5376],[-97.2409,55.5365],[-97.2561,55.5258],[-97.2574,55.525],[-97.2588,55.5244],[-97.2676,55.5215],[-97.2688,55.5209],[-97.2703,55.5201],[-97.287,55.5059],[-97.3008,55.4919],[-97.3013,55.4915],[-97.3024,55.4908],[-97.3034,55.4903],[-97.3047,55.4899],[-97.3134,55.4875],[-97.3149,55.487],[-97.316,55.4864],[-97.3338,55.4751],[-97.3347,55.4746],[-97.3364,55.474],[-97.3375,55.4737],[-97.3386,55.4735],[-97.368,55.4696],[-97.3719,55.4688],[-97.3743,55.4682],[-97.3757,55.4677],[-97.3951,55.4602],[-97.396,55.46],[-97.3968,55.4599],[-97.3979,55.4599],[-97.3987,55.4601],[-97.3992,55.4604],[-97.418,55.4732],[-97.419,55.4738],[-97.4202,55.4744],[-97.4219,55.475],[-97.4326,55.4782],[-97.4338,55.4786],[-97.4352,55.4792],[-97.4366,55.4799],[-97.4531,55.4898],[-97.4548,55.4907],[-97.4558,55.491],[-97.4574,55.4914],[-97.4649,55.4931],[-97.4664,55.4934],[-97.4675,55.4934],[-97.4685,55.4933],[-97.4768,55.4921],[-97.4785,55.4922],[-97.4796,55.4924],[-97.4806,55.4927],[-97.4815,55.4932],[-97.4824,55.4939],[-97.4892,55.5032],[-97.4897,55.5038],[-97.4904,55.5043],[-97.4912,55.5046],[-97.4922,55.5049],[-97.5017,55.507],[-97.5037,55.5073],[-97.512,55.5084],[-97.5126,55.5085],[-97.5142,55.5089],[-97.5152,55.5095],[-97.5155,55.5098],[-97.516,55.5104],[-97.5161,55.5111],[-97.516,55.5129],[-97.516,55.5136],[-97.5164,55.5143],[-97.5171,55.515],[-97.518,55.5155],[-97.5192,55.5158],[-97.5242,55.5168],[-97.5261,55.5173],[-97.528,55.5181],[-97.5316,55.5198],[-97.5324,55.5205],[-97.533,55.5213],[-97.5333,55.522],[-97.5333,55.5226],[-97.5331,55.5235],[-97.5296,55.5304],[-97.5293,55.5312],[-97.5292,55.5318],[-97.5293,55.5399],[-97.529,55.541],[-97.5278,55.5442],[-97.5277,55.5447],[-97.5278,55.5452],[-97.5281,55.5458],[-97.5284,55.5461],[-97.5291,55.5466],[-97.5296,55.5468],[-97.5307,55.5471],[-97.532,55.5473],[-97.5332,55.5473],[-97.5375,55.547],[-97.5387,55.547],[-97.5399,55.5472],[-97.5417,55.5478],[-97.5491,55.551],[-97.5503,55.5516],[-97.551,55.5522],[-97.5516,55.553],[-97.5545,55.5577],[-97.555,55.5583],[-97.5557,55.5588],[-97.5568,55.5594],[-97.576,55.5671],[-97.5783,55.5679],[-97.5801,55.5682],[-97.5827,55.5685],[-97.5843,55.5686],[-97.589,55.5686],[-97.5965,55.569],[-97.6029,55.5692],[-97.6048,55.5693],[-97.6078,55.5699],[-97.6096,55.5702],[-97.6101,55.5703],[-97.6182,55.5707],[-97.6198,55.571],[-97.6209,55.5713],[-97.6223,55.5721],[-97.6319,55.5792],[-97.6333,55.5806],[-97.6351,55.5826],[-97.6365,55.5837],[-97.6378,55.5845],[-97.6451,55.588],[-97.6477,55.5895],[-97.6495,55.5907],[-97.6563,55.5958],[-97.657,55.5966],[-97.6573,55.5973],[-97.6621,55.6115],[-97.6625,55.6121],[-97.6633,55.6129],[-97.6647,55.6136],[-97.6656,55.6138],[-97.6715,55.6148],[-97.672,55.6149],[-97.6731,55.6153],[-97.6741,55.6159],[-97.6745,55.6165],[-97.6756,55.6182],[-97.6758,55.6188],[-97.6758,55.6191],[-97.6756,55.6198],[-97.6742,55.6215],[-97.6738,55.6221],[-97.6737,55.6229],[-97.6739,55.6235],[-97.6741,55.6238],[-97.6748,55.6244],[-97.6775,55.6258],[-97.679,55.6268],[-97.6856,55.6322],[-97.686,55.6328],[-97.6863,55.6335],[-97.6864,55.6344],[-97.6852,55.6394],[-97.6851,55.6401],[-97.6853,55.6408],[-97.6875,55.6471],[-97.6876,55.6479],[-97.6876,55.6486],[-97.6862,55.6556],[-97.6861,55.656],[-97.6861,55.6569],[-97.6869,55.6593],[-97.687,55.6602],[-97.6869,55.6608],[-97.6842,55.6704],[-97.6841,55.6709],[-97.6837,55.6756],[-97.6838,55.6775],[-97.6842,55.6788],[-97.6847,55.6801],[-97.6886,55.6878],[-97.689,55.6884],[-97.6895,55.6891],[-97.6903,55.6899],[-97.6952,55.694],[-97.6957,55.6945],[-97.6961,55.6951],[-97.6964,55.6957],[-97.6964,55.696],[-97.6969,55.7018],[-97.6973,55.7035],[-97.6991,55.7094],[-97.6995,55.7101],[-97.6997,55.7103],[-97.7007,55.7111],[-97.7019,55.7117],[-97.7105,55.7151],[-97.7122,55.7159],[-97.7128,55.7162],[-97.7136,55.7168],[-97.7161,55.7199],[-97.7169,55.7207],[-97.7178,55.7213],[-97.7192,55.7218],[-97.72,55.7221],[-97.7213,55.7223],[-97.7219,55.7223],[-97.7404,55.7234],[-97.7414,55.7234],[-97.743,55.7237],[-97.7886,55.7394],[-97.7914,55.7408],[-97.7952,55.7433],[-97.796,55.7438],[-97.7978,55.7448],[-97.8032,55.7469],[-97.8044,55.7472],[-97.8058,55.7474],[-97.8143,55.7481],[-97.8148,55.7481],[-97.8154,55.7482],[-97.817,55.7481],[-97.8185,55.7477],[-97.8196,55.7471],[-97.8301,55.7407],[-97.8196,55.7471],[-97.8185,55.7477],[-97.8175,55.748],[-97.817,55.7481],[-97.8165,55.7482],[-97.8159,55.7482],[-97.8154,55.7482],[-97.8148,55.7481],[-97.8058,55.7474],[-97.8044,55.7472],[-97.8038,55.7471],[-97.8032,55.7469],[-97.8024,55.7466],[-97.7978,55.7448],[-97.796,55.7438],[-97.7914,55.7408],[-97.7886,55.7394],[-97.743,55.7237],[-97.7414,55.7234],[-97.7404,55.7234],[-97.7213,55.7223],[-97.72,55.7221],[-97.7192,55.7218],[-97.7178,55.7213],[-97.7169,55.7207],[-97.7161,55.7199],[-97.7136,55.7168],[-97.7128,55.7162],[-97.7122,55.7159],[-97.7105,55.7151],[-97.7019,55.7117],[-97.7007,55.7111],[-97.6997,55.7103],[-97.6995,55.7101],[-97.6991,55.7094],[-97.6973,55.7035],[-97.6969,55.7018],[-97.6964,55.696],[-97.6964,55.6957],[-97.6961,55.6951],[-97.6957,55.6945],[-97.6952,55.694],[-97.6903,55.6899],[-97.6895,55.6891],[-97.689,55.6884],[-97.6886,55.6878],[-97.6847,55.6801],[-97.6842,55.6788],[-97.6838,55.6775],[-97.6837,55.6756],[-97.6841,55.6709],[-97.6869,55.6608],[-97.687,55.6602],[-97.6869,55.6593],[-97.6861,55.6569],[-97.6861,55.656],[-97.6876,55.6486],[-97.6876,55.6479],[-97.6875,55.6471],[-97.6853,55.6408],[-97.6851,55.6401],[-97.6852,55.6394],[-97.6864,55.6344],[-97.6863,55.6335],[-97.686,55.6328],[-97.6856,55.6322],[-97.679,55.6268],[-97.6775,55.6258],[-97.6748,55.6244],[-97.6741,55.6238],[-97.6739,55.6235],[-97.6737,55.6229],[-97.6738,55.6221],[-97.6742,55.6215],[-97.6756,55.6198],[-97.6758,55.6191],[-97.6758,55.6188],[-97.6756,55.6182],[-97.6745,55.6165],[-97.6741,55.6159],[-97.6731,55.6153],[-97.672,55.6149],[-97.6656,55.6138],[-97.6647,55.6136],[-97.6633,55.6129],[-97.6625,55.6121],[-97.6621,55.6115],[-97.6573,55.5973],[-97.657,55.5966],[-97.6563,55.5958],[-97.6495,55.5907],[-97.6477,55.5895],[-97.6451,55.588],[-97.6378,55.5845],[-97.6365,55.5837],[-97.6351,55.5826],[-97.6333,55.5806],[-97.6319,55.5792],[-97.6223,55.5721],[-97.6209,55.5713],[-97.6198,55.571],[-97.6182,55.5707],[-97.6096,55.5702],[-97.6048,55.5693],[-97.6029,55.5692],[-97.5965,55.569],[-97.589,55.5686],[-97.5827,55.5685],[-97.5801,55.5682],[-97.5783,55.5679],[-97.576,55.5671],[-97.5568,55.5594],[-97.5557,55.5588],[-97.555,55.5583],[-97.5545,55.5577],[-97.5516,55.553],[-97.551,55.5522],[-97.5503,55.5516],[-97.5491,55.551],[-97.5417,55.5478],[-97.5399,55.5472],[-97.5387,55.547],[-97.5375,55.547],[-97.532,55.5473],[-97.5307,55.5471],[-97.5296,55.5468],[-97.5291,55.5466],[-97.5284,55.5461],[-97.5281,55.5458],[-97.5278,55.5452],[-97.5277,55.5447],[-97.5278,55.5442],[-97.529,55.541],[-97.5293,55.5399],[-97.5292,55.5318],[-97.5293,55.5312],[-97.5296,55.5304],[-97.5331,55.5235],[-97.5333,55.5226],[-97.5333,55.522],[-97.533,55.5213],[-97.5324,55.5205],[-97.5316,55.5198],[-97.528,55.5181],[-97.5261,55.5173],[-97.5242,55.5168],[-97.5192,55.5158],[-97.518,55.5155],[-97.5171,55.515],[-97.5164,55.5143],[-97.516,55.5136],[-97.516,55.5129],[-97.5161,55.5111],[-97.516,55.5104],[-97.5155,55.5098],[-97.5152,55.5095],[-97.5142,55.5089],[-97.5126,55.5085],[-97.5037,55.5073],[-97.5017,55.507],[-97.4922,55.5049],[-97.4912,55.5046],[-97.4904,55.5043],[-97.4897,55.5038],[-97.4892,55.5032],[-97.4824,55.4939],[-97.4815,55.4932],[-97.4806,55.4927],[-97.4796,55.4924],[-97.4785,55.4922],[-97.4768,55.4921],[-97.4685,55.4933],[-97.4675,55.4934],[-97.4664,55.4934],[-97.4649,55.4931],[-97.4574,55.4914],[-97.4563,55.4911],[-97.4558,55.491],[-97.4553,55.4908],[-97.4548,55.4907],[-97.4543,55.4904],[-97.4531,55.4898],[-97.4366,55.4799],[-97.4352,55.4792],[-97.4338,55.4786],[-97.4326,55.4782],[-97.4219,55.475],[-97.4202,55.4744],[-97.4196,55.4741],[-97.419,55.4738],[-97.4186,55.4736],[-97.418,55.4732],[-97.4029,55.4629],[-97.3997,55.4607],[-97.3994,55.4605],[-97.3991,55.46],[-97.399,55.4596],[-97.3992,55.4591],[-97.3999,55.4584],[-97.4005,55.4581],[-97.4288,55.4471],[-97.4301,55.4465],[-97.431,55.446],[-97.4507,55.432],[-97.4518,55.4309],[-97.4536,55.4283],[-97.4546,55.4274],[-97.456,55.4266],[-97.4606,55.4243],[-97.4621,55.4233],[-97.4701,55.4166],[-97.4713,55.4158],[-97.4721,55.4153],[-97.4743,55.4143],[-97.4901,55.4086],[-97.4918,55.4082],[-97.502,55.4062],[-97.5037,55.4058],[-97.5052,55.4052],[-97.5153,55.4009],[-97.5165,55.4001],[-97.5172,55.3995],[-97.5179,55.3986],[-97.5194,55.3961],[-97.5204,55.395],[-97.5212,55.3944],[-97.536,55.3838],[-97.5478,55.3783],[-97.5502,55.3773],[-97.5522,55.3768],[-97.5561,55.3763],[-97.5568,55.3761],[-97.5584,55.3757],[-97.5599,55.375],[-97.561,55.3743],[-97.5616,55.3737],[-97.5677,55.3666],[-97.5686,55.3658],[-97.5696,55.3651],[-97.5891,55.3545],[-97.5905,55.3539],[-97.5962,55.3516],[-97.5976,55.3508],[-97.5986,55.3499],[-97.5991,55.3493],[-97.6029,55.3428],[-97.6036,55.3421],[-97.6045,55.3414],[-97.6056,55.3408],[-97.6452,55.3226],[-97.6472,55.322],[-97.6489,55.3217],[-97.6502,55.3216],[-97.6558,55.3218],[-97.6587,55.3216],[-97.6602,55.3212],[-97.6635,55.3202],[-97.6644,55.32],[-97.666,55.3198],[-97.6669,55.3197],[-97.6696,55.3198],[-97.6771,55.3211],[-97.6788,55.3212],[-97.6798,55.3211],[-97.681,55.3209],[-97.6839,55.3202],[-97.7159,55.3109],[-97.7194,55.3102],[-97.7312,55.3082],[-97.7327,55.3079],[-97.7349,55.3072],[-97.7368,55.3063],[-97.739,55.3049],[-97.7472,55.2992],[-97.7488,55.2984],[-97.7505,55.2978],[-97.7524,55.2973],[-97.762,55.2959],[-97.7629,55.2957],[-97.775,55.292],[-97.7762,55.2917],[-97.7923,55.2891],[-97.7936,55.2889],[-97.7955,55.2884],[-97.8251,55.2778],[-97.8288,55.2768],[-97.8686,55.2668],[-97.8704,55.2663],[-97.8725,55.2655],[-97.8834,55.2608],[-97.8852,55.2601],[-97.8865,55.2598],[-97.8877,55.2597],[-97.8932,55.2594],[-97.8945,55.2592],[-97.8959,55.2588],[-97.9327,55.2465],[-97.9347,55.2456],[-97.9369,55.2444],[-98.0223,55.1936],[-98.0243,55.1925],[-98.0259,55.1918],[-98.106,55.1584],[-98.2105,55.1147],[-98.2286,55.1062],[-98.2728,55.0848],[-98.2745,55.0842],[-98.2764,55.0838],[-98.2975,55.0796],[-98.2995,55.0791],[-98.3012,55.0786],[-98.3029,55.0778],[-98.3273,55.0649],[-98.3284,55.0645],[-98.3325,55.0633],[-98.334,55.0626],[-98.3351,55.0618],[-98.3417,55.0558],[-98.3423,55.0553],[-98.3437,55.0544],[-98.3453,55.0536],[-98.3842,55.0396],[-98.4946,55.0023],[-98.4967,55.0015],[-98.4986,55.0006],[-98.5079,54.9951],[-98.509,54.9943],[-98.5099,54.9934],[-98.5104,54.9923],[-98.5119,54.9815],[-98.5122,54.9803],[-98.5124,54.9798],[-98.513,54.9788],[-98.5139,54.9778],[-98.5145,54.9773],[-98.596,54.9239],[-98.599,54.9224],[-98.6844,54.8865],[-98.7259,54.869],[-98.7279,54.8679],[-98.729,54.867],[-98.7297,54.8663],[-98.7442,54.8481],[-98.7452,54.8471],[-98.7981,54.8005],[-98.9109,54.7007],[-98.9118,54.7],[-98.9126,54.6995],[-98.9148,54.6985],[-98.9165,54.6979],[-98.9185,54.6975],[-99.0704,54.6607],[-99.074,54.66],[-99.1315,54.6512],[-99.1339,54.6507],[-99.3185,54.5985],[-99.3211,54.5978],[-99.452,54.5715],[-99.6112,54.5393],[-99.613,54.5388],[-99.615,54.538],[-99.626,54.5333],[-99.6275,54.5327],[-99.6293,54.5321],[-99.6312,54.5316],[-99.6378,54.5299],[-99.6409,54.5296],[-99.6424,54.5295],[-99.6437,54.5296],[-99.6574,54.5311],[-99.6593,54.5313],[-99.6611,54.5312],[-99.663,54.5311],[-99.665,54.5307],[-99.6662,54.5303],[-99.8125,54.4845],[-99.8144,54.484],[-99.8166,54.4836],[-99.8319,54.481],[-99.8338,54.4806],[-99.8349,54.4802],[-99.8368,54.4794],[-99.8479,54.4736],[-99.8505,54.4726],[-99.8519,54.4721],[-100.0107,54.4219],[-100.13,54.3791],[-100.3434,54.302],[-100.389,54.2854],[-100.3908,54.2849],[-100.392,54.2847],[-100.466,54.2713],[-100.4979,54.2656],[-100.5001,54.2651],[-100.5024,54.2645],[-100.5543,54.2475],[-100.5915,54.2353],[-100.5936,54.2345],[-100.5955,54.2335],[-100.6003,54.2306],[-100.6012,54.2299],[-100.6017,54.2293],[-100.6024,54.2285],[-100.603,54.2274],[-100.6032,54.2267],[-100.6033,54.2261],[-100.6032,54.2248],[-100.6029,54.224],[-100.6026,54.2235],[-100.6018,54.2224],[-100.5855,54.2063],[-100.585,54.2056],[-100.5849,54.2052],[-100.5847,54.2042],[-100.5847,54.2037],[-100.585,54.2027],[-100.5856,54.2017],[-100.5861,54.2013],[-100.5964,54.1925],[-100.5978,54.1914],[-100.6016,54.1889],[-100.6159,54.1801],[-100.6172,54.1795],[-100.6182,54.1792],[-100.6448,54.1715],[-100.6467,54.1708],[-100.6485,54.1699],[-100.6497,54.1689],[-100.6504,54.1683],[-100.6602,54.1573],[-100.661,54.1565],[-100.6616,54.1561],[-100.6629,54.1553],[-100.6681,54.1533],[-100.6699,54.1523],[-100.6713,54.1511],[-100.6793,54.1433],[-100.6808,54.142],[-100.6825,54.1407],[-100.6841,54.1395],[-100.6858,54.1383],[-100.6878,54.1372],[-100.6979,54.1318],[-100.6991,54.1312],[-100.7006,54.1306],[-100.7026,54.13],[-100.7133,54.1267],[-100.7166,54.1253],[-100.7177,54.1247],[-100.7198,54.1235],[-100.7219,54.1219],[-100.7229,54.1209],[-100.7771,54.0659],[-100.7784,54.065],[-100.8858,53.9996],[-100.8872,53.9989],[-100.8881,53.9985],[-100.8889,53.9982],[-100.8918,53.9975],[-100.9783,53.9768],[-101.0217,53.9693],[-101.0229,53.969],[-101.1104,53.9413],[-101.1125,53.9405],[-101.2256,53.8803],[-101.2269,53.8796],[-101.2276,53.8791],[-101.2281,53.8786],[-101.2292,53.8774],[-101.2617,53.8408],[-101.2623,53.8397],[-101.2625,53.8387],[-101.2625,53.8378],[-101.2621,53.8368],[-101.2616,53.8362],[-101.261,53.8355],[-101.2602,53.835],[-101.2497,53.8287],[-101.2489,53.8281],[-101.2482,53.8273],[-101.2477,53.8266],[-101.2475,53.8261],[-101.2474,53.825],[-101.2475,53.824]]}},{"type":"Feature","id":"525","properties":{"geometryId":"525","routeId":"388-435"},"geometry":{"type":"LineString","coordinates":[[-97.1335,49.8894],[-97.1325,49.8875],[-97.1322,49.8866],[-97.1314,49.8847],[-97.1314,49.8841],[-97.1316,49.8834],[-97.1325,49.8826],[-97.1348,49.8809],[-97.1365,49.8796],[-97.1376,49.8785],[-97.1387,49.8769],[-97.1513,49.8555],[-97.152,49.8547],[-97.1533,49.8534],[-97.1543,49.8528],[-97.1553,49.8526],[-97.2835,49.8405],[-97.4467,49.8351],[-97.4487,49.8352],[-97.4501,49.8353],[-97.4546,49.8361],[-97.5408,49.8547],[-97.6642,49.8809],[-97.8038,49.9104],[-97.882,49.9268],[-97.885,49.9271],[-97.8877,49.9273],[-98.076,49.9279],[-98.0787,49.9283],[-98.1529,49.942],[-98.1552,49.9426],[-98.1568,49.9433],[-98.1729,49.9528],[-98.1744,49.9535],[-98.1752,49.9538],[-98.1767,49.9542],[-98.179,49.9546],[-98.1919,49.9556],[-98.1933,49.9558],[-98.1946,49.9561],[-98.2559,49.9743],[-98.2604,49.9756],[-98.2623,49.9758],[-98.2939,49.9777],[-98.3308,49.9778],[-98.3326,49.978],[-98.3343,49.9783],[-98.4457,50.0039],[-98.6063,50.0405],[-98.7083,50.0636],[-98.8756,50.1012],[-98.8784,50.1019],[-98.8801,50.1026],[-98.882,50.1037],[-98.8832,50.1048],[-98.8841,50.1058],[-98.8844,50.1064],[-98.9358,50.2169],[-98.9369,50.2187],[-98.9377,50.2196],[-98.9391,50.2208],[-98.9405,50.2216],[-98.9493,50.2258],[-98.9531,50.2268],[-98.9591,50.2276],[-98.9604,50.2278],[-98.965,50.2294],[-98.9661,50.2299],[-99.0855,50.3015],[-99.0867,50.3023],[-99.0876,50.303],[-99.0882,50.3037],[-99.0887,50.3045],[-99.0891,50.3053],[-99.0894,50.3062],[-99.0895,50.3071],[-99.0895,50.3083],[-99.0894,50.4669],[-99.0896,50.4682],[-99.0898,50.4689],[-99.0901,50.4695],[-99.0909,50.4707],[-99.092,50.4717],[-99.0983,50.4765],[-99.1593,50.5217],[-99.1956,50.5568],[-99.2166,50.5747],[-99.2189,50.5768],[-99.2198,50.5778],[-99.2413,50.6065],[-99.2423,50.6077],[-99.2435,50.6088],[-99.2702,50.6282],[-99.2834,50.6361],[-99.2855,50.6374],[-99.2974,50.6488],[-99.2986,50.6498],[-99.3741,50.6944],[-99.4789,50.7559],[-99.4807,50.7571],[-99.4818,50.7583],[-99.4825,50.7594],[-99.531,50.8587],[-99.5318,50.8599],[-99.5328,50.8607],[-99.5559,50.8782],[-99.5569,50.879],[-99.5577,50.8799],[-99.5583,50.8807],[-99.5587,50.8814],[-99.563,50.8924],[-99.5633,50.893],[-99.5638,50.8938],[-99.5707,50.9023],[-99.5718,50.9033],[-99.5755,50.9057],[-99.5764,50.9065],[-99.5771,50.9072],[-99.5949,50.9338],[-99.5956,50.9347],[-99.5963,50.9355],[-99.5968,50.9359],[-99.6024,50.9401],[-99.6039,50.9413],[-99.6184,50.9557],[-99.6196,50.9568],[-99.6211,50.9577],[-99.6348,50.9646],[-99.6365,50.9656],[-99.6377,50.9665],[-99.6519,50.978],[-99.6527,50.9786],[-99.6537,50.9792],[-99.6552,50.9799],[-99.6563,50.9804],[-99.6744,50.9853],[-99.6758,50.9859],[-99.6773,50.9867],[-99.8221,51.0901],[-99.8233,51.0909],[-99.8248,51.0917],[-99.8266,51.0923],[-99.8281,51.0927],[-100.0149,51.1326],[-100.0173,51.1335],[-100.1059,51.1757],[-100.1072,51.1762],[-100.1085,51.1765],[-100.1113,51.177],[-100.1141,51.1771],[-100.223,51.177],[-100.2253,51.1769],[-100.233,51.1762],[-100.2343,51.1761],[-100.2359,51.1763],[-100.2383,51.1769],[-100.2398,51.1771],[-100.3194,51.1771],[-100.3213,51.177],[-100.3229,51.1768],[-100.3244,51.1765],[-100.46,51.1484],[-100.4623,51.148],[-100.4643,51.1479],[-100.5784,51.1473],[-100.5804,51.1474],[-100.582,51.1476],[-100.6936,51.1684],[-100.6954,51.1691],[-100.6967,51.1699],[-100.7171,51.1857],[-100.7189,51.1868],[-100.7213,51.1878],[-100.887,51.2274],[-100.8892,51.2278],[-100.892,51.2281],[-100.915,51.2286],[-100.9173,51.2288],[-100.9186,51.229],[-100.9204,51.2294],[-100.9219,51.2299],[-100.9251,51.2314],[-100.9265,51.2319],[-100.9324,51.2334],[-100.9339,51.2336],[-100.9353,51.2336],[-100.9366,51.2335],[-100.9403,51.2328],[-100.9425,51.2327],[-100.9437,51.2328],[-100.9448,51.233],[-100.951,51.2349],[-100.9522,51.2352],[-100.9532,51.2353],[-100.9543,51.2353],[-100.9554,51.2351],[-100.9572,51.2347],[-100.9628,51.2322],[-100.9639,51.2318],[-100.9649,51.2316],[-100.9667,51.2314],[-100.9758,51.2313],[-100.9792,51.2315],[-101.0255,51.2358],[-101.0272,51.2359],[-101.0288,51.2358],[-101.0314,51.2355],[-101.0427,51.2324],[-101.0441,51.2321],[-101.0458,51.2319],[-101.0478,51.232],[-101.0694,51.2336],[-101.0713,51.2336],[-101.0726,51.2335],[-101.0972,51.2294],[-101.0991,51.2289],[-101.1103,51.2257],[-101.1122,51.2253],[-101.1155,51.2249],[-101.1194,51.2248],[-101.1442,51.226],[-101.1454,51.2261],[-101.1466,51.2259],[-101.1481,51.2256],[-101.1491,51.2252],[-101.15,51.2245],[-101.1506,51.2239],[-101.1513,51.2229],[-101.1541,51.2163],[-101.1545,51.2155],[-101.1554,51.2145],[-101.1567,51.2137],[-101.1577,51.2133],[-101.1585,51.2131],[-101.1599,51.2129],[-101.1609,51.2128],[-101.1625,51.2129],[-101.1685,51.2137],[-101.1693,51.2138],[-101.1703,51.2137],[-101.1718,51.2135],[-101.1729,51.2131],[-101.174,51.2124],[-101.1746,51.2119],[-101.1751,51.2112],[-101.1753,51.2108],[-101.1755,51.2099],[-101.1754,51.2093],[-101.1752,51.2086],[-101.1717,51.2015],[-101.1715,51.2004],[-101.1716,51.1995],[-101.1719,51.1987],[-101.1726,51.1976],[-101.1731,51.1971],[-101.1741,51.1964],[-101.1751,51.1959],[-101.1765,51.1953],[-101.1779,51.195],[-101.1793,51.1948],[-101.2095,51.1945],[-101.2112,51.1946],[-101.2129,51.1949],[-101.2144,51.1955],[-101.2155,51.1962],[-101.2189,51.1988],[-101.2198,51.1993],[-101.2211,51.1998],[-101.223,51.2],[-101.2323,51.2008],[-101.238,51.2017],[-101.2398,51.2018],[-101.2528,51.2014],[-101.2542,51.2012],[-101.2573,51.2003],[-101.2587,51.2],[-101.26,51.2],[-101.2636,51.2],[-101.2648,51.1999],[-101.2661,51.1996],[-101.2754,51.197],[-101.277,51.1967],[-101.2786,51.1966],[-101.2812,51.1966],[-101.3003,51.1978],[-101.316,51.197],[-101.3179,51.197],[-101.3192,51.1972],[-101.3213,51.1978],[-101.3231,51.1986],[-101.3288,51.2025],[-101.3294,51.2031],[-101.3298,51.2038],[-101.3312,51.2077],[-101.3319,51.2086],[-101.3325,51.2091],[-101.3335,51.2096],[-101.3346,51.21],[-101.3383,51.2106],[-101.3395,51.2109],[-101.3405,51.2114],[-101.3414,51.2121],[-101.3427,51.2136],[-101.347,51.2193],[-101.3474,51.2203],[-101.3479,51.2218],[-101.3482,51.2226],[-101.3531,51.2313],[-101.3541,51.2327],[-101.3552,51.2338],[-101.405,51.269],[-101.4061,51.2699],[-101.4071,51.2709],[-101.4082,51.2724],[-101.4097,51.2755],[-101.4099,51.2762],[-101.4099,51.2767],[-101.4099,51.2772],[-101.4089,51.2796],[-101.4089,51.2802],[-101.409,51.2808],[-101.4092,51.2814],[-101.4095,51.2818],[-101.4115,51.2836],[-101.412,51.2841],[-101.4123,51.2848],[-101.4124,51.2857],[-101.4122,51.2896],[-101.4123,51.2904],[-101.4128,51.2913],[-101.4149,51.2934],[-101.4153,51.294],[-101.4154,51.2946],[-101.4155,51.2951],[-101.4154,51.2957],[-101.4152,51.2961],[-101.4148,51.2968],[-101.4144,51.2972],[-101.4139,51.2977],[-101.4119,51.2988],[-101.4112,51.2994],[-101.4106,51.3],[-101.4101,51.3009],[-101.41,51.3016],[-101.4101,51.302],[-101.4104,51.303],[-101.4109,51.3036],[-101.413,51.3057],[-101.4136,51.3061],[-101.4145,51.3065],[-101.4202,51.3083],[-101.4214,51.3089],[-101.422,51.3094],[-101.4226,51.31],[-101.4235,51.3116],[-101.4245,51.3128],[-101.4257,51.3137],[-101.4265,51.3143],[-101.4287,51.3153],[-101.4303,51.3158],[-101.4321,51.3159],[-101.4333,51.3158],[-101.4371,51.3153],[-101.4385,51.3154],[-101.4397,51.3155],[-101.4403,51.3157],[-101.442,51.3163],[-101.4487,51.319],[-101.4494,51.3194],[-101.4504,51.3201],[-101.4515,51.3212],[-101.4543,51.3249],[-101.4551,51.3257],[-101.4559,51.3263],[-101.4583,51.3278],[-101.4594,51.3288],[-101.46,51.3295],[-101.4603,51.3301],[-101.461,51.3326],[-101.4613,51.3331],[-101.4616,51.3336],[-101.4624,51.3343],[-101.4633,51.3349],[-101.4644,51.3353],[-101.4654,51.3355],[-101.4678,51.3359],[-101.4694,51.3362],[-101.4706,51.3365],[-101.4717,51.337],[-101.4728,51.3376],[-101.4736,51.3382],[-101.4742,51.3389],[-101.4754,51.3408],[-101.4762,51.3415],[-101.4772,51.342],[-101.4794,51.3426],[-101.4805,51.343],[-101.4852,51.3456],[-101.4885,51.3472],[-101.4901,51.3478],[-101.4917,51.3481],[-101.4976,51.3485],[-101.4996,51.3484],[-101.5037,51.348],[-101.5045,51.348],[-101.5057,51.3481],[-101.5068,51.3483],[-101.5077,51.3486],[-101.5138,51.3515],[-101.5151,51.3524],[-101.5162,51.3535],[-101.5211,51.3609],[-101.5219,51.3617],[-101.5229,51.3625],[-101.6021,51.4128],[-101.604,51.4139],[-101.6058,51.4146],[-101.6072,51.415],[-101.6085,51.4153],[-101.6338,51.4188],[-101.6368,51.4192],[-101.6389,51.4198],[-101.6549,51.4244],[-101.6565,51.425],[-101.6578,51.4257],[-101.6591,51.4267],[-101.6618,51.4306],[-101.6624,51.4314],[-101.6649,51.4336],[-101.6652,51.4341],[-101.6655,51.435],[-101.6656,51.4355],[-101.6655,51.4361],[-101.665,51.437],[-101.6644,51.4377],[-101.6627,51.4391],[-101.6614,51.4405],[-101.6608,51.4414],[-101.6604,51.4422],[-101.6603,51.4427],[-101.6603,51.4435],[-101.661,51.4471],[-101.6612,51.4478],[-101.6618,51.4486],[-101.6625,51.4492],[-101.6637,51.4498],[-101.6646,51.4502],[-101.666,51.4504],[-101.6674,51.4505],[-101.6689,51.4504],[-101.6728,51.4493],[-101.6743,51.4491],[-101.6754,51.4492],[-101.6764,51.4494],[-101.6773,51.4498],[-101.6777,51.45],[-101.6782,51.4506],[-101.6785,51.4511],[-101.6786,51.4517],[-101.6786,51.4529],[-101.6786,51.4536],[-101.6788,51.4543],[-101.6792,51.455],[-101.6796,51.4556],[-101.6839,51.461],[-101.6845,51.4619],[-101.6855,51.464],[-101.6861,51.4648],[-101.6871,51.4656],[-101.6888,51.4666],[-101.691,51.4676],[-101.6947,51.4687],[-101.696,51.4694],[-101.6966,51.4699],[-101.6968,51.4703],[-101.6971,51.4708],[-101.6974,51.4716],[-101.6974,51.4723],[-101.697,51.4738],[-101.6969,51.4744],[-101.6969,51.4749],[-101.6971,51.4757],[-101.6973,51.4763],[-101.6977,51.4769],[-101.7014,51.4814],[-101.7022,51.4826],[-101.7027,51.484],[-101.7036,51.4881],[-101.7039,51.4891],[-101.7043,51.4898],[-101.705,51.4905],[-101.7058,51.4911],[-101.7072,51.4918],[-101.7086,51.4922],[-101.7125,51.493],[-101.7139,51.4935],[-101.7157,51.4944],[-101.7192,51.4965],[-101.72,51.4973],[-101.7219,51.4996],[-101.7223,51.5004],[-101.7225,51.502],[-101.723,51.5029],[-101.7234,51.5033],[-101.7242,51.5039],[-101.7271,51.5053],[-101.7281,51.506],[-101.7286,51.5065],[-101.7288,51.507],[-101.729,51.5074],[-101.7293,51.5089],[-101.7296,51.5094],[-101.7302,51.5102],[-101.731,51.5108],[-101.7322,51.5114],[-101.7356,51.5125],[-101.737,51.5129],[-101.7439,51.5138],[-101.7454,51.5144],[-101.7465,51.515],[-101.7471,51.5155],[-101.7571,51.5254],[-101.7576,51.5262],[-101.7578,51.5268],[-101.7579,51.5273],[-101.7578,51.529],[-101.7581,51.5299],[-101.7585,51.5305],[-101.7591,51.5311],[-101.7598,51.5316],[-101.7606,51.532],[-101.7618,51.5323],[-101.7631,51.5326],[-101.7645,51.5326],[-101.7657,51.5324],[-101.7666,51.5323],[-101.7678,51.5318],[-101.7699,51.5306],[-101.7707,51.5302],[-101.7721,51.5298],[-101.7748,51.5294],[-101.7757,51.5292],[-101.7768,51.5287],[-101.7776,51.5282],[-101.7781,51.5278],[-101.7785,51.5273],[-101.7788,51.5268],[-101.7791,51.5261],[-101.7792,51.5242],[-101.7795,51.5234],[-101.78,51.5226],[-101.7809,51.5218],[-101.7818,51.5212],[-101.7829,51.5206],[-101.7842,51.5202],[-101.786,51.52],[-101.7876,51.52],[-101.7959,51.5215],[-101.7974,51.5217],[-101.7984,51.5217],[-101.8003,51.5213],[-101.808,51.5191],[-101.8186,51.517],[-101.8206,51.5168],[-101.8225,51.5167],[-101.825,51.5168],[-101.8269,51.517],[-101.8303,51.5177],[-101.8458,51.5216],[-101.8477,51.5223],[-101.8491,51.523],[-101.8507,51.524],[-101.8515,51.5246],[-101.8525,51.5256],[-101.8591,51.5346],[-101.8606,51.5361],[-101.8621,51.5373],[-101.8635,51.5381],[-101.8705,51.5419],[-101.8787,51.5473],[-101.8802,51.5481],[-101.8869,51.5513],[-101.8894,51.5526],[-101.9053,51.5628],[-101.9066,51.5635],[-101.9083,51.5639],[-101.9094,51.5641],[-101.9108,51.5641],[-101.912,51.564],[-101.9135,51.5637],[-101.9342,51.556],[-101.9352,51.5558],[-101.9363,51.5556],[-101.9373,51.5556],[-101.9385,51.5557],[-101.9394,51.556],[-101.9404,51.5563],[-101.9416,51.5569],[-101.9472,51.5619],[-101.948,51.5624],[-101.9494,51.563],[-101.9509,51.5634],[-101.9523,51.5635],[-101.9583,51.5634],[-101.9605,51.5636],[-101.9627,51.564],[-101.9675,51.5655],[-101.9694,51.5659],[-102.0596,51.5794],[-102.0683,51.5801],[-102.071,51.5804],[-102.1241,51.5887],[-102.1525,51.5916],[-102.1565,51.5921],[-102.1591,51.5925],[-102.2338,51.6042],[-102.3892,51.6283],[-102.4388,51.6381],[-102.441,51.6386],[-102.4418,51.639],[-102.4425,51.6393],[-102.4432,51.64],[-102.4436,51.6408],[-102.4437,51.6413],[-102.4438,51.7073],[-102.4439,51.7246],[-102.4441,51.7255],[-102.4444,51.726],[-102.4451,51.727],[-102.4603,51.7452],[-102.4613,51.7467],[-102.4616,51.7475],[-102.4617,51.7483],[-102.4618,51.7509],[-102.4618,51.784],[-102.4618,51.7847],[-102.4622,51.7857],[-102.4627,51.7865],[-102.4635,51.7873],[-102.4785,51.803],[-102.4793,51.804],[-102.4798,51.8052],[-102.4815,51.8128],[-102.4818,51.8144],[-102.4811,51.8547],[-102.4839,51.8725],[-102.4841,51.8732],[-102.4845,51.8742],[-102.4853,51.8752],[-102.5,51.8908],[-102.5044,51.8943],[-102.5079,51.8981],[-102.5154,51.9046],[-102.5174,51.9067],[-102.5188,51.9078],[-102.5219,51.9098],[-102.5227,51.9106],[-102.5259,51.9161],[-102.5265,51.9168],[-102.5271,51.9175],[-102.5338,51.9236],[-102.5346,51.9245],[-102.5349,51.9253],[-102.5348,51.9261],[-102.5336,51.9295],[-102.5336,51.93],[-102.5337,51.931],[-102.5339,51.9314],[-102.5345,51.9322],[-102.5482,51.9416],[-102.5493,51.9427],[-102.5525,51.9472],[-102.5537,51.9483],[-102.5546,51.9489],[-102.5564,51.9495],[-102.558,51.9499],[-102.5599,51.9501],[-102.564,51.9498],[-102.5654,51.9499],[-102.5664,51.9501],[-102.5674,51.9503],[-102.5699,51.9511],[-102.5859,51.9597],[-102.5873,51.9606],[-102.5886,51.962],[-102.5969,51.9718],[-102.5979,51.9734],[-102.5986,51.9748],[-102.599,51.9764],[-102.5992,51.9781],[-102.599,51.9975],[-102.5991,51.999],[-102.5995,52.0005],[-102.5998,52.0013],[-102.6056,52.0144],[-102.6064,52.0158],[-102.607,52.0165],[-102.6074,52.0168],[-102.6325,52.0372],[-102.6333,52.0381],[-102.6465,52.0575],[-102.6473,52.0585],[-102.6776,52.0856],[-102.6785,52.0865],[-102.6797,52.0881],[-102.6805,52.0896],[-102.6811,52.091],[-102.6815,52.0928],[-102.6815,52.0937],[-102.6815,52.0951],[-102.6785,52.1164],[-102.6781,52.118],[-102.6777,52.1191],[-102.6766,52.121],[-102.6531,52.157],[-102.6526,52.1578],[-102.6524,52.1587],[-102.6523,52.1593],[-102.6522,52.1603],[-102.6545,52.2059],[-102.6536,52.2475],[-102.6535,52.2487],[-102.6526,52.2532],[-102.6525,52.2537],[-102.6526,52.2548],[-102.6528,52.2559],[-102.653,52.2566],[-102.6534,52.2574],[-102.6541,52.2585],[-102.655,52.2595],[-102.6578,52.2621],[-102.6586,52.2632],[-102.6589,52.2639],[-102.66,52.2677],[-102.6601,52.2684],[-102.66,52.2694],[-102.6569,52.2758],[-102.6567,52.2766],[-102.6566,52.2777],[-102.6567,52.2806],[-102.6568,52.2812],[-102.657,52.2818],[-102.6574,52.2823],[-102.6584,52.283],[-102.6608,52.2842],[-102.6615,52.2847],[-102.662,52.2852],[-102.6623,52.2857],[-102.6625,52.2862],[-102.6623,52.2886],[-102.6614,52.2953],[-102.6611,52.2962],[-102.6606,52.297],[-102.6597,52.298],[-102.6531,52.305],[-102.6527,52.3056],[-102.6525,52.3062],[-102.6525,52.307],[-102.6528,52.3078],[-102.6553,52.3104],[-102.6557,52.3111],[-102.656,52.3121],[-102.6566,52.3148],[-102.6566,52.3154],[-102.6564,52.3163],[-102.6543,52.3207],[-102.6537,52.3216],[-102.6529,52.3225],[-102.6495,52.3257],[-102.6488,52.3267],[-102.6438,52.3366],[-102.6427,52.3381],[-102.6406,52.3403],[-102.6401,52.3409],[-102.6398,52.3417],[-102.6398,52.3422],[-102.6399,52.3427],[-102.641,52.3448],[-102.6415,52.3461],[-102.6416,52.3471],[-102.6415,52.3482],[-102.641,52.3494],[-102.6367,52.356],[-102.6364,52.3567],[-102.6363,52.3572],[-102.6363,52.3577],[-102.6365,52.3583],[-102.6368,52.3587],[-102.6373,52.3592],[-102.6382,52.3598],[-102.6442,52.363],[-102.6456,52.3641],[-102.6467,52.3653],[-102.6496,52.3706],[-102.6503,52.3721],[-102.6505,52.373],[-102.6508,52.3761],[-102.6511,52.3769],[-102.6517,52.3777],[-102.6523,52.3781],[-102.6555,52.3798],[-102.6561,52.3804],[-102.6564,52.381],[-102.6566,52.3819],[-102.6565,52.3849],[-102.6567,52.3857],[-102.6571,52.3863],[-102.6577,52.3869],[-102.6588,52.3876],[-102.6693,52.3946],[-102.6701,52.3952],[-102.6707,52.3959],[-102.6743,52.4036],[-102.6745,52.4041],[-102.6746,52.4049],[-102.6745,52.4059],[-102.674,52.4069],[-102.6735,52.4076],[-102.6688,52.4126],[-102.6645,52.4162],[-102.6636,52.4171],[-102.6633,52.4179],[-102.6624,52.4219],[-102.6625,52.423],[-102.6629,52.4236],[-102.6631,52.424],[-102.6638,52.4245],[-102.6778,52.4328],[-102.6783,52.4333],[-102.6787,52.4338],[-102.6789,52.4347],[-102.6788,52.4354],[-102.6785,52.4359],[-102.6782,52.4364],[-102.6767,52.4376],[-102.6745,52.4401],[-102.6723,52.4417],[-102.6697,52.4442],[-102.6673,52.4456],[-102.6655,52.4472],[-102.6647,52.4477],[-102.6636,52.4481],[-102.6605,52.4487],[-102.6593,52.449],[-102.6578,52.4498],[-102.6569,52.4506],[-102.6488,52.4638],[-102.6485,52.4644],[-102.6482,52.4651],[-102.6481,52.466],[-102.6471,52.4719],[-102.6467,52.4727],[-102.6464,52.4733],[-102.6459,52.4739],[-102.6453,52.4744],[-102.644,52.4751],[-102.6428,52.4757],[-102.6121,52.4886],[-102.6111,52.489],[-102.6103,52.4895],[-102.6098,52.49],[-102.6088,52.491],[-102.5558,52.6014],[-102.5167,52.6823],[-102.4295,52.8618],[-102.4291,52.8623],[-102.4283,52.8629],[-102.4273,52.8632],[-102.4261,52.8634],[-102.3952,52.8633],[-102.3942,52.8635],[-102.3934,52.8638],[-102.3924,52.8644],[-102.3918,52.8649],[-102.3914,52.8655],[-102.3913,52.8662],[-102.392,52.8822],[-102.392,52.8834],[-102.3889,52.8982],[-102.3885,52.9],[-102.3881,52.9009],[-102.3875,52.9019],[-102.3833,52.9069],[-102.3826,52.9077],[-102.3813,52.9087],[-102.3807,52.9091],[-102.3774,52.9108],[-102.3765,52.9116],[-102.3758,52.9124],[-102.3755,52.9129],[-102.3753,52.9135],[-102.3729,52.9233],[-102.3724,52.9248],[-102.3717,52.9263],[-102.3707,52.9277],[-102.3657,52.9329],[-102.3634,52.9363],[-102.3623,52.9374],[-102.3612,52.9382],[-102.3602,52.9388],[-102.3589,52.9394],[-102.3555,52.9406],[-102.3538,52.9414],[-102.3524,52.9423],[-102.3516,52.9429],[-102.3504,52.9439],[-102.3496,52.9449],[-102.3489,52.9459],[-102.3487,52.9464],[-102.3484,52.9474],[-102.3482,52.9485],[-102.3475,52.9637],[-102.3425,52.9893],[-102.3422,52.9903],[-102.3419,52.9908],[-102.3389,52.9957],[-102.3377,52.9972],[-102.337,52.9978],[-102.3356,52.9989],[-102.3316,53.0011],[-102.3305,53.0018],[-102.3254,53.0062],[-102.3243,53.0074],[-102.3239,53.008],[-102.3224,53.0115],[-102.3218,53.0125],[-102.3213,53.0132],[-102.3198,53.0145],[-102.3184,53.0153],[-102.3141,53.0172],[-102.3132,53.0176],[-102.3118,53.0186],[-102.3107,53.0196],[-102.2998,53.0357],[-102.2919,53.0494],[-102.2909,53.0509],[-102.2901,53.0518],[-102.2888,53.053],[-102.2877,53.0539],[-102.2862,53.0549],[-102.2843,53.056],[-102.271,53.0618],[-102.2688,53.0627],[-102.2546,53.0668],[-102.2526,53.0677],[-102.2507,53.0688],[-102.2404,53.0771],[-102.2394,53.0778],[-102.2377,53.0786],[-102.2355,53.0794],[-102.2013,53.0903],[-102.1992,53.0912],[-102.1983,53.0917],[-102.1969,53.0927],[-102.1959,53.0937],[-102.149,53.1486],[-102.1181,53.1845],[-102.0896,53.213],[-102.0273,53.2801],[-102.0264,53.2809],[-102.025,53.2817],[-102.0096,53.2873],[-102.0082,53.2879],[-102.0071,53.2886],[-101.9699,53.3168],[-101.969,53.3173],[-101.9677,53.3179],[-101.7926,53.3824],[-101.7828,53.386],[-101.7801,53.3872],[-101.7783,53.3881],[-101.7747,53.3903],[-101.73,53.4185],[-101.7284,53.4197],[-101.7275,53.4206],[-101.7271,53.4213],[-101.7072,53.4537],[-101.7063,53.4547],[-101.7057,53.4552],[-101.705,53.4556],[-101.704,53.4562],[-101.7025,53.4567],[-101.6496,53.4706],[-101.6482,53.471],[-101.6469,53.4715],[-101.6452,53.4725],[-101.596,53.5046],[-101.5946,53.5054],[-101.593,53.5063],[-101.522,53.5378],[-101.4199,53.5829],[-101.4189,53.5835],[-101.418,53.5842],[-101.396,53.6048],[-101.395,53.6058],[-101.3946,53.6066],[-101.3935,53.6097],[-101.3932,53.6103],[-101.3923,53.6113],[-101.3913,53.6121],[-101.3903,53.6126],[-101.3771,53.6185],[-101.3729,53.6212],[-101.3674,53.6239],[-101.3666,53.6245],[-101.3659,53.6251],[-101.3647,53.6271],[-101.3644,53.6275],[-101.3635,53.6283],[-101.3627,53.6288],[-101.3573,53.6313],[-101.3517,53.6345],[-101.3484,53.6362],[-101.3432,53.6387],[-101.3358,53.642],[-101.3223,53.6492],[-101.3216,53.6496],[-101.3202,53.65],[-101.317,53.6508],[-101.3149,53.6513],[-101.2956,53.6579],[-101.2919,53.6593],[-101.2891,53.6606],[-101.2873,53.6616],[-101.2708,53.6707],[-101.2687,53.6716],[-101.2637,53.6735],[-101.2607,53.6749],[-101.258,53.6765],[-101.2558,53.678],[-101.2547,53.6789],[-101.2512,53.6823],[-101.2495,53.6836],[-101.229,53.6966],[-101.2277,53.6975],[-101.2267,53.6984],[-101.226,53.6993],[-101.2114,53.7246],[-101.211,53.7255],[-101.2108,53.7261],[-101.2108,53.7272],[-101.2109,53.7282],[-101.2112,53.7292],[-101.2224,53.7538],[-101.2234,53.7552],[-101.2245,53.7562],[-101.2259,53.7572],[-101.2284,53.7584],[-101.2296,53.7592],[-101.2303,53.7598],[-101.2306,53.7603],[-101.2309,53.7608],[-101.2312,53.7617],[-101.2313,53.7624],[-101.2312,53.7629],[-101.2253,53.7875],[-101.2253,53.7882],[-101.2254,53.7889],[-101.2256,53.7896],[-101.2262,53.7904],[-101.2275,53.7915],[-101.2484,53.8045],[-101.2493,53.8052],[-101.2499,53.8059],[-101.2503,53.8065],[-101.2506,53.8072],[-101.2507,53.8078],[-101.2506,53.8086],[-101.2474,53.8245],[-101.2474,53.8254],[-101.2475,53.8261],[-101.2477,53.8266],[-101.2482,53.8273],[-101.2489,53.8281],[-101.2497,53.8287],[-101.2596,53.8346],[-101.261,53.8355],[-101.2616,53.8362],[-101.2621,53.8368],[-101.2625,53.8378],[-101.2626,53.8383],[-101.2625,53.839],[-101.2623,53.8397],[-101.2617,53.8408],[-101.2286,53.8781],[-101.2276,53.8791],[-101.2263,53.88],[-101.1132,53.9401],[-101.1119,53.9408],[-101.1104,53.9413],[-101.0229,53.969],[-101.0217,53.9693],[-100.9783,53.9768],[-100.89,53.998],[-100.8881,53.9985],[-100.8872,53.9989],[-100.8858,53.9996],[-100.7784,54.065],[-100.7771,54.0659],[-100.7229,54.1209],[-100.7219,54.1219],[-100.7198,54.1235],[-100.7177,54.1247],[-100.7166,54.1253],[-100.7133,54.1267],[-100.7026,54.13],[-100.7006,54.1306],[-100.6991,54.1312],[-100.6979,54.1318],[-100.6878,54.1372],[-100.6858,54.1383],[-100.6825,54.1407],[-100.6808,54.142],[-100.6793,54.1433],[-100.6713,54.1511],[-100.6699,54.1523],[-100.6681,54.1533],[-100.6629,54.1553],[-100.6616,54.1561],[-100.661,54.1565],[-100.6602,54.1573],[-100.6504,54.1683],[-100.6497,54.1689],[-100.6491,54.1694],[-100.6477,54.1703],[-100.6467,54.1708],[-100.6448,54.1715],[-100.6182,54.1792],[-100.6166,54.1798],[-100.6151,54.1806],[-100.6016,54.1889],[-100.5978,54.1914],[-100.5964,54.1925],[-100.5861,54.2013],[-100.5856,54.2017],[-100.585,54.2027],[-100.5847,54.2037],[-100.5847,54.2042],[-100.5849,54.2052],[-100.5853,54.206],[-100.5858,54.2067],[-100.6018,54.2224],[-100.6026,54.2235],[-100.6029,54.224],[-100.6032,54.2248],[-100.6033,54.2261],[-100.6032,54.2267],[-100.603,54.2274],[-100.6024,54.2285],[-100.6017,54.2293],[-100.6012,54.2299],[-100.6003,54.2306],[-100.5955,54.2335],[-100.5945,54.2341],[-100.5928,54.2348],[-100.5543,54.2475],[-100.5024,54.2645],[-100.5001,54.2651],[-100.4979,54.2656],[-100.466,54.2713],[-100.392,54.2847],[-100.3908,54.2849],[-100.389,54.2854],[-100.3434,54.302],[-100.13,54.3791],[-100.0107,54.4219],[-99.8519,54.4721],[-99.8505,54.4726],[-99.8479,54.4736],[-99.8368,54.4794],[-99.8349,54.4802],[-99.8338,54.4806],[-99.8319,54.481],[-99.8166,54.4836],[-99.8144,54.484],[-99.8125,54.4845],[-99.6662,54.5303],[-99.665,54.5307],[-99.663,54.5311],[-99.6611,54.5312],[-99.6593,54.5313],[-99.6574,54.5311],[-99.6437,54.5296],[-99.6424,54.5295],[-99.6409,54.5296],[-99.6378,54.5299],[-99.6312,54.5316],[-99.6293,54.5321],[-99.6275,54.5327],[-99.626,54.5333],[-99.615,54.538],[-99.613,54.5388],[-99.6112,54.5393],[-99.452,54.5715],[-99.3211,54.5978],[-99.3185,54.5985],[-99.1339,54.6507],[-99.1315,54.6512],[-99.074,54.66],[-99.0704,54.6607],[-98.9185,54.6975],[-98.9156,54.6982],[-98.9139,54.6988],[-98.9126,54.6995],[-98.9118,54.7],[-98.9109,54.7007],[-98.7981,54.8005],[-98.7452,54.8471],[-98.7442,54.8481],[-98.7297,54.8663],[-98.729,54.867],[-98.7279,54.8679],[-98.7259,54.869],[-98.6844,54.8865],[-98.599,54.9224],[-98.596,54.9239],[-98.5145,54.9773],[-98.5139,54.9778],[-98.513,54.9788],[-98.5124,54.9798],[-98.5122,54.9803],[-98.5119,54.9815],[-98.5104,54.9923],[-98.5099,54.9934],[-98.509,54.9943],[-98.5079,54.9951],[-98.4986,55.0006],[-98.4967,55.0015],[-98.4946,55.0023],[-98.3842,55.0396],[-98.3453,55.0536],[-98.3437,55.0544],[-98.3423,55.0553],[-98.3417,55.0558],[-98.3351,55.0618],[-98.334,55.0626],[-98.3325,55.0633],[-98.3284,55.0645],[-98.3273,55.0649],[-98.3029,55.0778],[-98.3012,55.0786],[-98.2995,55.0791],[-98.2975,55.0796],[-98.2764,55.0838],[-98.2745,55.0842],[-98.2728,55.0848],[-98.2286,55.1062],[-98.2105,55.1147],[-98.106,55.1584],[-98.0259,55.1918],[-98.0243,55.1925],[-98.0223,55.1936],[-97.9369,55.2444],[-97.9347,55.2456],[-97.9327,55.2465],[-97.8959,55.2588],[-97.8945,55.2592],[-97.8932,55.2594],[-97.8877,55.2597],[-97.8865,55.2598],[-97.8852,55.2601],[-97.8834,55.2608],[-97.8725,55.2655],[-97.8704,55.2663],[-97.8686,55.2668],[-97.8288,55.2768],[-97.8251,55.2778],[-97.7955,55.2884],[-97.7936,55.2889],[-97.7923,55.2891],[-97.7762,55.2917],[-97.775,55.292],[-97.7629,55.2957],[-97.762,55.2959],[-97.7524,55.2973],[-97.7505,55.2978],[-97.7488,55.2984],[-97.7472,55.2992],[-97.739,55.3049],[-97.7368,55.3063],[-97.7349,55.3072],[-97.7327,55.3079],[-97.7312,55.3082],[-97.7194,55.3102],[-97.7159,55.3109],[-97.6839,55.3202],[-97.681,55.3209],[-97.6798,55.3211],[-97.6788,55.3212],[-97.6771,55.3211],[-97.6696,55.3198],[-97.6669,55.3197],[-97.666,55.3198],[-97.6644,55.32],[-97.6635,55.3202],[-97.6602,55.3212],[-97.6587,55.3216],[-97.6558,55.3218],[-97.6502,55.3216],[-97.6489,55.3217],[-97.6472,55.322],[-97.6452,55.3226],[-97.6056,55.3408],[-97.6045,55.3414],[-97.6036,55.3421],[-97.6029,55.3428],[-97.5991,55.3493],[-97.5986,55.3499],[-97.5976,55.3508],[-97.5962,55.3516],[-97.5905,55.3539],[-97.5891,55.3545],[-97.5696,55.3651],[-97.5686,55.3658],[-97.5677,55.3666],[-97.5616,55.3737],[-97.561,55.3743],[-97.5599,55.375],[-97.5584,55.3757],[-97.5568,55.3761],[-97.5561,55.3763],[-97.5522,55.3768],[-97.5502,55.3773],[-97.5478,55.3783],[-97.536,55.3838],[-97.5212,55.3944],[-97.5204,55.395],[-97.5194,55.3961],[-97.5179,55.3986],[-97.5172,55.3995],[-97.5165,55.4001],[-97.5153,55.4009],[-97.5052,55.4052],[-97.5037,55.4058],[-97.502,55.4062],[-97.4918,55.4082],[-97.4901,55.4086],[-97.4743,55.4143],[-97.4721,55.4153],[-97.4713,55.4158],[-97.4701,55.4166],[-97.4621,55.4233],[-97.4606,55.4243],[-97.456,55.4266],[-97.4546,55.4274],[-97.4536,55.4283],[-97.4518,55.4309],[-97.4507,55.432],[-97.431,55.446],[-97.4301,55.4465],[-97.4288,55.4471],[-97.4005,55.4581],[-97.3999,55.4584],[-97.3992,55.4591],[-97.399,55.4596],[-97.3991,55.46],[-97.3994,55.4605],[-97.3997,55.4607],[-97.4029,55.4629],[-97.418,55.4732],[-97.4186,55.4736],[-97.419,55.4738],[-97.4196,55.4741],[-97.4202,55.4744],[-97.4219,55.475],[-97.4326,55.4782],[-97.4338,55.4786],[-97.4352,55.4792],[-97.4366,55.4799],[-97.4531,55.4898],[-97.4543,55.4904],[-97.4548,55.4907],[-97.4553,55.4908],[-97.4558,55.491],[-97.4563,55.4911],[-97.4574,55.4914],[-97.4649,55.4931],[-97.4664,55.4934],[-97.4675,55.4934],[-97.4685,55.4933],[-97.4768,55.4921],[-97.4785,55.4922],[-97.4796,55.4924],[-97.4806,55.4927],[-97.4815,55.4932],[-97.4824,55.4939],[-97.4892,55.5032],[-97.4897,55.5038],[-97.4904,55.5043],[-97.4912,55.5046],[-97.4922,55.5049],[-97.5017,55.507],[-97.5037,55.5073],[-97.5126,55.5085],[-97.5142,55.5089],[-97.5152,55.5095],[-97.5155,55.5098],[-97.516,55.5104],[-97.5161,55.5111],[-97.516,55.5129],[-97.516,55.5136],[-97.5164,55.5143],[-97.5171,55.515],[-97.518,55.5155],[-97.5192,55.5158],[-97.5242,55.5168],[-97.5261,55.5173],[-97.528,55.5181],[-97.5316,55.5198],[-97.5324,55.5205],[-97.533,55.5213],[-97.5333,55.522],[-97.5333,55.5226],[-97.5331,55.5235],[-97.5296,55.5304],[-97.5293,55.5312],[-97.5292,55.5318],[-97.5293,55.5399],[-97.529,55.541],[-97.5278,55.5442],[-97.5277,55.5447],[-97.5278,55.5452],[-97.5281,55.5458],[-97.5284,55.5461],[-97.5291,55.5466],[-97.5296,55.5468],[-97.5307,55.5471],[-97.532,55.5473],[-97.5375,55.547],[-97.5387,55.547],[-97.5399,55.5472],[-97.5417,55.5478],[-97.5491,55.551],[-97.5503,55.5516],[-97.551,55.5522],[-97.5516,55.553],[-97.5545,55.5577],[-97.555,55.5583],[-97.5557,55.5588],[-97.5568,55.5594],[-97.576,55.5671],[-97.5783,55.5679],[-97.5801,55.5682],[-97.5827,55.5685],[-97.589,55.5686],[-97.5965,55.569],[-97.6029,55.5692],[-97.6048,55.5693],[-97.6096,55.5702],[-97.6182,55.5707],[-97.6198,55.571],[-97.6209,55.5713],[-97.6223,55.5721],[-97.6319,55.5792],[-97.6333,55.5806],[-97.6351,55.5826],[-97.6365,55.5837],[-97.6378,55.5845],[-97.6451,55.588],[-97.6477,55.5895],[-97.6495,55.5907],[-97.6563,55.5958],[-97.657,55.5966],[-97.6573,55.5973],[-97.6621,55.6115],[-97.6625,55.6121],[-97.6633,55.6129],[-97.6647,55.6136],[-97.6656,55.6138],[-97.672,55.6149],[-97.6731,55.6153],[-97.6741,55.6159],[-97.6745,55.6165],[-97.6756,55.6182],[-97.6758,55.6188],[-97.6758,55.6191],[-97.6756,55.6198],[-97.6742,55.6215],[-97.6738,55.6221],[-97.6737,55.6229],[-97.6739,55.6235],[-97.6741,55.6238],[-97.6748,55.6244],[-97.6775,55.6258],[-97.679,55.6268],[-97.6856,55.6322],[-97.686,55.6328],[-97.6863,55.6335],[-97.6864,55.6344],[-97.6852,55.6394],[-97.6851,55.6401],[-97.6853,55.6408],[-97.6875,55.6471],[-97.6876,55.6479],[-97.6876,55.6486],[-97.6861,55.656],[-97.6861,55.6569],[-97.6869,55.6593],[-97.687,55.6602],[-97.6869,55.6608],[-97.6841,55.6709],[-97.6837,55.6756],[-97.6838,55.6775],[-97.6842,55.6788],[-97.6847,55.6801],[-97.6886,55.6878],[-97.689,55.6884],[-97.6895,55.6891],[-97.6903,55.6899],[-97.6952,55.694],[-97.6957,55.6945],[-97.6961,55.6951],[-97.6964,55.6957],[-97.6964,55.696],[-97.6969,55.7018],[-97.6973,55.7035],[-97.6991,55.7094],[-97.6995,55.7101],[-97.6997,55.7103],[-97.7007,55.7111],[-97.7019,55.7117],[-97.7105,55.7151],[-97.7122,55.7159],[-97.7128,55.7162],[-97.7136,55.7168],[-97.7161,55.7199],[-97.7169,55.7207],[-97.7178,55.7213],[-97.7192,55.7218],[-97.72,55.7221],[-97.7213,55.7223],[-97.7404,55.7234],[-97.7414,55.7234],[-97.743,55.7237],[-97.7886,55.7394],[-97.7914,55.7408],[-97.796,55.7438],[-97.7978,55.7448],[-97.8024,55.7466],[-97.8032,55.7469],[-97.8038,55.7471],[-97.8044,55.7472],[-97.8058,55.7474],[-97.8148,55.7481],[-97.8165,55.7482],[-97.8175,55.748],[-97.8185,55.7477],[-97.819,55.7475],[-97.8196,55.7471],[-97.8301,55.7407],[-97.8196,55.7471],[-97.819,55.7475],[-97.8175,55.748],[-97.8165,55.7482],[-97.8154,55.7482],[-97.8148,55.7481],[-97.8143,55.7481],[-97.8058,55.7474],[-97.8044,55.7472],[-97.8032,55.7469],[-97.7978,55.7448],[-97.796,55.7438],[-97.7952,55.7433],[-97.7914,55.7408],[-97.7886,55.7394],[-97.743,55.7237],[-97.7414,55.7234],[-97.7404,55.7234],[-97.7219,55.7223],[-97.7213,55.7223],[-97.72,55.7221],[-97.7192,55.7218],[-97.7178,55.7213],[-97.7169,55.7207],[-97.7161,55.7199],[-97.7136,55.7168],[-97.7128,55.7162],[-97.7122,55.7159],[-97.7105,55.7151],[-97.7019,55.7117],[-97.7007,55.7111],[-97.6997,55.7103],[-97.6995,55.7101],[-97.6991,55.7094],[-97.6973,55.7035],[-97.6969,55.7018],[-97.6964,55.696],[-97.6964,55.6957],[-97.6961,55.6951],[-97.6957,55.6945],[-97.6952,55.694],[-97.6903,55.6899],[-97.6895,55.6891],[-97.689,55.6884],[-97.6886,55.6878],[-97.6847,55.6801],[-97.6842,55.6788],[-97.6838,55.6775],[-97.6837,55.6756],[-97.6841,55.6709],[-97.6842,55.6704],[-97.6869,55.6608],[-97.687,55.6602],[-97.6869,55.6593],[-97.6861,55.6569],[-97.6861,55.656],[-97.6862,55.6556],[-97.6876,55.6486],[-97.6876,55.6479],[-97.6875,55.6471],[-97.6853,55.6408],[-97.6851,55.6401],[-97.6852,55.6394],[-97.6864,55.6344],[-97.6863,55.6335],[-97.686,55.6328],[-97.6856,55.6322],[-97.679,55.6268],[-97.6775,55.6258],[-97.6748,55.6244],[-97.6741,55.6238],[-97.6739,55.6235],[-97.6737,55.6229],[-97.6738,55.6221],[-97.6742,55.6215],[-97.6756,55.6198],[-97.6758,55.6191],[-97.6758,55.6188],[-97.6756,55.6182],[-97.6745,55.6165],[-97.6741,55.6159],[-97.6731,55.6153],[-97.672,55.6149],[-97.6715,55.6148],[-97.6656,55.6138],[-97.6647,55.6136],[-97.6633,55.6129],[-97.6625,55.6121],[-97.6621,55.6115],[-97.6573,55.5973],[-97.657,55.5966],[-97.6563,55.5958],[-97.6495,55.5907],[-97.6477,55.5895],[-97.6451,55.588],[-97.6378,55.5845],[-97.6365,55.5837],[-97.6351,55.5826],[-97.6333,55.5806],[-97.6319,55.5792],[-97.6223,55.5721],[-97.6209,55.5713],[-97.6198,55.571],[-97.6182,55.5707],[-97.6101,55.5703],[-97.6096,55.5702],[-97.6078,55.5699],[-97.6048,55.5693],[-97.6029,55.5692],[-97.5965,55.569],[-97.589,55.5686],[-97.5843,55.5686],[-97.5827,55.5685],[-97.5801,55.5682],[-97.5783,55.5679],[-97.576,55.5671],[-97.5568,55.5594],[-97.5557,55.5588],[-97.555,55.5583],[-97.5545,55.5577],[-97.5516,55.553],[-97.551,55.5522],[-97.5503,55.5516],[-97.5491,55.551],[-97.5417,55.5478],[-97.5399,55.5472],[-97.5387,55.547],[-97.5375,55.547],[-97.5332,55.5473],[-97.532,55.5473],[-97.5307,55.5471],[-97.5296,55.5468],[-97.5291,55.5466],[-97.5284,55.5461],[-97.5281,55.5458],[-97.5278,55.5452],[-97.5277,55.5447],[-97.5278,55.5442],[-97.529,55.541],[-97.5293,55.5399],[-97.5292,55.5318],[-97.5293,55.5312],[-97.5296,55.5304],[-97.5331,55.5235],[-97.5333,55.5226],[-97.5333,55.522],[-97.533,55.5213],[-97.5324,55.5205],[-97.5316,55.5198],[-97.528,55.5181],[-97.5261,55.5173],[-97.5242,55.5168],[-97.5192,55.5158],[-97.518,55.5155],[-97.5171,55.515],[-97.5164,55.5143],[-97.516,55.5136],[-97.516,55.5129],[-97.5161,55.5111],[-97.516,55.5104],[-97.5155,55.5098],[-97.5152,55.5095],[-97.5142,55.5089],[-97.5126,55.5085],[-97.512,55.5084],[-97.5037,55.5073],[-97.5017,55.507],[-97.4922,55.5049],[-97.4912,55.5046],[-97.4904,55.5043],[-97.4897,55.5038],[-97.4892,55.5032],[-97.4824,55.4939],[-97.4815,55.4932],[-97.4806,55.4927],[-97.4796,55.4924],[-97.4785,55.4922],[-97.4768,55.4921],[-97.4685,55.4933],[-97.4675,55.4934],[-97.4664,55.4934],[-97.4649,55.4931],[-97.4574,55.4914],[-97.4558,55.491],[-97.4548,55.4907],[-97.4531,55.4898],[-97.4366,55.4799],[-97.4352,55.4792],[-97.4338,55.4786],[-97.4326,55.4782],[-97.4219,55.475],[-97.4202,55.4744],[-97.419,55.4738],[-97.418,55.4732],[-97.3992,55.4604],[-97.3987,55.4601],[-97.3979,55.4599],[-97.3968,55.4599],[-97.396,55.46],[-97.3951,55.4602],[-97.3757,55.4677],[-97.3743,55.4682],[-97.3719,55.4688],[-97.368,55.4696],[-97.3386,55.4735],[-97.3375,55.4737],[-97.3364,55.474],[-97.3347,55.4746],[-97.3338,55.4751],[-97.316,55.4864],[-97.3149,55.487],[-97.3134,55.4875],[-97.3047,55.4899],[-97.3034,55.4903],[-97.3024,55.4908],[-97.3013,55.4915],[-97.3008,55.4919],[-97.287,55.5059],[-97.2703,55.5201],[-97.2688,55.5209],[-97.2676,55.5215],[-97.2588,55.5244],[-97.2574,55.525],[-97.2561,55.5258],[-97.2409,55.5365],[-97.2394,55.5376],[-97.2386,55.5384],[-97.231,55.5477],[-97.2305,55.5482],[-97.2294,55.5491],[-97.2218,55.5538],[-97.2192,55.5554],[-97.2177,55.5561],[-97.2101,55.5595],[-97.2072,55.561],[-97.2056,55.5621],[-97.1924,55.572],[-97.1912,55.5727],[-97.1898,55.5733],[-97.1564,55.5845],[-97.1551,55.585],[-97.1535,55.5859],[-97.1516,55.5876],[-97.1495,55.5894],[-97.1479,55.5905],[-97.1463,55.5913],[-97.1401,55.5936],[-97.1393,55.594],[-97.1385,55.5945],[-97.1375,55.5954],[-97.132,55.6025],[-97.1312,55.6032],[-97.1301,55.6039],[-97.1166,55.6095],[-97.1147,55.6101],[-97.1058,55.613],[-97.1043,55.6136],[-97.1029,55.6144],[-97.1017,55.6152],[-97.0925,55.6228],[-97.0915,55.6236],[-97.0899,55.6245],[-97.0884,55.6251],[-97.067,55.6329],[-97.0652,55.6337],[-97.064,55.6344],[-97.0626,55.6356],[-97.0526,55.6445],[-97.0513,55.6455],[-97.0499,55.6461],[-97.0342,55.6517],[-97.032,55.6528],[-97.0293,55.6544],[-97.0276,55.6557],[-97.0112,55.6704],[-97.0097,55.6715],[-97.0086,55.672],[-97.0071,55.6725],[-97.0059,55.6728],[-97.0034,55.673],[-96.991,55.6725],[-96.9889,55.6726],[-96.9868,55.6728],[-96.9362,55.6809],[-96.934,55.6815],[-96.9305,55.6827],[-96.9292,55.6831],[-96.9236,55.6844],[-96.9217,55.6851],[-96.9179,55.6873],[-96.9167,55.6879],[-96.915,55.6884],[-96.9107,55.6893],[-96.9093,55.6898],[-96.908,55.6905],[-96.902,55.695],[-96.901,55.6956],[-96.8969,55.6977],[-96.8955,55.6986],[-96.8949,55.6991],[-96.8862,55.7075],[-96.8852,55.7083],[-96.8839,55.709],[-96.882,55.7096],[-96.876,55.7106],[-96.8746,55.711],[-96.8735,55.7115],[-96.8724,55.7122],[-96.8714,55.7131],[-96.8707,55.714],[-96.8694,55.7162],[-96.8688,55.717],[-96.8682,55.7174],[-96.8674,55.718],[-96.8663,55.7185],[-96.8652,55.7189],[-96.8633,55.7194],[-96.8181,55.725],[-96.816,55.7255],[-96.8141,55.726],[-96.7529,55.7482],[-96.7493,55.7491],[-96.733,55.7528],[-96.7301,55.7532],[-96.7257,55.7535],[-96.724,55.7538],[-96.7228,55.7542],[-96.7217,55.7546],[-96.7187,55.7561],[-96.7175,55.7565],[-96.6963,55.7632],[-96.6783,55.7703],[-96.6757,55.771],[-96.6741,55.7712],[-96.6725,55.7713],[-96.6609,55.7711],[-96.6594,55.7712],[-96.6578,55.7714],[-96.6565,55.7717],[-96.6547,55.7724],[-96.6411,55.777],[-96.6398,55.7775],[-96.6385,55.7783],[-96.6379,55.7788],[-96.6256,55.7921],[-96.6235,55.7943],[-96.6226,55.795],[-96.6217,55.7956],[-96.6156,55.7987],[-96.6146,55.7995],[-96.6142,55.8001],[-96.6138,55.8008],[-96.6137,55.8015],[-96.6138,55.8033],[-96.6136,55.8039],[-96.6131,55.8044],[-96.6122,55.805],[-96.6108,55.8053],[-96.6098,55.8054],[-96.606,55.8053],[-96.604,55.8054],[-96.6026,55.8059],[-96.6021,55.8062],[-96.6016,55.8066],[-96.6012,55.8071],[-96.601,55.8077],[-96.6009,55.8148],[-96.6007,55.8158],[-96.6004,55.8164],[-96.6002,55.8169],[-96.5996,55.8175],[-96.5932,55.8229],[-96.5924,55.8237],[-96.5917,55.8248],[-96.5914,55.8253],[-96.5901,55.8294],[-96.5894,55.8304],[-96.5887,55.8311],[-96.5755,55.8411],[-96.5599,55.8502],[-96.5582,55.8509],[-96.5483,55.8542],[-96.5467,55.855],[-96.5459,55.8555],[-96.5452,55.856],[-96.5284,55.8709],[-96.5272,55.8717],[-96.5253,55.8725],[-96.5235,55.8729],[-96.5224,55.8731],[-96.4772,55.877],[-96.4732,55.8775],[-96.4699,55.8783],[-96.4686,55.8787],[-96.4284,55.8926],[-96.4256,55.8935],[-96.4241,55.894],[-96.4223,55.8944],[-96.3697,55.9047],[-96.362,55.9058],[-96.3546,55.9064],[-96.3509,55.9066],[-96.3281,55.9073],[-96.3215,55.9079],[-96.3169,55.9092],[-96.305,55.9134],[-96.287,55.9188],[-96.2026,55.929],[-96.1211,55.9528],[-96.0514,55.9655],[-96.0253,55.9725],[-96.0038,55.9767],[-95.9595,55.9858],[-95.9571,55.9864],[-95.9552,55.987],[-95.9468,55.9902],[-95.9451,55.9907],[-95.9429,55.9913],[-95.9019,55.999],[-95.8994,55.9996],[-95.873,56.0071],[-95.8713,56.0075],[-95.8695,56.0077],[-95.8423,56.0096],[-95.8406,56.0098],[-95.8393,56.01],[-95.8375,56.0106],[-95.8364,56.0111],[-95.8202,56.0214],[-95.8184,56.0222],[-95.8165,56.0227],[-95.8155,56.0229],[-95.8137,56.023],[-95.8036,56.023],[-95.8018,56.0231],[-95.8005,56.0232],[-95.7992,56.0235],[-95.798,56.0239],[-95.7922,56.0264],[-95.7902,56.027],[-95.7877,56.0273],[-95.7794,56.0274],[-95.7774,56.0276],[-95.7758,56.028],[-95.7683,56.0306],[-95.7672,56.0309],[-95.7652,56.0312],[-95.7479,56.0325],[-95.7459,56.0325],[-95.7428,56.0323],[-95.7321,56.0306],[-95.73,56.0304],[-95.7287,56.0304],[-95.6992,56.0319],[-95.6968,56.0322],[-95.6954,56.0325],[-95.6937,56.0331],[-95.6249,56.0599],[-95.6225,56.0607],[-95.5994,56.0667],[-95.5966,56.0677],[-95.5764,56.0754],[-95.5754,56.0757],[-95.5074,56.0907],[-95.5029,56.0916],[-95.4604,56.0976],[-95.4592,56.0977],[-95.4576,56.0977],[-95.4528,56.0973],[-95.4499,56.0973],[-95.4469,56.0976],[-95.4445,56.0982],[-95.4431,56.0987],[-95.418,56.1088],[-95.4149,56.1104],[-95.4067,56.1156],[-95.4054,56.1163],[-95.4043,56.1168],[-95.3739,56.1275],[-95.367,56.13],[-95.3653,56.1308],[-95.3461,56.1412],[-95.3438,56.1422],[-95.3415,56.1429],[-95.2873,56.1573],[-95.0828,56.211],[-95.0025,56.2301],[-94.9989,56.2311],[-94.9958,56.2323],[-94.8291,56.3073],[-94.806,56.3177],[-94.8026,56.319],[-94.8002,56.3198],[-94.7804,56.3248],[-94.7329,56.3387],[-94.73,56.3393],[-94.7238,56.3402],[-94.7222,56.3406],[-94.7194,56.3414],[-94.7142,56.3434],[-94.7108,56.3445],[-94.6725,56.3536],[-94.6319,56.3664],[-94.6286,56.3672],[-94.614,56.3702],[-94.6116,56.3708],[-94.6095,56.3718],[-94.6082,56.3727],[-94.5981,56.3813],[-94.597,56.3825],[-94.5883,56.393],[-94.5874,56.3937],[-94.5864,56.3941],[-94.5852,56.3944],[-94.5814,56.3943],[-94.5797,56.3944],[-94.5775,56.3949],[-94.4987,56.4196],[-94.4952,56.4206],[-94.4895,56.4217],[-94.4232,56.434],[-94.4194,56.4349],[-94.23,56.4969],[-94.1983,56.5072],[-94.1965,56.5076],[-94.1944,56.5078],[-94.187,56.5081],[-94.1744,56.5089],[-94.1731,56.5091],[-94.1719,56.5094],[-94.1708,56.5098],[-94.1606,56.5148],[-94.1589,56.5154],[-94.1576,56.5158],[-94.1555,56.5163],[-94.1539,56.5165],[-94.1424,56.5172],[-94.1402,56.5175],[-94.1383,56.5181],[-94.1362,56.5189],[-94.1344,56.52],[-94.1281,56.5255],[-94.1269,56.5263],[-94.0892,56.5475],[-94.064,56.5642],[-94.063,56.565],[-94.0625,56.5657],[-94.0621,56.5667],[-94.0621,56.5677],[-94.0701,56.6768],[-94.0746,56.7373],[-94.0748,56.7385],[-94.1127,56.9008],[-94.1138,56.9058],[-94.114,56.9067],[-94.1141,56.9143],[-94.1142,56.9384],[-94.1143,56.9394],[-94.1144,56.9401],[-94.1203,56.9634],[-94.128,56.98],[-94.1341,56.9906],[-94.1345,56.9915],[-94.135,56.993],[-94.1495,57.108],[-94.1498,57.1093],[-94.1597,57.1414],[-94.1599,57.1425],[-94.1808,57.2739],[-94.1808,57.2747],[-94.1806,57.2757],[-94.1731,57.3079],[-94.1729,57.309],[-94.1729,57.3102],[-94.1731,57.311],[-94.1817,57.3355],[-94.182,57.3367],[-94.1864,57.3693],[-94.1866,57.3703],[-94.1873,57.3719],[-94.1894,57.3775],[-94.1897,57.3788],[-94.1981,57.444],[-94.1998,57.5139],[-94.2,57.5151],[-94.2041,57.5315],[-94.2043,57.5323],[-94.2044,57.5335],[-94.2044,57.5347],[-94.201,57.5634],[-94.201,57.5652],[-94.2014,57.5671],[-94.2154,57.6164],[-94.2155,57.6175],[-94.2155,57.6188],[-94.2141,57.6356],[-94.2143,57.6374],[-94.2313,57.6917],[-94.2316,57.6933],[-94.2314,57.7396],[-94.2314,57.74],[-94.2311,57.7409],[-94.2308,57.7418],[-94.2202,57.7595],[-94.2197,57.7604],[-94.2195,57.7611],[-94.2133,57.7835],[-94.2132,57.7853],[-94.2145,57.8028],[-94.2145,57.8036],[-94.2144,57.805],[-94.209,57.8347],[-94.2088,57.8353],[-94.2022,57.849],[-94.2019,57.8501],[-94.202,57.8512],[-94.205,57.8641],[-94.2052,57.8651],[-94.2051,57.8656],[-94.2049,57.8662],[-94.2045,57.8669],[-94.1734,57.9256],[-94.1731,57.9263],[-94.1728,57.9274],[-94.172,57.9363],[-94.1718,57.9377],[-94.1712,57.9389],[-94.1647,57.9499],[-94.164,57.9513],[-94.1541,57.9802],[-94.1539,57.9811],[-94.1538,57.9819],[-94.1539,57.9831],[-94.1571,57.9968],[-94.1572,57.9979],[-94.1577,58.0053],[-94.1586,58.0191],[-94.1589,58.0249],[-94.1589,58.0257],[-94.153,58.0543],[-94.1526,58.0552],[-94.1521,58.0562],[-94.1471,58.0648],[-94.1461,58.0666],[-94.1456,58.0682],[-94.1422,58.0818],[-94.1386,58.1298],[-94.1386,58.1312],[-94.1387,58.1323],[-94.1462,58.1667],[-94.1474,58.2121],[-94.1475,58.214],[-94.1541,58.2461],[-94.1578,58.2737],[-94.1578,58.3377],[-94.1576,58.3389],[-94.1368,58.4153],[-94.1366,58.4173],[-94.1291,58.5619],[-94.1182,58.6205],[-94.1181,58.6215],[-94.1182,58.6225],[-94.1245,58.7063],[-94.1245,58.7075],[-94.1232,58.7299],[-94.1234,58.7308],[-94.1237,58.7317],[-94.1308,58.7498],[-94.1314,58.751],[-94.1319,58.7515],[-94.1333,58.7526],[-94.1352,58.7535],[-94.1679,58.7652],[-94.1746,58.7677]]}},{"type":"Feature","id":"520","properties":{"geometryId":"520","routeId":"617-119"},"geometry":{"type":"LineString","coordinates":[[-75.6515,45.416],[-75.6578,45.4152],[-75.6588,45.4149],[-75.6595,45.4144],[-75.6599,45.4139],[-75.66,45.4134],[-75.6605,45.4104],[-75.6611,45.4086],[-75.662,45.4067],[-75.6674,45.3965],[-75.669,45.3928],[-75.6698,45.3913],[-75.6706,45.3901],[-75.6719,45.3886],[-75.6771,45.3837],[-75.6787,45.3817],[-75.6797,45.38],[-75.6806,45.378],[-75.6809,45.3767],[-75.6809,45.3751],[-75.6799,45.3696],[-75.6799,45.3685],[-75.68,45.3668],[-75.6809,45.3639],[-75.6819,45.362],[-75.6839,45.3595],[-75.6919,45.3515],[-75.6929,45.3503],[-75.6953,45.3473],[-75.6958,45.3467],[-75.6965,45.3462],[-75.7025,45.3434],[-75.7033,45.3428],[-75.704,45.342],[-75.7597,45.2692],[-75.7608,45.2683],[-75.7927,45.2492],[-75.7947,45.2479],[-75.796,45.2467],[-75.7973,45.245],[-75.7983,45.2429],[-75.8077,45.2127],[-75.8086,45.211],[-75.8299,45.176],[-75.8392,45.1583],[-75.8401,45.1569],[-75.9015,45.0789],[-75.903,45.0766],[-75.9287,45.0356],[-75.9293,45.0349],[-76.0223,44.9403],[-76.0249,44.9372],[-76.0262,44.9346],[-76.0268,44.9322],[-76.0269,44.9295],[-76.0248,44.9155],[-76.0244,44.9136],[-76.024,44.9125],[-76.0229,44.9106],[-76.0225,44.91],[-76.0201,44.9078],[-76.0191,44.907],[-76.0158,44.9051],[-76.0151,44.9046],[-76.0147,44.9041],[-76.0139,44.9025],[-76.0133,44.9019],[-76.0126,44.9014],[-76.0118,44.901],[-76.0074,44.8994],[-76.006,44.8989],[-76.0049,44.8981],[-76.004,44.8972],[-76.0034,44.8963],[-76.0031,44.8954],[-76.0031,44.8943],[-76.0034,44.8931],[-76.0045,44.8903],[-76.005,44.8879],[-76.0047,44.8855],[-76.0035,44.8828],[-76.0017,44.8807],[-75.9755,44.8593],[-75.9717,44.8567],[-75.9687,44.8549],[-75.9526,44.8466],[-75.9487,44.8442],[-75.9458,44.842],[-75.9121,44.8141],[-75.9069,44.8102],[-75.8799,44.7888],[-75.8407,44.7637],[-75.8304,44.757],[-75.8271,44.7544],[-75.8242,44.7516],[-75.8213,44.7482],[-75.8198,44.7459],[-75.8167,44.7403],[-75.8032,44.7141],[-75.8015,44.7111],[-75.8005,44.7096],[-75.7988,44.7079],[-75.7971,44.7066],[-75.7934,44.7043],[-75.7915,44.703],[-75.79,44.7017],[-75.7881,44.6999],[-75.7837,44.6952],[-75.7818,44.6936],[-75.7799,44.6922],[-75.7588,44.68],[-75.7543,44.6771],[-75.75,44.6741],[-75.7454,44.6706],[-75.7405,44.6663],[-75.7177,44.6441],[-75.7107,44.6359],[-75.7041,44.6257],[-75.6946,44.6087],[-75.6928,44.6051],[-75.6914,44.6009],[-75.6905,44.599],[-75.6888,44.5964],[-75.6886,44.5958],[-75.6887,44.5951],[-75.689,44.5945],[-75.6897,44.5938],[-75.6968,44.5898],[-75.6999,44.5884],[-75.7037,44.5869],[-75.7124,44.5853],[-75.7187,44.5836],[-75.7264,44.5806],[-75.7314,44.5788],[-75.7366,44.5776],[-75.7403,44.5762],[-75.7499,44.573],[-75.7706,44.5673],[-75.7759,44.5657],[-75.7791,44.5642],[-75.782,44.5625],[-75.7866,44.5593],[-75.7947,44.5515],[-75.7964,44.5501],[-75.8023,44.547],[-75.8042,44.5457],[-75.8215,44.5311],[-75.824,44.5291],[-75.8348,44.5212],[-75.8472,44.5133],[-75.8488,44.512],[-75.8572,44.5036],[-75.8587,44.5023],[-75.8655,44.4972],[-75.8679,44.4954],[-75.8872,44.4784],[-75.8958,44.4707],[-75.8983,44.4687],[-75.9012,44.4668],[-75.9051,44.4647],[-75.9207,44.457],[-75.937,44.45],[-75.9381,44.4495],[-75.9388,44.449],[-75.9413,44.4469],[-75.9425,44.4461],[-75.9446,44.4451],[-75.9511,44.4425],[-75.9574,44.4402],[-75.9652,44.436],[-75.9665,44.4351],[-75.9703,44.4322],[-75.9772,44.4273],[-76.0277,44.3976],[-76.0301,44.3965],[-76.0328,44.3954],[-76.0779,44.3786],[-76.0809,44.3776],[-76.0843,44.3767],[-76.0876,44.3761],[-76.0909,44.3756],[-76.1537,44.3688],[-76.1635,44.3677],[-76.1648,44.3674],[-76.1674,44.3665],[-76.1693,44.3655],[-76.1727,44.3633],[-76.1757,44.362],[-76.1773,44.3614],[-76.1802,44.3607],[-76.1827,44.3603],[-76.1933,44.3592],[-76.1961,44.359],[-76.1991,44.3589],[-76.2048,44.359],[-76.2061,44.3589],[-76.209,44.3586],[-76.22,44.3563],[-76.2228,44.3558],[-76.2359,44.3541],[-76.2519,44.3514],[-76.2542,44.3509],[-76.257,44.3503],[-76.2594,44.3495],[-76.3324,44.3249],[-76.3341,44.3244],[-76.3359,44.3241],[-76.3781,44.3171],[-76.3815,44.3164],[-76.3844,44.3154],[-76.386,44.3148],[-76.4292,44.2945],[-76.4305,44.2939],[-76.4319,44.2934],[-76.4342,44.2928],[-76.4356,44.2925],[-76.4381,44.2921],[-76.4456,44.2916],[-76.4481,44.291],[-76.4495,44.2906],[-76.4614,44.2854],[-76.4631,44.2846],[-76.4645,44.2838],[-76.4658,44.2829],[-76.4668,44.282],[-76.4677,44.281],[-76.4703,44.2775],[-76.4714,44.2765],[-76.4738,44.2743],[-76.4745,44.2736],[-76.4755,44.2722],[-76.4758,44.2714],[-76.476,44.2707],[-76.4761,44.2698],[-76.4759,44.2676],[-76.4759,44.2664],[-76.4764,44.2649],[-76.4767,44.2642],[-76.4788,44.2612],[-76.4797,44.2603],[-76.4808,44.2594],[-76.482,44.2587],[-76.4831,44.2582],[-76.4843,44.2578],[-76.4855,44.2576],[-76.4868,44.2574],[-76.4883,44.2574],[-76.4898,44.2574],[-76.4911,44.2577],[-76.4924,44.258],[-76.4934,44.2584],[-76.4944,44.2588],[-76.4971,44.2604],[-76.498,44.2608],[-76.5106,44.2651],[-76.512,44.2655],[-76.5138,44.2659],[-76.5158,44.266],[-76.5175,44.266],[-76.519,44.2658],[-76.5204,44.2655],[-76.5218,44.2651],[-76.5236,44.2643],[-76.5483,44.2504],[-76.55,44.2493],[-76.551,44.2486],[-76.5519,44.2477],[-76.553,44.2466],[-76.5541,44.2456],[-76.5553,44.2447],[-76.5576,44.2433],[-76.5587,44.2428],[-76.5605,44.2421],[-76.5624,44.2415],[-76.5645,44.2411],[-76.5686,44.2405],[-76.5703,44.2402],[-76.578,44.2382],[-76.5797,44.2379],[-76.5814,44.2377],[-76.5843,44.2376],[-76.5875,44.2378],[-76.5891,44.2381],[-76.591,44.2385],[-76.6021,44.2418],[-76.6041,44.2422],[-76.6059,44.2425],[-76.6078,44.2426],[-76.6097,44.2426],[-76.6128,44.2424],[-76.6146,44.242],[-76.6171,44.2414],[-76.6187,44.2409],[-76.6205,44.2401],[-76.6222,44.2392],[-76.6237,44.2382],[-76.6251,44.2372],[-76.6263,44.236],[-76.6302,44.2316],[-76.6311,44.2308],[-76.6326,44.2299],[-76.6338,44.2292],[-76.6352,44.2286],[-76.6366,44.2282],[-76.6397,44.2276],[-76.6412,44.2274],[-76.6442,44.2275],[-76.6492,44.2282],[-76.6524,44.2283],[-76.6542,44.2282],[-76.6581,44.2277],[-76.6607,44.2276],[-76.6629,44.2276],[-76.6651,44.2279],[-76.6669,44.2282],[-76.6686,44.2287],[-76.6704,44.2293],[-76.6742,44.231],[-76.6761,44.2316],[-76.6788,44.2322],[-76.6811,44.2325],[-76.6833,44.2326],[-76.6853,44.2325],[-76.6874,44.2323],[-76.7264,44.2254],[-76.7296,44.2248],[-76.7327,44.2241],[-76.7351,44.2234],[-76.7595,44.2155],[-76.7626,44.2146],[-76.7656,44.214],[-76.7672,44.2137],[-76.7696,44.2134],[-76.8042,44.2103],[-76.807,44.2102],[-76.809,44.2102],[-76.8109,44.2104],[-76.8132,44.2107],[-76.815,44.2112],[-76.8876,44.2298],[-76.8892,44.2301],[-76.8906,44.2303],[-76.8937,44.2305],[-76.9084,44.2299],[-76.9106,44.23],[-76.9127,44.2302],[-76.9148,44.2306],[-76.9165,44.231],[-76.9182,44.2316],[-76.9201,44.2324],[-76.922,44.2333],[-76.9238,44.2343],[-76.9364,44.2427],[-76.9374,44.2434],[-76.9391,44.2448],[-76.9407,44.2467],[-76.9421,44.2486],[-76.9428,44.2494],[-76.9436,44.2501],[-76.9444,44.2507],[-76.9473,44.2523],[-76.9486,44.2529],[-76.95,44.2532],[-76.9514,44.2535],[-76.953,44.2537],[-76.9543,44.2537],[-76.9557,44.2535],[-76.9577,44.2532],[-76.9835,44.2483],[-76.9878,44.2474],[-76.9913,44.2466],[-77.0219,44.2385],[-77.025,44.2376],[-77.0511,44.2283],[-77.0532,44.2276],[-77.0551,44.2271],[-77.0575,44.2267],[-77.0725,44.2247],[-77.0765,44.2245],[-77.08,44.2245],[-77.0843,44.2249],[-77.1045,44.2268],[-77.1072,44.2269],[-77.1096,44.2268],[-77.112,44.2265],[-77.24,44.2034],[-77.2426,44.203],[-77.2444,44.2029],[-77.2464,44.2028],[-77.269,44.2044],[-77.2719,44.2044],[-77.2736,44.2043],[-77.2754,44.2041],[-77.2771,44.2037],[-77.3673,44.1817],[-77.3711,44.1807],[-77.3745,44.1796],[-77.3877,44.1744],[-77.3901,44.1736],[-77.5236,44.1394],[-77.5274,44.1386],[-77.5302,44.1381],[-77.5684,44.1326],[-77.5703,44.1322],[-77.5723,44.1317],[-77.574,44.1312],[-77.5769,44.13],[-77.5782,44.1292],[-77.5938,44.1197],[-77.5953,44.1186],[-77.5968,44.1174],[-77.5988,44.1153],[-77.6069,44.1058],[-77.6084,44.1045],[-77.6099,44.1035],[-77.6868,44.0541],[-77.6891,44.0528],[-77.692,44.0514],[-77.6975,44.0492],[-77.7016,44.0477],[-77.705,44.0465],[-77.7115,44.0446],[-77.8692,43.9994],[-77.873,43.9985],[-77.8761,43.9979],[-78.0563,43.9729],[-78.0907,43.968],[-78.0954,43.9675],[-78.1,43.9673],[-78.1034,43.9672],[-78.1065,43.9673],[-78.1336,43.9693],[-78.1362,43.9694],[-78.1629,43.969],[-78.1657,43.9689],[-78.1674,43.9687],[-78.169,43.9684],[-78.1715,43.9678],[-78.1743,43.9668],[-78.1761,43.9659],[-78.1848,43.961],[-78.1867,43.96],[-78.1896,43.9589],[-78.1913,43.9584],[-78.1942,43.958],[-78.1957,43.9579],[-78.1976,43.9579],[-78.2004,43.9582],[-78.2021,43.9582],[-78.2039,43.9582],[-78.2342,43.954],[-78.2363,43.9539],[-78.2566,43.9541],[-78.2589,43.9541],[-78.2632,43.9538],[-78.2672,43.9532],[-78.2708,43.9525],[-78.2891,43.9477],[-78.2948,43.9461],[-78.2966,43.9453],[-78.2974,43.9449],[-78.299,43.9436],[-78.2995,43.943],[-78.3005,43.9424],[-78.3016,43.9417],[-78.3026,43.9413],[-78.3037,43.941],[-78.3047,43.9408],[-78.3058,43.9407],[-78.3076,43.9407],[-78.3116,43.9409],[-78.316,43.9413],[-78.3268,43.9424],[-78.3299,43.9428],[-78.3561,43.947],[-78.3584,43.9473],[-78.3608,43.9475],[-78.3631,43.9477],[-78.3661,43.9477],[-78.3689,43.9475],[-78.3735,43.9471],[-78.3761,43.9466],[-78.3788,43.946],[-78.383,43.9447],[-78.3858,43.9436],[-78.3881,43.9426],[-78.391,43.9409],[-78.4068,43.9314],[-78.4081,43.9308],[-78.4096,43.9301],[-78.4115,43.9295],[-78.4288,43.9237],[-78.4315,43.923],[-78.4333,43.9227],[-78.4349,43.9226],[-78.4475,43.9216],[-78.4516,43.921],[-78.4535,43.9206],[-78.4574,43.9194],[-78.4734,43.9134],[-78.4773,43.9123],[-78.4858,43.9102],[-78.4886,43.9095],[-78.4911,43.9087],[-78.5047,43.904],[-78.5083,43.903],[-78.5105,43.9025],[-78.5127,43.9022],[-78.5386,43.8988],[-78.5402,43.8986],[-78.5437,43.8986],[-78.5472,43.8989],[-78.5501,43.8995],[-78.5528,43.9004],[-78.5624,43.904],[-78.5646,43.9048],[-78.5677,43.9055],[-78.5703,43.9059],[-78.5804,43.9071],[-78.5839,43.9074],[-78.5864,43.9074],[-78.5895,43.9071],[-78.6158,43.9035],[-78.6205,43.9028],[-78.6254,43.9016],[-78.6276,43.901],[-78.6296,43.9002],[-78.6312,43.8996],[-78.6366,43.8971],[-78.6396,43.896],[-78.6412,43.8956],[-78.6441,43.895],[-78.6468,43.8948],[-78.6484,43.8948],[-78.6503,43.8949],[-78.6597,43.8959],[-78.6632,43.8962],[-78.6672,43.8962],[-78.6785,43.8959],[-78.68,43.8958],[-78.6826,43.8953],[-78.684,43.8948],[-78.6861,43.8939],[-78.6874,43.8932],[-78.7113,43.8776],[-78.7136,43.8764],[-78.716,43.8754],[-78.7172,43.8751],[-78.7204,43.8743],[-78.7224,43.8741],[-78.7431,43.8717],[-78.7462,43.8716],[-78.7496,43.8717],[-78.7516,43.872],[-78.7537,43.8725],[-78.7672,43.8757],[-78.7686,43.876],[-78.7713,43.8763],[-78.7738,43.8764],[-78.7753,43.8764],[-78.7912,43.8747],[-78.7935,43.8749],[-78.7969,43.8755],[-78.7989,43.8761],[-78.8018,43.8773],[-78.8042,43.8786],[-78.8085,43.8814],[-78.8096,43.882],[-78.8112,43.8827],[-78.8126,43.8833],[-78.8144,43.8838],[-78.8161,43.8842],[-78.8179,43.8845],[-78.8211,43.8848],[-78.8228,43.8848],[-78.8247,43.8847],[-78.8267,43.8845],[-78.8573,43.8791],[-78.8604,43.8785],[-78.8635,43.8778],[-78.8658,43.8771],[-78.8846,43.8708],[-78.9076,43.863],[-78.9102,43.8624],[-78.9133,43.8619],[-78.9162,43.8618],[-78.9187,43.862],[-78.9522,43.8663],[-78.9544,43.8665],[-78.9563,43.8665],[-78.9579,43.8665],[-78.9603,43.8662],[-78.9628,43.8657],[-79.0517,43.8458],[-79.0537,43.8453],[-79.0554,43.8447],[-79.057,43.8441],[-79.1043,43.8222],[-79.1062,43.8213],[-79.1075,43.8205],[-79.1088,43.8196],[-79.11,43.8186],[-79.1112,43.8174],[-79.1126,43.8155],[-79.1132,43.8146],[-79.1138,43.8133],[-79.1144,43.8118],[-79.1146,43.8106],[-79.1149,43.8087],[-79.1153,43.8019],[-79.1155,43.8002],[-79.116,43.7985],[-79.1166,43.7969],[-79.1176,43.7953],[-79.1218,43.7895],[-79.1231,43.7878],[-79.136,43.774],[-79.1376,43.7724],[-79.1398,43.7707],[-79.1454,43.7672],[-79.1467,43.7664],[-79.148,43.7658],[-79.1496,43.7652],[-79.1633,43.7617],[-79.1872,43.7571],[-79.1983,43.7548],[-79.204,43.7538],[-79.2062,43.7532],[-79.2082,43.7525],[-79.2113,43.7511],[-79.2132,43.7504],[-79.2174,43.7493],[-79.219,43.7488],[-79.2203,43.7482],[-79.2215,43.7474],[-79.2252,43.7441],[-79.2277,43.7422],[-79.2435,43.7322],[-79.2458,43.7303],[-79.2471,43.7287],[-79.267,43.699],[-79.2681,43.6975],[-79.2701,43.6956],[-79.2725,43.6939],[-79.2754,43.6924],[-79.2791,43.6912],[-79.299,43.6866],[-79.3008,43.6861],[-79.3045,43.6848],[-79.3331,43.6736],[-79.3362,43.6723],[-79.3382,43.6711],[-79.3403,43.6696],[-79.3417,43.6684],[-79.343,43.6668],[-79.344,43.6654],[-79.3447,43.664],[-79.3452,43.6629],[-79.3456,43.6616],[-79.346,43.6579],[-79.3463,43.6568],[-79.3469,43.6559],[-79.3476,43.655],[-79.3489,43.654],[-79.3556,43.6504],[-79.3575,43.6496],[-79.3618,43.6482],[-79.3733,43.6458],[-79.3803,43.6448]]}},{"type":"Feature","id":"449","properties":{"geometryId":"449","routeId":"226-119"},"geometry":{"type":"LineString","coordinates":[[-79.3803,43.6448],[-79.3733,43.6458],[-79.3618,43.6482],[-79.3575,43.6496],[-79.3556,43.6504],[-79.3489,43.654],[-79.3476,43.655],[-79.3469,43.6559],[-79.3463,43.6568],[-79.346,43.6579],[-79.3456,43.6616],[-79.3452,43.6629],[-79.3447,43.664],[-79.344,43.6654],[-79.343,43.6668],[-79.3417,43.6684],[-79.3403,43.6696],[-79.3382,43.6711],[-79.3362,43.6723],[-79.3331,43.6736],[-79.3045,43.6848],[-79.3008,43.6861],[-79.299,43.6866],[-79.2791,43.6912],[-79.2754,43.6924],[-79.2725,43.6939],[-79.2701,43.6956],[-79.2681,43.6975],[-79.267,43.699],[-79.2471,43.7287],[-79.2458,43.7303],[-79.2435,43.7322],[-79.2277,43.7422],[-79.2252,43.7441],[-79.2215,43.7474],[-79.2203,43.7482],[-79.219,43.7488],[-79.2174,43.7493],[-79.2132,43.7504],[-79.2113,43.7511],[-79.2082,43.7525],[-79.2062,43.7532],[-79.204,43.7538],[-79.1983,43.7548],[-79.1872,43.7571],[-79.1649,43.7614],[-79.1633,43.7617],[-79.1496,43.7652],[-79.148,43.7658],[-79.1467,43.7664],[-79.1398,43.7707],[-79.1376,43.7724],[-79.136,43.774],[-79.1231,43.7878],[-79.1218,43.7895],[-79.1176,43.7953],[-79.1166,43.7969],[-79.116,43.7985],[-79.1155,43.8002],[-79.1153,43.8019],[-79.1149,43.8087],[-79.1146,43.8106],[-79.1144,43.8118],[-79.1138,43.8133],[-79.1132,43.8146],[-79.1126,43.8155],[-79.1112,43.8174],[-79.11,43.8186],[-79.1088,43.8196],[-79.1075,43.8205],[-79.1062,43.8213],[-79.057,43.8441],[-79.0554,43.8447],[-79.0537,43.8453],[-78.9628,43.8657],[-78.9603,43.8662],[-78.9579,43.8665],[-78.9563,43.8665],[-78.9544,43.8665],[-78.9522,43.8663],[-78.9187,43.862],[-78.9162,43.8618],[-78.9133,43.8619],[-78.9102,43.8624],[-78.9076,43.863],[-78.8846,43.8708],[-78.8658,43.8771],[-78.8635,43.8778],[-78.8604,43.8785],[-78.8573,43.8791],[-78.8267,43.8845],[-78.8247,43.8847],[-78.8228,43.8848],[-78.8211,43.8848],[-78.8179,43.8845],[-78.8161,43.8842],[-78.8144,43.8838],[-78.8126,43.8833],[-78.8112,43.8827],[-78.8096,43.882],[-78.8085,43.8814],[-78.8042,43.8786],[-78.8018,43.8773],[-78.7989,43.8761],[-78.7969,43.8755],[-78.7935,43.8749],[-78.7912,43.8747],[-78.7753,43.8764],[-78.7738,43.8764],[-78.7713,43.8763],[-78.7686,43.876],[-78.7672,43.8757],[-78.7537,43.8725],[-78.7516,43.872],[-78.7496,43.8717],[-78.7462,43.8716],[-78.7431,43.8717],[-78.7224,43.8741],[-78.7204,43.8743],[-78.7172,43.8751],[-78.716,43.8754],[-78.7136,43.8764],[-78.7113,43.8776],[-78.6874,43.8932],[-78.6861,43.8939],[-78.684,43.8948],[-78.6826,43.8953],[-78.68,43.8958],[-78.6785,43.8959],[-78.6672,43.8962],[-78.6632,43.8962],[-78.6597,43.8959],[-78.6503,43.8949],[-78.6484,43.8948],[-78.6468,43.8948],[-78.6441,43.895],[-78.6412,43.8956],[-78.6396,43.896],[-78.6366,43.8971],[-78.6312,43.8996],[-78.6296,43.9002],[-78.6276,43.901],[-78.6254,43.9016],[-78.6205,43.9028],[-78.6158,43.9035],[-78.5895,43.9071],[-78.5864,43.9074],[-78.5839,43.9074],[-78.5804,43.9071],[-78.5703,43.9059],[-78.5677,43.9055],[-78.5646,43.9048],[-78.5624,43.904],[-78.5528,43.9004],[-78.5501,43.8995],[-78.5472,43.8989],[-78.5437,43.8986],[-78.5402,43.8986],[-78.5386,43.8988],[-78.5127,43.9022],[-78.5105,43.9025],[-78.5083,43.903],[-78.5047,43.904],[-78.4911,43.9087],[-78.4886,43.9095],[-78.4858,43.9102],[-78.4773,43.9123],[-78.4734,43.9134],[-78.4574,43.9194],[-78.4535,43.9206],[-78.4516,43.921],[-78.4475,43.9216],[-78.4349,43.9226],[-78.4333,43.9227],[-78.4315,43.923],[-78.4288,43.9237],[-78.4115,43.9295],[-78.4096,43.9301],[-78.4081,43.9308],[-78.4068,43.9314],[-78.391,43.9409],[-78.3881,43.9426],[-78.3858,43.9436],[-78.383,43.9447],[-78.3788,43.946],[-78.3761,43.9466],[-78.3735,43.9471],[-78.3689,43.9475],[-78.3661,43.9477],[-78.3631,43.9477],[-78.3608,43.9475],[-78.3584,43.9473],[-78.3561,43.947],[-78.3299,43.9428],[-78.3268,43.9424],[-78.316,43.9413],[-78.3116,43.9409],[-78.3076,43.9407],[-78.3058,43.9407],[-78.3047,43.9408],[-78.3037,43.941],[-78.3026,43.9413],[-78.3016,43.9417],[-78.3005,43.9424],[-78.2995,43.943],[-78.299,43.9436],[-78.2974,43.9449],[-78.2966,43.9453],[-78.2948,43.9461],[-78.2891,43.9477],[-78.2708,43.9525],[-78.2672,43.9532],[-78.2632,43.9538],[-78.2589,43.9541],[-78.2566,43.9541],[-78.2363,43.9539],[-78.2342,43.954],[-78.2039,43.9582],[-78.2021,43.9582],[-78.2004,43.9582],[-78.1976,43.9579],[-78.1957,43.9579],[-78.1942,43.958],[-78.1913,43.9584],[-78.1896,43.9589],[-78.1867,43.96],[-78.1848,43.961],[-78.1761,43.9659],[-78.1743,43.9668],[-78.1715,43.9678],[-78.169,43.9684],[-78.1674,43.9687],[-78.1657,43.9689],[-78.1629,43.969],[-78.1362,43.9694],[-78.1336,43.9693],[-78.1065,43.9673],[-78.1034,43.9672],[-78.1,43.9673],[-78.0954,43.9675],[-78.0907,43.968],[-78.0563,43.9729],[-77.8761,43.9979],[-77.873,43.9985],[-77.8692,43.9994],[-77.7115,44.0446],[-77.705,44.0465],[-77.7016,44.0477],[-77.6975,44.0492],[-77.692,44.0514],[-77.6891,44.0528],[-77.6868,44.0541],[-77.6099,44.1035],[-77.6084,44.1045],[-77.6069,44.1058],[-77.5988,44.1153],[-77.5968,44.1174],[-77.5953,44.1186],[-77.5938,44.1197],[-77.5782,44.1292],[-77.5769,44.13],[-77.574,44.1312],[-77.5723,44.1317],[-77.5703,44.1322],[-77.5684,44.1326],[-77.5302,44.1381],[-77.5274,44.1386],[-77.5236,44.1394],[-77.3901,44.1736],[-77.3877,44.1744],[-77.3745,44.1796],[-77.3711,44.1807],[-77.3673,44.1817],[-77.2771,44.2037],[-77.2754,44.2041],[-77.2736,44.2043],[-77.2719,44.2044],[-77.269,44.2044],[-77.2464,44.2028],[-77.2444,44.2029],[-77.2426,44.203],[-77.24,44.2034],[-77.112,44.2265],[-77.1096,44.2268],[-77.1072,44.2269],[-77.1045,44.2268],[-77.0843,44.2249],[-77.08,44.2245],[-77.0765,44.2245],[-77.0725,44.2247],[-77.0575,44.2267],[-77.0551,44.2271],[-77.0532,44.2276],[-77.0511,44.2283],[-77.025,44.2376],[-77.0219,44.2385],[-76.9913,44.2466],[-76.9878,44.2474],[-76.9835,44.2483],[-76.9577,44.2532],[-76.9557,44.2535],[-76.9543,44.2537],[-76.953,44.2537],[-76.9514,44.2535],[-76.95,44.2532],[-76.9486,44.2529],[-76.9473,44.2523],[-76.9444,44.2507],[-76.9436,44.2501],[-76.9428,44.2494],[-76.9421,44.2486],[-76.9407,44.2467],[-76.9391,44.2448],[-76.9374,44.2434],[-76.9364,44.2427],[-76.9238,44.2343],[-76.922,44.2333],[-76.9201,44.2324],[-76.9182,44.2316],[-76.9165,44.231],[-76.9148,44.2306],[-76.9127,44.2302],[-76.9106,44.23],[-76.9084,44.2299],[-76.8937,44.2305],[-76.8906,44.2303],[-76.8892,44.2301],[-76.8876,44.2298],[-76.815,44.2112],[-76.8132,44.2107],[-76.8109,44.2104],[-76.809,44.2102],[-76.807,44.2102],[-76.8042,44.2103],[-76.7696,44.2134],[-76.7672,44.2137],[-76.7656,44.214],[-76.7626,44.2146],[-76.7595,44.2155],[-76.7351,44.2234],[-76.7327,44.2241],[-76.7296,44.2248],[-76.7264,44.2254],[-76.6874,44.2323],[-76.6853,44.2325],[-76.6833,44.2326],[-76.6811,44.2325],[-76.6788,44.2322],[-76.6761,44.2316],[-76.6742,44.231],[-76.6704,44.2293],[-76.6686,44.2287],[-76.6669,44.2282],[-76.6651,44.2279],[-76.6629,44.2276],[-76.6607,44.2276],[-76.6581,44.2277],[-76.6542,44.2282],[-76.6524,44.2283],[-76.6492,44.2282],[-76.6442,44.2275],[-76.6412,44.2274],[-76.6397,44.2276],[-76.6366,44.2282],[-76.6352,44.2286],[-76.6338,44.2292],[-76.6326,44.2299],[-76.6311,44.2308],[-76.6302,44.2316],[-76.6263,44.236],[-76.6251,44.2372],[-76.6237,44.2382],[-76.6222,44.2392],[-76.6205,44.2401],[-76.6187,44.2409],[-76.6171,44.2414],[-76.6146,44.242],[-76.6128,44.2424],[-76.6097,44.2426],[-76.6078,44.2426],[-76.6059,44.2425],[-76.6041,44.2422],[-76.6021,44.2418],[-76.591,44.2385],[-76.5891,44.2381],[-76.5875,44.2378],[-76.5843,44.2376],[-76.5814,44.2377],[-76.5797,44.2379],[-76.578,44.2382],[-76.5703,44.2402],[-76.5686,44.2405],[-76.5645,44.2411],[-76.5624,44.2415],[-76.5605,44.2421],[-76.5587,44.2428],[-76.5576,44.2433],[-76.5553,44.2447],[-76.5541,44.2456],[-76.553,44.2466],[-76.5519,44.2477],[-76.551,44.2486],[-76.55,44.2493],[-76.5483,44.2504],[-76.5236,44.2643],[-76.5218,44.2651],[-76.5204,44.2655],[-76.519,44.2658],[-76.5175,44.266],[-76.5158,44.266],[-76.5138,44.2659],[-76.512,44.2655],[-76.5106,44.2651],[-76.498,44.2608],[-76.4971,44.2604],[-76.4944,44.2588],[-76.4934,44.2584],[-76.4924,44.258],[-76.4911,44.2577],[-76.4898,44.2574],[-76.4883,44.2574],[-76.4868,44.2574],[-76.4855,44.2576],[-76.4843,44.2578],[-76.4831,44.2582],[-76.482,44.2587],[-76.4808,44.2594],[-76.4797,44.2603],[-76.4788,44.2612],[-76.4767,44.2642],[-76.4764,44.2649],[-76.4761,44.2656],[-76.4759,44.267],[-76.4761,44.2698],[-76.476,44.2707],[-76.4758,44.2714],[-76.4755,44.2722],[-76.4745,44.2736],[-76.4738,44.2743],[-76.4714,44.2765],[-76.4703,44.2775],[-76.4677,44.281],[-76.4668,44.282],[-76.4658,44.2829],[-76.4645,44.2838],[-76.4631,44.2846],[-76.4614,44.2854],[-76.4495,44.2906],[-76.4481,44.291],[-76.4456,44.2916],[-76.4381,44.2921],[-76.4356,44.2925],[-76.4342,44.2928],[-76.4319,44.2934],[-76.4305,44.2939],[-76.4292,44.2945],[-76.386,44.3148],[-76.383,44.3159],[-76.3798,44.3168],[-76.3359,44.3241],[-76.3341,44.3244],[-76.3324,44.3249],[-76.2594,44.3495],[-76.257,44.3503],[-76.2542,44.3509],[-76.2519,44.3514],[-76.2359,44.3541],[-76.2228,44.3558],[-76.22,44.3563],[-76.209,44.3586],[-76.2061,44.3589],[-76.2048,44.359],[-76.1991,44.3589],[-76.1961,44.359],[-76.1933,44.3592],[-76.1827,44.3603],[-76.1802,44.3607],[-76.1773,44.3614],[-76.1757,44.362],[-76.1727,44.3633],[-76.1693,44.3655],[-76.1674,44.3665],[-76.1648,44.3674],[-76.1635,44.3677],[-76.1537,44.3688],[-76.0909,44.3756],[-76.0876,44.3761],[-76.0843,44.3767],[-76.0809,44.3776],[-76.0779,44.3786],[-76.0328,44.3954],[-76.0301,44.3965],[-76.0277,44.3976],[-75.9772,44.4273],[-75.9703,44.4322],[-75.9665,44.4351],[-75.9652,44.436],[-75.9574,44.4402],[-75.9511,44.4425],[-75.9446,44.4451],[-75.9425,44.4461],[-75.9413,44.4469],[-75.9388,44.449],[-75.9381,44.4495],[-75.937,44.45],[-75.9207,44.457],[-75.9051,44.4647],[-75.9012,44.4668],[-75.8983,44.4687],[-75.8958,44.4707],[-75.8872,44.4784],[-75.8679,44.4954],[-75.8655,44.4972],[-75.8587,44.5023],[-75.8572,44.5036],[-75.8488,44.512],[-75.8472,44.5133],[-75.8348,44.5212],[-75.824,44.5291],[-75.8215,44.5311],[-75.8042,44.5457],[-75.8023,44.547],[-75.7964,44.5501],[-75.7947,44.5515],[-75.7866,44.5593],[-75.782,44.5625],[-75.7791,44.5642],[-75.7759,44.5657],[-75.7706,44.5673],[-75.7499,44.573],[-75.7403,44.5762],[-75.7366,44.5776],[-75.7314,44.5788],[-75.7264,44.5806],[-75.7187,44.5836],[-75.7124,44.5853],[-75.7037,44.5869],[-75.6999,44.5884],[-75.6968,44.5898],[-75.6862,44.5958],[-75.6849,44.5967],[-75.6837,44.5977],[-75.6828,44.5985],[-75.6819,44.5995],[-75.6812,44.6004],[-75.679,44.6042],[-75.6783,44.6052],[-75.6773,44.6062],[-75.6763,44.6071],[-75.675,44.608],[-75.6736,44.6088],[-75.6664,44.6121],[-75.6624,44.6141],[-75.6594,44.616],[-75.6561,44.6185],[-75.6467,44.6259],[-75.643,44.6284],[-75.6392,44.6305],[-75.6363,44.6317],[-75.626,44.6357],[-75.6226,44.6373],[-75.6195,44.639],[-75.6168,44.6408],[-75.6146,44.6425],[-75.594,44.6604],[-75.5841,44.6688],[-75.5819,44.6705],[-75.5691,44.6781],[-75.5668,44.6796],[-75.5649,44.6811],[-75.5406,44.701],[-75.5376,44.7031],[-75.5055,44.7234],[-75.5037,44.7246],[-75.5025,44.7257],[-75.5014,44.727],[-75.5005,44.7282],[-75.4996,44.7297],[-75.4959,44.7364],[-75.4952,44.7375],[-75.4943,44.7386],[-75.4932,44.7397],[-75.492,44.7408],[-75.4602,44.7644],[-75.457,44.7665],[-75.4532,44.7686],[-75.4223,44.7844],[-75.4197,44.7856],[-75.4171,44.7866],[-75.3992,44.7921],[-75.3967,44.7929],[-75.3941,44.7938],[-75.3911,44.7952],[-75.3884,44.7966],[-75.3851,44.7986],[-75.3821,44.8008],[-75.3796,44.8029],[-75.3767,44.8059],[-75.3396,44.8461],[-75.3367,44.8488],[-75.3336,44.8511],[-75.331,44.8527],[-75.3287,44.854],[-75.3029,44.867],[-75.3003,44.8683],[-75.2971,44.8695],[-75.2808,44.8754],[-75.2782,44.8765],[-75.1732,44.9229],[-75.0683,44.9691],[-75.0665,44.97],[-75.0153,45.0005],[-75.0134,45.0014],[-74.911,45.0402],[-74.909,45.0409],[-74.9065,45.0416],[-74.9043,45.0419],[-74.9023,45.0421],[-74.9009,45.0422],[-74.7083,45.0422],[-74.706,45.0423],[-74.7039,45.0426],[-74.7015,45.0431],[-74.6994,45.0437],[-74.6974,45.0444],[-74.6697,45.0558],[-74.6671,45.0571],[-74.6649,45.0586],[-74.6634,45.0598],[-74.6621,45.0611],[-74.6612,45.0622],[-74.6595,45.0648],[-74.6573,45.0671],[-74.656,45.0681],[-74.6547,45.069],[-74.6524,45.0703],[-74.6492,45.0716],[-74.5918,45.0925],[-74.5891,45.0936],[-74.5873,45.0943],[-74.584,45.096],[-74.5182,45.1334],[-74.5165,45.1343],[-74.3585,45.2125],[-74.205,45.2887],[-74.2028,45.2899],[-74.2005,45.2915],[-74.1967,45.2945],[-74.1941,45.2963],[-74.1915,45.2977],[-74.186,45.3003],[-74.1785,45.3031],[-74.1754,45.3045],[-74.1657,45.3101],[-74.0645,45.3598],[-74.0524,45.3645],[-74.0427,45.3693],[-74.04,45.3708],[-74.035,45.3741],[-74.0327,45.3755],[-74.016,45.3837],[-74.0127,45.385],[-74.0099,45.3857],[-74.0054,45.3863],[-73.9909,45.3871],[-73.9874,45.3875],[-73.9835,45.3882],[-73.9796,45.3892],[-73.9756,45.3905],[-73.9723,45.3918],[-73.9697,45.3931],[-73.966,45.3952],[-73.9631,45.3973],[-73.9609,45.3991],[-73.9554,45.4045],[-73.9543,45.4056],[-73.9533,45.4063],[-73.9517,45.4071],[-73.9505,45.4076],[-73.9467,45.4085],[-73.9446,45.4091],[-73.9042,45.4237],[-73.9009,45.4247],[-73.897,45.4256],[-73.8631,45.431],[-73.8605,45.4314],[-73.8572,45.4321],[-73.8183,45.4426],[-73.8137,45.4438],[-73.8027,45.4472],[-73.7994,45.4481],[-73.7963,45.4488],[-73.7912,45.4495],[-73.788,45.4497],[-73.7848,45.4498],[-73.7378,45.4489],[-73.7339,45.4489],[-73.7035,45.4483],[-73.6974,45.4486],[-73.6953,45.4485],[-73.685,45.4479],[-73.6499,45.4471],[-73.6466,45.4472],[-73.6439,45.4476],[-73.6416,45.4481],[-73.6373,45.4496],[-73.6343,45.451],[-73.631,45.4529],[-73.6236,45.4578],[-73.619,45.4605],[-73.6028,45.4672],[-73.5943,45.4718],[-73.5864,45.4766],[-73.5856,45.4769],[-73.5846,45.4771],[-73.5809,45.4769],[-73.5791,45.4766],[-73.5757,45.4757],[-73.5744,45.4755],[-73.5724,45.4755],[-73.57,45.4757],[-73.5674,45.4763],[-73.5655,45.4772],[-73.5595,45.4814],[-73.5584,45.4819],[-73.5577,45.4824],[-73.557,45.483],[-73.5563,45.484],[-73.556,45.4846],[-73.5559,45.4852],[-73.556,45.4858],[-73.5566,45.4871],[-73.5567,45.4876],[-73.5567,45.4881],[-73.5561,45.4919],[-73.5559,45.4935],[-73.556,45.4941],[-73.5562,45.4948],[-73.5566,45.4953],[-73.5572,45.4958],[-73.5662,45.4999]]}},{"type":"Feature","id":"511","properties":{"geometryId":"511","routeId":"617-226"},"geometry":{"type":"LineString","coordinates":[[-73.5662,45.4999],[-73.5572,45.4958],[-73.5566,45.4953],[-73.5562,45.4948],[-73.556,45.4941],[-73.5559,45.4935],[-73.5561,45.4919],[-73.5567,45.4881],[-73.5567,45.4876],[-73.5566,45.4871],[-73.556,45.4858],[-73.5559,45.4852],[-73.556,45.4846],[-73.5563,45.484],[-73.557,45.483],[-73.5577,45.4824],[-73.5584,45.4819],[-73.5595,45.4814],[-73.5655,45.4772],[-73.5674,45.4763],[-73.57,45.4757],[-73.5724,45.4755],[-73.5744,45.4755],[-73.5757,45.4757],[-73.5791,45.4766],[-73.5809,45.4769],[-73.5846,45.4771],[-73.5856,45.4769],[-73.5864,45.4766],[-73.5943,45.4718],[-73.6028,45.4672],[-73.619,45.4605],[-73.6236,45.4578],[-73.631,45.4529],[-73.6343,45.451],[-73.6373,45.4496],[-73.6416,45.4481],[-73.6439,45.4476],[-73.6466,45.4472],[-73.6499,45.4471],[-73.685,45.4479],[-73.6953,45.4485],[-73.6974,45.4486],[-73.7035,45.4483],[-73.7339,45.4489],[-73.7378,45.4489],[-73.7848,45.4498],[-73.788,45.4497],[-73.7912,45.4495],[-73.7963,45.4488],[-73.7994,45.4481],[-73.8027,45.4472],[-73.8137,45.4438],[-73.8183,45.4426],[-73.8572,45.4321],[-73.8605,45.4314],[-73.8631,45.431],[-73.897,45.4256],[-73.9009,45.4247],[-73.9042,45.4237],[-73.9446,45.4091],[-73.9467,45.4085],[-73.9505,45.4076],[-73.9517,45.4071],[-73.9533,45.4063],[-73.9543,45.4056],[-73.9554,45.4045],[-73.9609,45.3991],[-73.9631,45.3973],[-73.966,45.3952],[-73.9697,45.3931],[-73.9723,45.3918],[-73.9756,45.3905],[-73.9796,45.3892],[-73.9835,45.3882],[-73.9874,45.3875],[-73.9909,45.3871],[-74.0054,45.3863],[-74.0099,45.3857],[-74.0127,45.385],[-74.016,45.3837],[-74.0327,45.3755],[-74.035,45.3741],[-74.04,45.3708],[-74.0427,45.3693],[-74.0524,45.3645],[-74.0645,45.3598],[-74.1657,45.3101],[-74.1754,45.3045],[-74.1785,45.3031],[-74.186,45.3003],[-74.1915,45.2977],[-74.1941,45.2963],[-74.1967,45.2945],[-74.2005,45.2915],[-74.2028,45.2899],[-74.205,45.2887],[-74.233,45.2749],[-74.2371,45.2729],[-74.2384,45.2725],[-74.239,45.2725],[-74.2402,45.2726],[-74.2431,45.2733],[-74.2448,45.274],[-74.2462,45.2748],[-74.3576,45.3397],[-74.3598,45.3408],[-74.3622,45.3416],[-74.3634,45.342],[-74.4092,45.3532],[-74.4234,45.3554],[-74.4253,45.3559],[-74.4275,45.3567],[-74.4296,45.3578],[-74.4315,45.3591],[-74.435,45.3621],[-74.4373,45.3637],[-74.4401,45.3652],[-74.4467,45.3677],[-74.4494,45.3684],[-74.4584,45.3696],[-74.4614,45.3705],[-74.4652,45.3724],[-74.467,45.373],[-74.469,45.3734],[-74.471,45.3736],[-74.4734,45.3735],[-74.476,45.3728],[-74.4955,45.3637],[-74.6153,45.3178],[-74.618,45.3169],[-74.62,45.3166],[-74.6225,45.3165],[-74.6397,45.318],[-74.6763,45.3189],[-74.6798,45.3184],[-74.6832,45.3171],[-74.6868,45.3153],[-74.6905,45.3145],[-74.7105,45.3151],[-74.7127,45.3148],[-74.7146,45.3142],[-74.7164,45.3134],[-74.7358,45.3037],[-74.7472,45.3],[-74.7507,45.2992],[-74.7547,45.2988],[-74.7569,45.2987],[-74.7646,45.2994],[-74.7669,45.2992],[-74.7679,45.2991],[-74.7698,45.2985],[-74.7739,45.2968],[-74.7756,45.2964],[-74.777,45.2962],[-74.7785,45.2961],[-74.7801,45.2961],[-74.796,45.299],[-74.7987,45.2993],[-74.8225,45.3018],[-74.8239,45.3019],[-74.8252,45.3019],[-74.8269,45.3017],[-74.8289,45.3012],[-74.8456,45.2939],[-74.8482,45.2925],[-74.8603,45.2847],[-74.8777,45.2717],[-74.8816,45.2689],[-74.8844,45.2678],[-74.9494,45.2531],[-74.9513,45.2528],[-74.9528,45.2528],[-74.9543,45.2529],[-74.956,45.2532],[-74.958,45.2539],[-74.97,45.2578],[-74.973,45.259],[-75.0872,45.3123],[-75.0965,45.3166],[-75.0983,45.3172],[-75.0999,45.3175],[-75.1022,45.3176],[-75.1375,45.3183],[-75.1393,45.3184],[-75.1418,45.3187],[-75.3066,45.3451],[-75.3928,45.3587],[-75.5899,45.3897],[-75.5933,45.3906],[-75.5959,45.3918],[-75.5975,45.3933],[-75.5989,45.3961],[-75.6041,45.4068],[-75.605,45.4083],[-75.6059,45.4093],[-75.6071,45.41],[-75.6081,45.4105],[-75.6094,45.411],[-75.6106,45.4113],[-75.6155,45.4117],[-75.6191,45.4122],[-75.6238,45.4132],[-75.6324,45.4153],[-75.6352,45.4159],[-75.6379,45.4163],[-75.6395,45.4165],[-75.6415,45.4166],[-75.6467,45.4162],[-75.6515,45.416]]}},{"type":"Feature","id":"433","properties":{"geometryId":"433","routeId":"628-226"},"geometry":{"type":"LineString","coordinates":[[-73.5662,45.4999],[-73.5576,45.4959],[-73.5566,45.4953],[-73.5561,45.4945],[-73.5559,45.4938],[-73.5561,45.4919],[-73.5566,45.4881],[-73.5565,45.487],[-73.5561,45.4864],[-73.5558,45.486],[-73.555,45.4855],[-73.5539,45.4851],[-73.5524,45.485],[-73.5514,45.4852],[-73.5412,45.4877],[-73.5075,45.499],[-73.4972,45.5024],[-73.4927,45.5036],[-73.4876,45.5045],[-73.4321,45.5082],[-73.3385,45.5144],[-73.3358,45.5147],[-73.3333,45.5151],[-73.2254,45.5473],[-73.2231,45.5477],[-73.2203,45.5481],[-73.2185,45.5481],[-73.2074,45.5481],[-73.2063,45.5482],[-73.205,45.5486],[-73.2039,45.5492],[-73.2033,45.5497],[-73.203,45.5502],[-73.1877,45.5729],[-73.1865,45.5741],[-73.185,45.5751],[-73.1831,45.576],[-73.1794,45.577],[-72.9489,45.6277],[-72.8929,45.6402],[-72.8898,45.6411],[-72.8525,45.6546],[-72.85,45.6556],[-72.8481,45.6568],[-72.8465,45.6581],[-72.8452,45.6595],[-72.8385,45.6693],[-72.8354,45.6733],[-72.8325,45.6756],[-72.8175,45.6855],[-72.815,45.6866],[-72.8127,45.6875],[-72.8095,45.6883],[-72.7844,45.6932],[-72.7825,45.6937],[-72.7806,45.6945],[-72.7786,45.6958],[-72.6772,45.7657],[-72.6743,45.7675],[-72.5796,45.8162],[-72.5776,45.8174],[-72.5757,45.8187],[-72.5505,45.8403],[-72.5478,45.8425],[-72.5454,45.8438],[-72.5425,45.845],[-72.5237,45.8517],[-72.522,45.8524],[-72.5202,45.8534],[-72.518,45.8549],[-72.4912,45.8785],[-72.49,45.8797],[-72.4874,45.8831],[-72.4868,45.8837],[-72.4858,45.8846],[-72.4812,45.8875],[-72.4775,45.8897],[-72.473,45.893],[-72.47,45.8955],[-72.4689,45.8963],[-72.4682,45.8967],[-72.4635,45.8987],[-72.4617,45.8997],[-72.4385,45.919],[-72.4251,45.9299],[-72.4234,45.9311],[-72.3954,45.9469],[-72.3939,45.9479],[-72.3917,45.9496],[-72.3905,45.9509],[-72.3899,45.952],[-72.3895,45.9533],[-72.3894,45.9547],[-72.3898,45.9561],[-72.3948,45.9665],[-72.4054,45.9876],[-72.4062,45.9894],[-72.4065,45.9908],[-72.4066,45.992],[-72.4074,46.0224],[-72.4073,46.0235],[-72.4069,46.0246],[-72.4065,46.0255],[-72.4058,46.0264],[-72.3991,46.033],[-72.3979,46.0344],[-72.3972,46.0357],[-72.3968,46.0371],[-72.3968,46.0386],[-72.4002,46.0727],[-72.4002,46.0739],[-72.4001,46.0749],[-72.3998,46.0759],[-72.3993,46.0769],[-72.3983,46.0781],[-72.397,46.0794],[-72.3774,46.0959],[-72.3758,46.0976],[-72.3747,46.0992],[-72.3696,46.1071],[-72.3691,46.1078],[-72.3684,46.1085],[-72.3674,46.1093],[-72.3513,46.1208],[-72.3502,46.1215],[-72.2798,46.1533],[-72.179,46.194],[-72.1775,46.1947],[-72.1581,46.2053],[-72.1387,46.2133],[-72.1381,46.2136],[-72.1376,46.2142],[-72.1373,46.2148],[-72.1371,46.2155],[-72.1321,46.2701],[-72.1319,46.2707],[-72.1315,46.2712],[-72.1145,46.2955],[-72.1137,46.2964],[-72.1132,46.2969],[-72.1124,46.2974],[-72.1108,46.298],[-72.0173,46.3312],[-72.0157,46.332],[-72.0097,46.3357],[-72.0086,46.3367],[-72.0081,46.3377],[-72.008,46.3386],[-72.0078,46.3636],[-72.0075,46.3653],[-72.0068,46.3668],[-72.0057,46.3681],[-72.0041,46.3693],[-72.0006,46.3715],[-71.9988,46.3723],[-71.9972,46.3726],[-71.8773,46.3898],[-71.7688,46.4052],[-71.7657,46.4057],[-71.7636,46.4065],[-71.7622,46.4072],[-71.6904,46.4543],[-71.6879,46.4561],[-71.6864,46.4575],[-71.6858,46.4582],[-71.6848,46.4595],[-71.6371,46.5367],[-71.6366,46.5373],[-71.6357,46.5382],[-71.634,46.5393],[-71.6324,46.5401],[-71.6041,46.55],[-71.6006,46.5513],[-71.5979,46.5527],[-71.5953,46.5545],[-71.5079,46.6191],[-71.5061,46.6202],[-71.5039,46.6211],[-71.4488,46.6401],[-71.4281,46.6492],[-71.4262,46.6499],[-71.4241,46.6506],[-71.4101,46.654],[-71.4084,46.6545],[-71.334,46.6808],[-71.3315,46.6818],[-71.3054,46.6948],[-71.3029,46.6958],[-71.2905,46.699],[-71.2889,46.6995],[-71.278,46.7053],[-71.2762,46.7065],[-71.275,46.7076],[-71.2693,46.7154],[-71.2691,46.716],[-71.2691,46.7165],[-71.2694,46.7169],[-71.2734,46.7211],[-71.2751,46.7234],[-71.2772,46.7277],[-71.2835,46.7381],[-71.2856,46.7416],[-71.2922,46.7526],[-71.2929,46.7534],[-71.2935,46.7539],[-71.2945,46.7542],[-71.2955,46.7544],[-71.2966,46.7544],[-71.3269,46.7499],[-71.3349,46.7478],[-71.3356,46.7477],[-71.3363,46.7478],[-71.3368,46.7479],[-71.3374,46.7483],[-71.3376,46.7488],[-71.3377,46.7494],[-71.338,46.7498],[-71.3382,46.75],[-71.3402,46.7512],[-71.3406,46.7517],[-71.3407,46.752],[-71.3402,46.7598],[-71.3402,46.7614],[-71.3404,46.7623],[-71.3404,46.7632],[-71.3403,46.7644],[-71.3401,46.7651],[-71.339,46.7666],[-71.3382,46.7682],[-71.3362,46.7698],[-71.3359,46.7701],[-71.3325,46.776],[-71.3321,46.7766],[-71.3317,46.777],[-71.3307,46.7778],[-71.3294,46.7785],[-71.3252,46.7802],[-71.3229,46.781],[-71.314,46.7834],[-71.312,46.7837],[-71.309,46.7841],[-71.3082,46.7843],[-71.3074,46.7845],[-71.3001,46.7875],[-71.2931,46.7895],[-71.2923,46.7898],[-71.291,46.7906],[-71.2901,46.7913],[-71.2894,46.7921],[-71.289,46.7931],[-71.2889,46.7939],[-71.2889,46.7944],[-71.2895,46.7964],[-71.2895,46.7972],[-71.2891,46.7984],[-71.2884,46.7993],[-71.288,46.7997],[-71.268,46.8142],[-71.2484,46.8319],[-71.2475,46.8326],[-71.2385,46.8375],[-71.2377,46.8377],[-71.237,46.8379],[-71.2356,46.8379],[-71.2342,46.8377],[-71.2333,46.8373],[-71.2327,46.8369],[-71.2281,46.8323],[-71.2181,46.8236],[-71.2153,46.8206],[-71.2146,46.8186]]}},{"type":"Feature","id":"504","properties":{"geometryId":"504","routeId":"226-620"},"geometry":{"type":"LineString","coordinates":[[-73.5662,45.4999],[-73.5576,45.4959],[-73.5566,45.4953],[-73.5561,45.4945],[-73.5559,45.4938],[-73.5561,45.4919],[-73.5566,45.4881],[-73.5565,45.487],[-73.5561,45.4864],[-73.5558,45.486],[-73.555,45.4855],[-73.5539,45.4851],[-73.5524,45.485],[-73.5514,45.4852],[-73.5412,45.4877],[-73.5075,45.499],[-73.4972,45.5024],[-73.4927,45.5036],[-73.4876,45.5045],[-73.4321,45.5082],[-73.3385,45.5144],[-73.3358,45.5147],[-73.3333,45.5151],[-73.2254,45.5473],[-73.2231,45.5477],[-73.2203,45.5481],[-73.2185,45.5481],[-73.2074,45.5481],[-73.2063,45.5482],[-73.205,45.5486],[-73.2039,45.5492],[-73.2033,45.5497],[-73.203,45.5502],[-73.1877,45.5729],[-73.1865,45.5741],[-73.185,45.5751],[-73.1831,45.576],[-73.1794,45.577],[-72.9489,45.6277],[-72.8929,45.6402],[-72.8898,45.6411],[-72.8525,45.6546],[-72.85,45.6556],[-72.8481,45.6568],[-72.8465,45.6581],[-72.8452,45.6595],[-72.8385,45.6693],[-72.8354,45.6733],[-72.8325,45.6756],[-72.8175,45.6855],[-72.815,45.6866],[-72.8127,45.6875],[-72.8095,45.6883],[-72.7844,45.6932],[-72.7825,45.6937],[-72.7806,45.6945],[-72.7786,45.6958],[-72.6772,45.7657],[-72.6743,45.7675],[-72.5796,45.8162],[-72.5776,45.8174],[-72.5757,45.8187],[-72.5505,45.8403],[-72.5478,45.8425],[-72.5454,45.8438],[-72.5425,45.845],[-72.5237,45.8517],[-72.522,45.8524],[-72.5202,45.8534],[-72.518,45.8549],[-72.4912,45.8785],[-72.49,45.8797],[-72.4874,45.8831],[-72.4868,45.8837],[-72.4858,45.8846],[-72.4812,45.8875],[-72.4775,45.8897],[-72.473,45.893],[-72.47,45.8955],[-72.4689,45.8963],[-72.4682,45.8967],[-72.4635,45.8987],[-72.4617,45.8997],[-72.4385,45.919],[-72.4251,45.9299],[-72.4234,45.9311],[-72.3954,45.9469],[-72.3939,45.9479],[-72.3917,45.9496],[-72.3905,45.9509],[-72.3899,45.952],[-72.3895,45.9533],[-72.3894,45.9547],[-72.3898,45.9561],[-72.3948,45.9665],[-72.4054,45.9876],[-72.4062,45.9894],[-72.4065,45.9908],[-72.4066,45.992],[-72.4074,46.0224],[-72.4073,46.0235],[-72.4069,46.0246],[-72.4065,46.0255],[-72.4058,46.0264],[-72.3991,46.033],[-72.3979,46.0344],[-72.3972,46.0357],[-72.3968,46.0371],[-72.3968,46.0386],[-72.4002,46.0727],[-72.4002,46.0739],[-72.4001,46.0749],[-72.3998,46.0759],[-72.3993,46.0769],[-72.3983,46.0781],[-72.397,46.0794],[-72.3774,46.0959],[-72.3758,46.0976],[-72.3747,46.0992],[-72.3696,46.1071],[-72.3691,46.1078],[-72.3684,46.1085],[-72.3674,46.1093],[-72.3513,46.1208],[-72.3502,46.1215],[-72.2798,46.1533],[-72.179,46.194],[-72.1775,46.1947],[-72.1581,46.2053],[-72.1387,46.2133],[-72.1381,46.2136],[-72.1376,46.2142],[-72.1373,46.2148],[-72.1371,46.2155],[-72.1321,46.2701],[-72.1319,46.2707],[-72.1315,46.2712],[-72.1145,46.2955],[-72.1137,46.2964],[-72.1132,46.2969],[-72.1124,46.2974],[-72.1108,46.298],[-72.0173,46.3312],[-72.0157,46.332],[-72.0097,46.3357],[-72.0086,46.3367],[-72.0081,46.3377],[-72.008,46.3386],[-72.0078,46.3636],[-72.0075,46.3653],[-72.0068,46.3668],[-72.0057,46.3681],[-72.0041,46.3693],[-72.0006,46.3715],[-71.9988,46.3723],[-71.9972,46.3726],[-71.8773,46.3898],[-71.7671,46.4055],[-71.7657,46.4057],[-71.7647,46.4061],[-71.7628,46.4068],[-71.6904,46.4543],[-71.6879,46.4561],[-71.6864,46.4575],[-71.6858,46.4582],[-71.6848,46.4595],[-71.6371,46.5367],[-71.6366,46.5373],[-71.6357,46.5382],[-71.634,46.5393],[-71.6324,46.5401],[-71.6041,46.55],[-71.6006,46.5513],[-71.5979,46.5527],[-71.5953,46.5545],[-71.5079,46.6191],[-71.5061,46.6202],[-71.5039,46.6211],[-71.4488,46.6401],[-71.4281,46.6492],[-71.4262,46.6499],[-71.4241,46.6506],[-71.4101,46.654],[-71.4084,46.6545],[-71.334,46.6808],[-71.3315,46.6818],[-71.3054,46.6948],[-71.3029,46.6958],[-71.2905,46.699],[-71.2889,46.6995],[-71.278,46.7053],[-71.2762,46.7065],[-71.275,46.7076],[-71.2693,46.7154],[-71.2691,46.716],[-71.2691,46.7165],[-71.2694,46.7169],[-71.2734,46.7211],[-71.2751,46.7234],[-71.2772,46.7277],[-71.2835,46.7381],[-71.2856,46.7416],[-71.2922,46.7526],[-71.2929,46.7534],[-71.2932,46.7537],[-71.2938,46.754],[-71.2945,46.7542],[-71.296,46.7544],[-71.2976,46.7542],[-71.2966,46.7544],[-71.296,46.7544],[-71.2955,46.7544],[-71.295,46.7544],[-71.2945,46.7543],[-71.2938,46.754],[-71.2935,46.7539],[-71.2932,46.7537],[-71.2929,46.7534],[-71.2922,46.7526],[-71.2856,46.7416],[-71.2835,46.7381],[-71.2772,46.7277],[-71.275,46.7234],[-71.2734,46.7211],[-71.2693,46.7169],[-71.2691,46.7165],[-71.2691,46.716],[-71.2693,46.7154],[-71.27,46.7141],[-71.2701,46.7135],[-71.2699,46.7128],[-71.2694,46.7123],[-71.2687,46.7118],[-71.2679,46.7116],[-71.2671,46.7115],[-71.2662,46.7116],[-71.2651,46.7119],[-71.2584,46.715],[-71.255,46.7163],[-71.247,46.7184],[-71.2429,46.7192],[-71.2411,46.7194],[-71.239,46.7194],[-71.228,46.7192],[-71.2198,46.7199],[-71.2127,46.7208],[-71.194,46.7242],[-71.1922,46.7244],[-71.0187,46.7403],[-71.0115,46.7413],[-71.0049,46.7425],[-70.9993,46.7438],[-70.9928,46.7457],[-70.9878,46.7475],[-70.9835,46.7493],[-70.9785,46.7516],[-70.9735,46.7543],[-70.9654,46.7592],[-70.9587,46.7638],[-70.9517,46.769],[-70.9451,46.7746],[-70.9428,46.7766],[-70.9386,46.7808],[-70.9359,46.7835],[-70.9193,46.8013],[-70.918,46.8026],[-70.915,46.8054],[-70.9098,46.8094],[-70.9046,46.8126],[-70.9004,46.8148],[-70.8086,46.861],[-70.8005,46.8649],[-70.7951,46.8672],[-70.7244,46.8946],[-70.7156,46.8981],[-70.7101,46.9006],[-70.7027,46.9042],[-70.5808,46.9636],[-70.4678,47.0152],[-70.4648,47.0166],[-70.4616,47.0184],[-70.4582,47.0207],[-70.454,47.024],[-70.4325,47.0419],[-70.319,47.1355],[-70.3103,47.1427],[-70.2972,47.1547],[-70.2626,47.1831],[-70.1806,47.2501],[-70.0984,47.3169],[-70.0947,47.3196],[-70.0849,47.3256],[-70.0285,47.3592],[-70.0253,47.3611],[-70.0221,47.3632],[-70.0178,47.3663],[-70.0129,47.3702],[-70.011,47.3719],[-70.0076,47.3752],[-69.9917,47.3921],[-69.9841,47.3998],[-69.9808,47.4037],[-69.9738,47.4113],[-69.9715,47.4136],[-69.9682,47.4167],[-69.9656,47.4188],[-69.9627,47.421],[-69.9594,47.4233],[-69.9507,47.4289],[-69.9485,47.4302],[-69.94,47.4344],[-69.9316,47.4376],[-69.922,47.4406],[-69.9117,47.4441],[-69.9068,47.4467],[-69.9004,47.4509],[-69.8929,47.4573],[-69.8897,47.4599],[-69.8848,47.4632],[-69.8258,47.5004],[-69.8213,47.5035],[-69.8163,47.5076],[-69.8105,47.5133],[-69.8063,47.5184],[-69.7826,47.5512],[-69.7807,47.5537],[-69.7777,47.5572],[-69.776,47.559],[-69.7728,47.5621],[-69.7701,47.5644],[-69.7668,47.567],[-69.7613,47.5708],[-69.7536,47.5757],[-69.7502,47.5781],[-69.7064,47.6157],[-69.7008,47.6201],[-69.694,47.6249],[-69.689,47.6289],[-69.6519,47.6592],[-69.6459,47.6649],[-69.6161,47.6978],[-69.6132,47.7005],[-69.6103,47.7027],[-69.6083,47.704],[-69.6064,47.7051],[-69.6043,47.7062],[-69.6017,47.7074],[-69.5823,47.7153],[-69.5801,47.7163],[-69.5772,47.7178],[-69.5748,47.7193],[-69.5722,47.7212],[-69.5698,47.7231],[-69.5655,47.727],[-69.5628,47.7291],[-69.5567,47.7334],[-69.555,47.7351],[-69.5535,47.7371],[-69.5526,47.739],[-69.5349,47.795],[-69.5334,47.7985],[-69.5313,47.802],[-69.5266,47.8078],[-69.5227,47.812],[-69.5198,47.8147],[-69.5189,47.8159],[-69.5185,47.8172],[-69.5186,47.8184],[-69.519,47.8196],[-69.5196,47.8206],[-69.5208,47.8215],[-69.523,47.8227],[-69.5266,47.8244],[-69.5277,47.8253],[-69.5283,47.826],[-69.5285,47.8266],[-69.5285,47.8272],[-69.5281,47.8297],[-69.5276,47.8308],[-69.5271,47.8316],[-69.5249,47.8337],[-69.5098,47.8475],[-69.5087,47.8488],[-69.5011,47.8604],[-69.4998,47.8621],[-69.4986,47.8634],[-69.4971,47.8646],[-69.4058,47.9308],[-69.4034,47.9328],[-69.4008,47.9355],[-69.3729,47.9659],[-69.3563,47.9838],[-69.3054,48.0389],[-69.303,48.0413],[-69.3004,48.0434],[-69.269,48.0675],[-69.2391,48.0903],[-69.2375,48.0914],[-69.236,48.0922],[-69.2343,48.0929],[-69.2315,48.0937],[-69.2296,48.0941],[-69.2197,48.0947],[-69.2183,48.0949],[-69.217,48.0954],[-69.2159,48.096],[-69.2137,48.0974],[-69.213,48.098],[-69.2122,48.099],[-69.2118,48.1004],[-69.2109,48.1044],[-69.2104,48.1059],[-69.2096,48.1073],[-69.2084,48.1086],[-69.2068,48.1097],[-69.1962,48.1173],[-69.1945,48.1184],[-69.1932,48.1191],[-69.1897,48.1205],[-69.1733,48.127],[-69.1707,48.1281],[-69.1692,48.1289],[-69.1677,48.1297],[-69.1663,48.1307],[-69.1503,48.143],[-69.1481,48.1446],[-69.1466,48.1455],[-69.1443,48.1465],[-69.1325,48.1511],[-69.1308,48.1519],[-69.129,48.153],[-69.1195,48.1597],[-69.109,48.1687],[-69.1056,48.1711],[-69.1038,48.1722],[-69.1002,48.174],[-69.0372,48.2024],[-69.0333,48.2046],[-69.0222,48.2118],[-68.9926,48.2284],[-68.9901,48.2299],[-68.9657,48.2475],[-68.9633,48.2491],[-68.9607,48.2505],[-68.9328,48.2651],[-68.9301,48.2664],[-68.8993,48.2807],[-68.8847,48.2882],[-68.8833,48.2888],[-68.8813,48.2894],[-68.8799,48.2896],[-68.8719,48.2903],[-68.8704,48.2903],[-68.8688,48.2902],[-68.8665,48.2899],[-68.8646,48.2899],[-68.863,48.2899],[-68.8619,48.2901],[-68.8437,48.2975],[-68.8416,48.2985],[-68.8389,48.3],[-68.8378,48.3004],[-68.8364,48.3008],[-68.835,48.3009],[-68.8322,48.301],[-68.8301,48.3014],[-68.8282,48.3021],[-68.8202,48.3059],[-68.8178,48.3073],[-68.8158,48.3088],[-68.8012,48.3225],[-68.7992,48.324],[-68.7976,48.325],[-68.7957,48.326],[-68.7942,48.3266],[-68.7922,48.3272],[-68.7866,48.329],[-68.7852,48.3296],[-68.784,48.3304],[-68.7828,48.3314],[-68.7758,48.3391],[-68.7749,48.3399],[-68.7725,48.3418],[-68.7701,48.3434],[-68.7685,48.3443],[-68.7604,48.3485],[-68.7593,48.3494],[-68.7577,48.351],[-68.757,48.3514],[-68.7564,48.3518],[-68.7535,48.353],[-68.75,48.3549],[-68.7483,48.3555],[-68.7472,48.3558],[-68.7439,48.3563],[-68.7409,48.3569],[-68.7383,48.3576],[-68.7354,48.3585],[-68.7346,48.3588],[-68.7328,48.3599],[-68.7226,48.3667],[-68.7195,48.3685],[-68.7168,48.3698],[-68.714,48.3711],[-68.7122,48.3717],[-68.7034,48.3743],[-68.702,48.3748],[-68.662,48.3961],[-68.6498,48.4034],[-68.648,48.4044],[-68.6433,48.4066],[-68.6324,48.4115],[-68.6252,48.4144],[-68.6205,48.4171],[-68.6175,48.4185],[-68.5982,48.4265],[-68.5957,48.4277],[-68.5943,48.4285],[-68.5932,48.4292],[-68.5913,48.4308],[-68.5866,48.4348],[-68.5849,48.4359],[-68.5833,48.4366],[-68.581,48.4373],[-68.5695,48.4395],[-68.5519,48.4446],[-68.5503,48.4448],[-68.5489,48.4448],[-68.5475,48.4446],[-68.5462,48.4443],[-68.5428,48.443],[-68.5419,48.4428],[-68.5409,48.4427],[-68.5399,48.4426],[-68.5387,48.4427],[-68.5334,48.4433],[-68.5317,48.4437],[-68.5303,48.4442],[-68.529,48.4448],[-68.5278,48.4455],[-68.5135,48.4555],[-68.5118,48.4564],[-68.5095,48.4575],[-68.371,48.5154],[-68.211,48.5818],[-68.2049,48.5844],[-68.2013,48.5858],[-68.1982,48.5868],[-68.1674,48.5949],[-68.1641,48.5957],[-68.1608,48.5962],[-68.158,48.5964],[-68.154,48.5963],[-68.1469,48.5961],[-68.1448,48.5958],[-68.1431,48.5955],[-68.1407,48.5947],[-68.1384,48.5937],[-68.1358,48.5921],[-68.1341,48.5913],[-68.1324,48.5907],[-68.1303,48.5902],[-68.1283,48.5899],[-68.1259,48.5898],[-68.1124,48.5897],[-68.1098,48.5898],[-68.1078,48.59],[-68.1055,48.5906],[-68.1028,48.5916],[-68.1007,48.5928],[-68.0837,48.6054],[-68.0822,48.6064],[-68.0805,48.6072],[-68.0759,48.6089],[-68.0744,48.6096],[-68.0731,48.6104],[-68.0719,48.6115],[-68.0709,48.6128],[-68.0702,48.6141],[-68.0691,48.6155],[-68.0678,48.6165],[-68.0666,48.6173],[-68.0643,48.6183],[-68.0626,48.6192],[-68.0611,48.6203],[-68.0587,48.622],[-68.0567,48.6233],[-68.055,48.6242],[-68.0531,48.625],[-68.0475,48.6269],[-68.0458,48.6274],[-68.0447,48.6275],[-68.0422,48.6275],[-68.0407,48.6273],[-68.0393,48.6269],[-68.0289,48.6231],[-68.0277,48.6226],[-68.0269,48.622],[-68.026,48.6211],[-68.0255,48.6204],[-68.0252,48.6199],[-68.0251,48.619],[-68.0251,48.6182],[-68.0254,48.6173],[-68.0256,48.6168],[-68.0264,48.6159],[-68.0292,48.6137],[-68.0303,48.6126],[-68.0307,48.6118],[-68.031,48.6111],[-68.031,48.6102],[-68.0306,48.6091],[-68.0304,48.6087],[-68.0272,48.6047],[-68.0262,48.6038],[-68.0251,48.6031],[-68.0236,48.6024],[-68.022,48.6021],[-68.0192,48.6016],[-68.0184,48.6014],[-68.017,48.6008],[-68.0158,48.5999],[-68.0152,48.5992],[-68.0148,48.5984],[-68.0146,48.5976],[-68.0146,48.5973],[-68.0147,48.5964],[-68.015,48.5957],[-68.0155,48.5949],[-68.0162,48.5943],[-68.017,48.5937],[-68.0179,48.5932],[-68.021,48.5922],[-68.0225,48.5915],[-68.0236,48.5906],[-68.0245,48.5898],[-68.0248,48.5894],[-68.0254,48.5883],[-68.0257,48.5871],[-68.026,48.5838],[-68.026,48.5832],[-68.0258,48.5823],[-68.0254,48.5814],[-68.0247,48.5807],[-68.024,48.5801],[-68.0228,48.5794],[-68.012,48.5758],[-68.0099,48.5753],[-68.0076,48.5751],[-68.0054,48.5751],[-67.9895,48.577],[-67.9873,48.5774],[-67.9854,48.578],[-67.9837,48.5787],[-67.9826,48.5791],[-67.9814,48.5794],[-67.979,48.5797],[-67.9782,48.5797],[-67.9769,48.5796],[-67.9756,48.5793],[-67.9746,48.5789],[-67.9735,48.5783],[-67.9727,48.5776],[-67.9678,48.5731],[-67.9668,48.5722],[-67.9655,48.5715],[-67.9635,48.5707],[-67.9615,48.5702],[-67.9595,48.57],[-67.9562,48.5697],[-67.9523,48.5692],[-67.9439,48.5671],[-67.9424,48.5665],[-67.9411,48.5657],[-67.9398,48.5643],[-67.9387,48.5635],[-67.9374,48.5628],[-67.9357,48.5624],[-67.9341,48.5623],[-67.925,48.5633],[-67.9232,48.5636],[-67.9212,48.5641],[-67.9193,48.5647],[-67.9176,48.5651],[-67.916,48.5652],[-67.9114,48.565],[-67.9099,48.5651],[-67.9063,48.5657],[-67.9026,48.5665],[-67.9012,48.5671],[-67.8978,48.569],[-67.8951,48.57],[-67.8929,48.5703],[-67.8917,48.5705],[-67.8882,48.5721],[-67.8846,48.5727],[-67.8747,48.5735],[-67.8728,48.5737],[-67.8709,48.5741],[-67.867,48.5751],[-67.8652,48.5757],[-67.8625,48.5764],[-67.8603,48.5772],[-67.8587,48.5777],[-67.8576,48.5778],[-67.8564,48.5778],[-67.8529,48.5776],[-67.851,48.5778],[-67.8361,48.5825],[-67.835,48.5828],[-67.8327,48.5833],[-67.8303,48.5837],[-67.8281,48.5839],[-67.8188,48.5841],[-67.8161,48.5842],[-67.8142,48.5843],[-67.8127,48.5846],[-67.8117,48.5849],[-67.8069,48.5868],[-67.8039,48.5876],[-67.8027,48.5878],[-67.8016,48.5879],[-67.8,48.5879],[-67.7961,48.5878],[-67.7952,48.5876],[-67.7942,48.5873],[-67.7934,48.587],[-67.7924,48.5863],[-67.7918,48.5858],[-67.7913,48.5851],[-67.7893,48.5813],[-67.7884,48.5802],[-67.7875,48.5795],[-67.7835,48.577],[-67.7816,48.5762],[-67.7799,48.5758],[-67.7782,48.5757],[-67.7511,48.578],[-67.7495,48.578],[-67.7477,48.5778],[-67.7462,48.5774],[-67.7451,48.5769],[-67.7233,48.5665],[-67.7203,48.5651],[-67.7157,48.5635],[-67.7119,48.5624],[-67.7091,48.5618],[-67.7011,48.5605],[-67.5974,48.5444],[-67.566,48.5395],[-67.5622,48.5387],[-67.5593,48.5379],[-67.5397,48.5317],[-67.5369,48.531],[-67.5349,48.5307],[-67.5201,48.5294],[-67.5183,48.5293],[-67.5143,48.5294],[-67.5115,48.5293],[-67.5074,48.5289],[-67.4969,48.5277],[-67.495,48.5277],[-67.4933,48.5279],[-67.4893,48.5285],[-67.488,48.5286],[-67.4869,48.5286],[-67.4851,48.5283],[-67.4839,48.5279],[-67.4828,48.5273],[-67.4821,48.5268],[-67.4814,48.5261],[-67.4809,48.5254],[-67.4805,48.5243],[-67.4805,48.5233],[-67.4821,48.5082],[-67.4821,48.5076],[-67.4819,48.5065],[-67.4813,48.5052],[-67.4808,48.5046],[-67.4797,48.5034],[-67.477,48.501],[-67.4759,48.5003],[-67.4749,48.4998],[-67.4502,48.4898],[-67.4487,48.489],[-67.4477,48.4884],[-67.4472,48.4879],[-67.4465,48.4869],[-67.4462,48.4863],[-67.4457,48.4837],[-67.4405,48.4743],[-67.4401,48.4731],[-67.439,48.4696],[-67.4386,48.4686],[-67.438,48.4679],[-67.4367,48.4667],[-67.4356,48.466],[-67.4322,48.4646],[-67.4311,48.4639],[-67.4302,48.463],[-67.4285,48.4609],[-67.4279,48.4603],[-67.424,48.4565],[-67.4229,48.4556],[-67.4211,48.4545],[-67.4154,48.4517],[-67.4138,48.4509],[-67.4126,48.4502],[-67.411,48.4489],[-67.409,48.4472],[-67.4082,48.4463],[-67.4061,48.4433],[-67.4056,48.4427],[-67.405,48.4422],[-67.4041,48.4417],[-67.4029,48.4411],[-67.4015,48.4408],[-67.4001,48.4407],[-67.3989,48.4407],[-67.3956,48.4412],[-67.3872,48.442],[-67.3846,48.4421],[-67.3832,48.442],[-67.3807,48.4417],[-67.3701,48.4399],[-67.3668,48.439],[-67.3644,48.4381],[-67.3631,48.4375],[-67.3615,48.4366],[-67.3603,48.4359],[-67.358,48.434],[-67.3502,48.4273],[-67.3478,48.4257],[-67.3383,48.4199],[-67.3289,48.4161],[-67.3276,48.4157],[-67.3256,48.4153],[-67.3245,48.4149],[-67.3224,48.4138],[-67.3208,48.4132],[-67.3195,48.4129],[-67.315,48.4123],[-67.3136,48.412],[-67.312,48.4115],[-67.3067,48.4096],[-67.3051,48.4091],[-67.3029,48.4088],[-67.2987,48.4087],[-67.2962,48.4082],[-67.2938,48.4075],[-67.2919,48.4067],[-67.2902,48.4057],[-67.2887,48.4045],[-67.2839,48.4],[-67.2822,48.3987],[-67.2804,48.3976],[-67.276,48.3954],[-67.274,48.3941],[-67.2732,48.3935],[-67.2594,48.3815],[-67.2582,48.3806],[-67.2544,48.3785],[-67.2521,48.3769],[-67.2508,48.3757],[-67.2492,48.3741],[-67.248,48.3726],[-67.2448,48.368],[-67.2443,48.3674],[-67.2436,48.3668],[-67.2394,48.3644],[-67.2378,48.3633],[-67.2334,48.3598],[-67.2324,48.3592],[-67.231,48.3585],[-67.2279,48.3573],[-67.227,48.3568],[-67.2263,48.3563],[-67.2258,48.3556],[-67.2254,48.3549],[-67.2252,48.3541],[-67.2253,48.3535],[-67.2255,48.3526],[-67.2281,48.3478],[-67.2282,48.3474],[-67.2282,48.3465],[-67.2275,48.3449],[-67.2273,48.3444],[-67.2272,48.3438],[-67.2275,48.3428],[-67.2279,48.3421],[-67.2287,48.3412],[-67.2291,48.3409],[-67.2306,48.3402],[-67.2315,48.34],[-67.2356,48.3395],[-67.2372,48.3391],[-67.2385,48.3386],[-67.2398,48.3378],[-67.2403,48.3374],[-67.2412,48.3363],[-67.2415,48.3357],[-67.2417,48.335],[-67.2417,48.3345],[-67.2413,48.3296],[-67.241,48.3275],[-67.2395,48.3207],[-67.2394,48.3197],[-67.2393,48.319],[-67.2394,48.3174],[-67.2399,48.3142],[-67.2403,48.3122],[-67.2411,48.3106],[-67.2462,48.3023],[-67.247,48.3009],[-67.2475,48.2995],[-67.248,48.2975],[-67.2481,48.296],[-67.2478,48.2879],[-67.2476,48.2865],[-67.2474,48.2857],[-67.2363,48.2553],[-67.2359,48.2546],[-67.2352,48.2537],[-67.2347,48.2533],[-67.2337,48.2526],[-67.2326,48.252],[-67.2286,48.2508],[-67.2273,48.2502],[-67.2266,48.2499],[-67.2252,48.2491],[-67.2242,48.2482],[-67.2234,48.2474],[-67.2204,48.2433],[-67.2197,48.2427],[-67.2164,48.2402],[-67.2145,48.2393],[-67.213,48.2385],[-67.2111,48.237],[-67.2105,48.2365],[-67.2098,48.2357],[-67.2085,48.2334],[-67.2077,48.2323],[-67.2063,48.231],[-67.2046,48.2297],[-67.2037,48.2289],[-67.203,48.2279],[-67.2022,48.2262],[-67.2014,48.2252],[-67.2009,48.2248],[-67.1892,48.2187],[-67.1882,48.2181],[-67.1874,48.2172],[-67.1856,48.2143],[-67.1846,48.213],[-67.1775,48.2059],[-67.1715,48.2007],[-67.1637,48.1919],[-67.1628,48.191],[-67.1621,48.1903],[-67.1603,48.189],[-67.1587,48.188],[-67.1558,48.1865],[-67.1537,48.185],[-67.1461,48.1788],[-67.1436,48.1763],[-67.1426,48.175],[-67.1419,48.1739],[-67.1412,48.1724],[-67.1408,48.1712],[-67.1405,48.1692],[-67.1402,48.1685],[-67.1399,48.1681],[-67.1394,48.1676],[-67.1374,48.166],[-67.1368,48.1655],[-67.1363,48.1649],[-67.1354,48.1634],[-67.1342,48.162],[-67.1337,48.1613],[-67.1335,48.1608],[-67.1334,48.1599],[-67.1335,48.1594],[-67.1338,48.1587],[-67.1341,48.1582],[-67.135,48.1574],[-67.1358,48.1569],[-67.1375,48.1562],[-67.1382,48.1559],[-67.1411,48.1538],[-67.1431,48.1524],[-67.1436,48.1519],[-67.1442,48.1509],[-67.1443,48.1501],[-67.1442,48.1492],[-67.1432,48.1459],[-67.1433,48.145],[-67.1436,48.1442],[-67.1444,48.1432],[-67.1456,48.1424],[-67.1483,48.1408],[-67.151,48.1395],[-67.1522,48.1387],[-67.1553,48.1362],[-67.1561,48.1354],[-67.1564,48.1351],[-67.1568,48.1343],[-67.157,48.1332],[-67.157,48.1315],[-67.1567,48.1303],[-67.1563,48.1295],[-67.1542,48.1258],[-67.1533,48.1248],[-67.1522,48.1241],[-67.1493,48.1229],[-67.1468,48.1217],[-67.1457,48.1211],[-67.1449,48.1205],[-67.1364,48.1138],[-67.1356,48.1129],[-67.1326,48.1082],[-67.1316,48.1071],[-67.1303,48.1059],[-67.1271,48.1037],[-67.1235,48.102],[-67.1221,48.101],[-67.1214,48.1003],[-67.1195,48.0981],[-67.1187,48.0974],[-67.1141,48.0939],[-67.1124,48.092],[-67.1108,48.0908],[-67.1099,48.0903],[-67.1081,48.0896],[-67.107,48.0893],[-67.1049,48.0891],[-67.1041,48.0889],[-67.1028,48.0884],[-67.1021,48.0879],[-67.1012,48.0872],[-67.0988,48.0849],[-67.0982,48.0842],[-67.0978,48.0832],[-67.0977,48.0823],[-67.0978,48.0816],[-67.0983,48.0797],[-67.0995,48.0779],[-67.0998,48.0769],[-67.0997,48.0763],[-67.0994,48.0747],[-67.0991,48.074],[-67.0986,48.0729],[-67.0985,48.0721],[-67.0986,48.0714],[-67.0988,48.0708],[-67.0993,48.0701],[-67.1006,48.0688],[-67.1026,48.0673],[-67.1031,48.0667],[-67.1034,48.0661],[-67.1036,48.0652],[-67.1035,48.0617],[-67.1037,48.0612],[-67.1043,48.0599],[-67.1045,48.0592],[-67.1045,48.0585],[-67.1041,48.057],[-67.1039,48.0564],[-67.1032,48.0551],[-67.103,48.0545],[-67.103,48.0535],[-67.1032,48.0521],[-67.103,48.0507],[-67.1026,48.0495],[-67.1019,48.0483],[-67.1011,48.0474],[-67.1,48.0465],[-67.0987,48.0457],[-67.0972,48.0451],[-67.0918,48.0434],[-67.0885,48.0429],[-67.087,48.0426],[-67.084,48.0416],[-67.0823,48.0408],[-67.081,48.0399],[-67.08,48.039],[-67.0791,48.0379],[-67.0777,48.0356],[-67.0766,48.0344],[-67.0758,48.0337],[-67.0748,48.0329],[-67.0721,48.0314],[-67.0708,48.0309],[-67.0694,48.0307],[-67.0681,48.0308],[-67.0653,48.0312],[-67.064,48.0315],[-67.0605,48.0327],[-67.0585,48.0337],[-67.0568,48.0343],[-67.0524,48.0354],[-67.0505,48.0358],[-67.0487,48.0358],[-67.0472,48.0356],[-67.0456,48.035],[-67.0445,48.0344],[-67.0435,48.0333],[-67.0415,48.0303],[-67.0405,48.029],[-67.0388,48.0278],[-67.0345,48.026],[-67.0326,48.0251],[-67.031,48.0239],[-67.0298,48.0226],[-67.0282,48.0205],[-67.0268,48.0189],[-67.0233,48.0163],[-67.0212,48.0144],[-67.019,48.0129],[-67.0173,48.0113],[-67.0162,48.0105],[-67.015,48.0099],[-67.0134,48.0095],[-67.011,48.0093],[-67.0094,48.009],[-67.008,48.0085],[-67.0068,48.0078],[-66.9955,48.001],[-66.9938,47.9997],[-66.9889,47.9952],[-66.9871,47.9941],[-66.9823,47.9918],[-66.981,47.9912],[-66.9797,47.9908],[-66.9768,47.9902],[-66.9758,47.9898],[-66.9712,47.9872],[-66.9691,47.9862],[-66.9663,47.9853],[-66.9627,47.9844],[-66.9613,47.984],[-66.9601,47.9836],[-66.9559,47.9816],[-66.9544,47.9807],[-66.9493,47.9774],[-66.9474,47.9759],[-66.9463,47.9751],[-66.9448,47.9746],[-66.9434,47.9743],[-66.942,47.9743],[-66.9392,47.9748],[-66.9255,47.9776],[-66.9246,47.9779],[-66.924,47.9784],[-66.9228,47.9793],[-66.9215,47.9802],[-66.9197,47.9812],[-66.9182,47.9818],[-66.9167,47.9822],[-66.9124,47.9829],[-66.9098,47.9832],[-66.9061,47.9834],[-66.9045,47.9836],[-66.9027,47.984],[-66.896,47.9861],[-66.8931,47.9871],[-66.8918,47.9875],[-66.8856,47.9891],[-66.8817,47.9903],[-66.8802,47.9906],[-66.877,47.9909],[-66.8735,47.991],[-66.866,47.9904],[-66.8642,47.9904],[-66.8622,47.9906],[-66.8564,47.9918],[-66.8547,47.992],[-66.852,47.992],[-66.8461,47.9917],[-66.8423,47.9913],[-66.8408,47.9912],[-66.8354,47.9915],[-66.8291,47.9912],[-66.8274,47.991],[-66.8238,47.9903],[-66.8218,47.9898],[-66.8185,47.9892],[-66.8169,47.9888],[-66.815,47.9881],[-66.8135,47.9877],[-66.8106,47.9876],[-66.8082,47.9871],[-66.8039,47.9864],[-66.8022,47.9864],[-66.8009,47.9865],[-66.7983,47.9871],[-66.7968,47.9872],[-66.7918,47.9866],[-66.7811,47.9862],[-66.7699,47.9842],[-66.7605,47.9833],[-66.7579,47.9833],[-66.7396,47.984],[-66.737,47.9843],[-66.7341,47.9849],[-66.7314,47.9858],[-66.718,47.9909],[-66.7165,47.9916],[-66.7156,47.9922],[-66.7143,47.9933],[-66.7126,47.9952],[-66.7111,47.9966],[-66.7092,47.9978],[-66.7074,47.9986],[-66.694,48.002],[-66.6784,48.0049],[-66.67,48.0072],[-66.6682,48.0074],[-66.6664,48.0076],[-66.6645,48.0076],[-66.6623,48.0073],[-66.6599,48.0067],[-66.6576,48.0058],[-66.6535,48.0039],[-66.6524,48.0035],[-66.6511,48.0032],[-66.6497,48.0031],[-66.6313,48.0033],[-66.6291,48.0034],[-66.626,48.0038],[-66.6235,48.0044],[-66.609,48.0082],[-66.6056,48.0093],[-66.5868,48.016],[-66.5852,48.0165],[-66.5837,48.0168],[-66.5792,48.0174],[-66.5774,48.0177],[-66.5759,48.0181],[-66.5713,48.0199],[-66.57,48.0203],[-66.5687,48.0205],[-66.5651,48.0207],[-66.5633,48.0211],[-66.5547,48.0245],[-66.5513,48.0258],[-66.5491,48.0263],[-66.5393,48.0279],[-66.5376,48.0282],[-66.536,48.0286],[-66.5347,48.0292],[-66.5325,48.0302],[-66.5216,48.0358],[-66.5198,48.037],[-66.5106,48.0408],[-66.509,48.0413],[-66.5071,48.0417],[-66.4961,48.0435],[-66.4945,48.0436],[-66.493,48.0436],[-66.4915,48.0435],[-66.4894,48.043],[-66.4596,48.0352],[-66.4578,48.0346],[-66.4224,48.0206],[-66.4202,48.0199],[-66.4178,48.0193],[-66.3083,47.9953],[-66.3065,47.9948],[-66.3033,47.9937],[-66.2851,47.9851],[-66.283,47.9841],[-66.2814,47.9836],[-66.2797,47.983],[-66.2772,47.9825],[-66.275,47.9821],[-66.2421,47.9791],[-66.2405,47.9788],[-66.2387,47.9785],[-66.2163,47.973],[-66.2136,47.9726],[-66.2109,47.9725],[-66.1982,47.9731],[-66.1958,47.973],[-66.1933,47.9727],[-66.1901,47.9718],[-66.189,47.9714],[-66.184,47.9691],[-66.1815,47.9681],[-66.18,47.9677],[-66.1583,47.9617],[-66.1501,47.9601],[-66.1475,47.9595],[-66.1453,47.9587],[-66.1441,47.9581],[-66.1134,47.9432],[-66.0948,47.9316],[-66.0899,47.9284],[-66.0866,47.9258],[-66.0859,47.9253],[-66.0834,47.9241],[-66.0815,47.9235],[-66.0793,47.9232],[-66.0417,47.9233],[-66.0392,47.923],[-66.0339,47.9219],[-66.0318,47.9216],[-66.0305,47.9216],[-66.0144,47.9226],[-66.0118,47.9226],[-66.0096,47.9224],[-66.0078,47.9221],[-66.0002,47.9203],[-65.9114,47.8989],[-65.8149,47.8689],[-65.7743,47.8514],[-65.7726,47.8505],[-65.7709,47.8496],[-65.77,47.8488],[-65.7691,47.848],[-65.7675,47.8458],[-65.7224,47.7654],[-65.722,47.7643],[-65.7215,47.7621],[-65.72,47.7427],[-65.7199,47.7418],[-65.7127,47.7095],[-65.7117,47.7068],[-65.7006,47.6858],[-65.6898,47.6704],[-65.6892,47.6693],[-65.6889,47.6684],[-65.6887,47.6669],[-65.6884,47.6522],[-65.6883,47.6505],[-65.6872,47.6467],[-65.6857,47.6417],[-65.685,47.6401],[-65.6844,47.6391],[-65.6836,47.638],[-65.6718,47.623],[-65.6713,47.6221],[-65.671,47.6213],[-65.6709,47.6203],[-65.671,47.6188],[-65.6772,47.5818],[-65.6773,47.5806],[-65.6771,47.5787],[-65.6767,47.577],[-65.6763,47.576],[-65.672,47.5662],[-65.6713,47.5648],[-65.6703,47.5636],[-65.6692,47.5626],[-65.6675,47.5613],[-65.6584,47.5566],[-65.657,47.5558],[-65.6558,47.5549],[-65.6552,47.5543],[-65.6543,47.5532],[-65.6535,47.552],[-65.653,47.5509],[-65.6222,47.4767],[-65.6217,47.4753],[-65.6215,47.4738],[-65.6215,47.4727],[-65.6231,47.3739],[-65.6264,47.162],[-65.6262,47.1601],[-65.6255,47.1587],[-65.6244,47.1574],[-65.6229,47.1562],[-65.6176,47.1529],[-65.6163,47.1519],[-65.6154,47.1509],[-65.6148,47.1498],[-65.6144,47.1487],[-65.6017,47.1014],[-65.6013,47.1005],[-65.594,47.0845],[-65.5933,47.0833],[-65.5774,47.0624],[-65.5764,47.0609],[-65.5756,47.0594],[-65.5691,47.0444],[-65.5686,47.043],[-65.5684,47.0421],[-65.5677,47.037],[-65.5674,47.0356],[-65.5666,47.0337],[-65.563,47.0271],[-65.562,47.0259],[-65.5595,47.0238],[-65.5587,47.0228],[-65.5582,47.0217],[-65.558,47.0206],[-65.558,47.0195],[-65.5585,47.0182],[-65.5593,47.0171],[-65.5605,47.0159],[-65.5937,46.9875],[-65.5954,46.9858],[-65.5972,46.9839],[-65.5985,46.9818],[-65.5997,46.9793],[-65.6002,46.977],[-65.6003,46.9743],[-65.6,46.9722],[-65.5992,46.9699],[-65.5953,46.962],[-65.5947,46.961],[-65.5935,46.9597],[-65.5922,46.9588],[-65.5817,46.952],[-65.5802,46.9509],[-65.5792,46.9499],[-65.5784,46.9486],[-65.5779,46.9472],[-65.5778,46.9454],[-65.578,46.9425],[-65.578,46.941],[-65.5777,46.9393],[-65.5771,46.9376],[-65.576,46.9356],[-65.5742,46.9334],[-65.5387,46.9001],[-65.5372,46.8988],[-65.5352,46.8974],[-65.5209,46.8901],[-65.5194,46.8892],[-65.518,46.8882],[-65.5167,46.8869],[-65.5094,46.8782],[-65.5084,46.8769],[-65.5078,46.8755],[-65.5076,46.8741],[-65.5075,46.8591],[-65.5074,46.8576],[-65.5072,46.8565],[-65.5067,46.855],[-65.5061,46.8537],[-65.4397,46.7469],[-65.4383,46.745],[-65.3843,46.6794],[-65.3829,46.6775],[-65.3812,46.6748],[-65.3297,46.5696],[-65.3286,46.5677],[-65.3275,46.5661],[-65.3266,46.565],[-65.1971,46.4116],[-65.1083,46.3059],[-65.0608,46.2492],[-65.0065,46.184],[-65.0055,46.1825],[-64.9872,46.1521],[-64.9869,46.1514],[-64.9867,46.1507],[-64.9866,46.15],[-64.9868,46.1421],[-64.9866,46.1412],[-64.9863,46.1405],[-64.9855,46.1391],[-64.9796,46.1307],[-64.979,46.1299],[-64.9783,46.1292],[-64.9627,46.1145],[-64.9614,46.1135],[-64.9597,46.1125],[-64.958,46.1119],[-64.9557,46.1114],[-64.9466,46.1098],[-64.9441,46.1091],[-64.9421,46.1084],[-64.94,46.1074],[-64.9281,46.1013],[-64.9266,46.1006],[-64.9252,46.1001],[-64.9228,46.0997],[-64.8962,46.0966],[-64.8922,46.0965],[-64.8857,46.0968],[-64.884,46.0968],[-64.8824,46.0966],[-64.8808,46.0963],[-64.8718,46.0938],[-64.8684,46.093],[-64.8655,46.0926],[-64.8629,46.0923],[-64.8571,46.0919],[-64.8552,46.0917],[-64.8537,46.0912],[-64.8525,46.0906],[-64.8516,46.0899],[-64.8466,46.0841],[-64.839,46.0748],[-64.8381,46.074],[-64.8372,46.0734],[-64.836,46.0729],[-64.8348,46.0725],[-64.8336,46.0723],[-64.8326,46.0723],[-64.8313,46.0723],[-64.8117,46.0742],[-64.7981,46.0761],[-64.7966,46.0765],[-64.7953,46.0772],[-64.7943,46.0779],[-64.7931,46.0792],[-64.7922,46.0799],[-64.789,46.0813],[-64.786,46.0832],[-64.7835,46.085],[-64.7828,46.0858],[-64.7812,46.088],[-64.7807,46.0889],[-64.7775,46.0986],[-64.7771,46.0994],[-64.7761,46.1005],[-64.7749,46.1013],[-64.773,46.1023],[-64.772,46.1031],[-64.7713,46.1039],[-64.7709,46.1048],[-64.77,46.1087],[-64.7694,46.1101],[-64.7684,46.1114],[-64.7618,46.1184],[-64.7604,46.1196],[-64.7584,46.1208],[-64.7568,46.1216],[-64.7546,46.1225],[-64.7519,46.1232],[-64.7486,46.1238],[-64.6975,46.1313],[-64.6646,46.1372],[-64.6621,46.1373],[-64.6602,46.1371],[-64.6584,46.1367],[-64.6565,46.136],[-64.6186,46.1167],[-64.6111,46.1121],[-64.609,46.1106],[-64.6068,46.1089],[-64.6041,46.1064],[-64.6028,46.1054],[-64.5892,46.0984],[-64.588,46.0977],[-64.5869,46.0968],[-64.5833,46.0932],[-64.5822,46.0924],[-64.5779,46.0898],[-64.5755,46.0881],[-64.5697,46.0829],[-64.568,46.0811],[-64.5673,46.0799],[-64.5667,46.0785],[-64.5664,46.077],[-64.5663,46.0754],[-64.5665,46.074],[-64.5671,46.0719],[-64.5676,46.0711],[-64.57,46.0678],[-64.5703,46.0673],[-64.5704,46.0663],[-64.5703,46.0652],[-64.5701,46.0647],[-64.5698,46.0642],[-64.5683,46.0625],[-64.5679,46.0617],[-64.5678,46.0613],[-64.5678,46.0601],[-64.5683,46.0572],[-64.5683,46.0566],[-64.5681,46.0547],[-64.568,46.0541],[-64.5684,46.0498],[-64.5681,46.0488],[-64.5674,46.0474],[-64.5615,46.0379],[-64.5609,46.0366],[-64.5605,46.0351],[-64.5596,46.029],[-64.5596,46.0284],[-64.5597,46.0272],[-64.5606,46.0233],[-64.5606,46.0223],[-64.5605,46.0218],[-64.5572,46.01],[-64.5566,46.0079],[-64.5507,45.9965],[-64.5503,45.9955],[-64.5502,45.9946],[-64.5502,45.9941],[-64.5505,45.9929],[-64.5511,45.9919],[-64.5523,45.9906],[-64.553,45.9897],[-64.5534,45.9887],[-64.5536,45.9875],[-64.5534,45.9864],[-64.5529,45.9852],[-64.5386,45.9592],[-64.5382,45.9584],[-64.5379,45.9569],[-64.5373,45.9482],[-64.5371,45.9472],[-64.5367,45.9462],[-64.5362,45.9456],[-64.5355,45.9449],[-64.5346,45.9443],[-64.5313,45.9423],[-64.5299,45.9411],[-64.5289,45.9397],[-64.52,45.9219],[-64.5195,45.9204],[-64.5192,45.9188],[-64.5194,45.9173],[-64.5199,45.9156],[-64.5285,45.8913],[-64.5285,45.8909],[-64.5285,45.89],[-64.5282,45.889],[-64.5276,45.8882],[-64.5266,45.8874],[-64.5256,45.8868],[-64.5245,45.8865],[-64.5225,45.8862],[-64.5213,45.8863],[-64.5203,45.8865],[-64.5196,45.8867],[-64.5188,45.887],[-64.5169,45.8882],[-64.5135,45.8894],[-64.5127,45.8896],[-64.5115,45.8897],[-64.5105,45.8896],[-64.5089,45.8893],[-64.5078,45.8888],[-64.507,45.8883],[-64.506,45.8875],[-64.5034,45.8839],[-64.5025,45.883],[-64.5015,45.8823],[-64.499,45.8812],[-64.4986,45.8809],[-64.4978,45.8802],[-64.4973,45.8795],[-64.497,45.8789],[-64.4969,45.8784],[-64.4966,45.8755],[-64.4962,45.8744],[-64.4956,45.8736],[-64.495,45.873],[-64.4942,45.8725],[-64.4934,45.8721],[-64.492,45.8717],[-64.4887,45.8711],[-64.4871,45.8708],[-64.4859,45.8702],[-64.4832,45.8688],[-64.4819,45.8682],[-64.4807,45.8678],[-64.4791,45.8675],[-64.4757,45.8674],[-64.4742,45.8672],[-64.4727,45.8667],[-64.4677,45.8646],[-64.4658,45.8642],[-64.4639,45.8641],[-64.4613,45.8642],[-64.4597,45.8641],[-64.4433,45.8622],[-64.4416,45.862],[-64.44,45.8615],[-64.4389,45.8609],[-64.438,45.8602],[-64.4343,45.8569],[-64.4331,45.856],[-64.4319,45.8554],[-64.4302,45.8548],[-64.4284,45.8546],[-64.4269,45.8546],[-64.4225,45.8553],[-64.4211,45.8557],[-64.4198,45.8562],[-64.4187,45.8569],[-64.4179,45.8577],[-64.4173,45.8586],[-64.4135,45.8659],[-64.413,45.8672],[-64.4128,45.8683],[-64.4121,45.8748],[-64.4119,45.8757],[-64.4114,45.8767],[-64.4104,45.8775],[-64.4094,45.8782],[-64.4082,45.8787],[-64.4067,45.8789],[-64.4053,45.879],[-64.3932,45.8782],[-64.3901,45.8782],[-64.3872,45.8784],[-64.3846,45.8789],[-64.3764,45.8809],[-64.3749,45.8814],[-64.3739,45.8819],[-64.373,45.8826],[-64.3721,45.8835],[-64.3666,45.891],[-64.3658,45.8918],[-64.3645,45.8925],[-64.363,45.8931],[-64.3614,45.8933],[-64.3595,45.8934],[-64.3517,45.893],[-64.3506,45.8927],[-64.3453,45.891],[-64.3442,45.8907],[-64.3038,45.8843],[-64.3022,45.884],[-64.2987,45.883],[-64.297,45.8824],[-64.2956,45.8816],[-64.2947,45.8807],[-64.2943,45.8802],[-64.2939,45.8797],[-64.2935,45.8786],[-64.2934,45.8775],[-64.2937,45.8762],[-64.2971,45.865],[-64.2973,45.8637],[-64.2973,45.863],[-64.2972,45.8623],[-64.2968,45.8609],[-64.2959,45.8596],[-64.2946,45.8583],[-64.2931,45.8573],[-64.2916,45.8566],[-64.29,45.8561],[-64.243,45.8408],[-64.2407,45.8402],[-64.237,45.8394],[-64.2224,45.8367],[-64.2208,45.8363],[-64.2191,45.8356],[-64.2174,45.8348],[-64.2154,45.8333],[-64.2144,45.8323],[-64.2099,45.8271],[-64.209,45.8259],[-64.2085,45.8246],[-64.2083,45.8234],[-64.2084,45.8222],[-64.2098,45.8164],[-64.2104,45.8149],[-64.2113,45.8136],[-64.2127,45.8123],[-64.2245,45.8028],[-64.2257,45.8016],[-64.2338,45.7906],[-64.2347,45.7889],[-64.2354,45.7871],[-64.2472,45.7495],[-64.2478,45.7476],[-64.2531,45.7359],[-64.2534,45.7351],[-64.2536,45.7345],[-64.2536,45.7337],[-64.2535,45.7326],[-64.2523,45.7237],[-64.2521,45.7228],[-64.2518,45.7221],[-64.2513,45.7214],[-64.2506,45.7208],[-64.2497,45.7201],[-64.2487,45.7197],[-64.2475,45.7193],[-64.2412,45.718],[-64.2397,45.7175],[-64.2385,45.7169],[-64.2373,45.7161],[-64.2365,45.7152],[-64.2357,45.7142],[-64.2353,45.713],[-64.2352,45.712],[-64.2353,45.7109],[-64.2357,45.7098],[-64.2365,45.7087],[-64.2374,45.7077],[-64.2386,45.707],[-64.2403,45.7061],[-64.2413,45.7054],[-64.242,45.7045],[-64.2425,45.7034],[-64.2426,45.7025],[-64.2424,45.7015],[-64.2417,45.7003],[-64.2406,45.6993],[-64.2314,45.6938],[-64.2304,45.6929],[-64.2292,45.6919],[-64.2279,45.6902],[-64.2271,45.6895],[-64.2261,45.6888],[-64.225,45.6882],[-64.2235,45.6877],[-64.2221,45.6874],[-64.2205,45.6873],[-64.2191,45.6874],[-64.2171,45.6878],[-64.2083,45.6898],[-64.2039,45.6913],[-64.2022,45.6918],[-64.2004,45.6922],[-64.1906,45.6937],[-64.185,45.6948],[-64.1831,45.6951],[-64.1752,45.6957],[-64.1739,45.6957],[-64.1728,45.6955],[-64.1716,45.6953],[-64.1704,45.6948],[-64.1691,45.6941],[-64.1682,45.6933],[-64.1676,45.6924],[-64.1668,45.6908],[-64.1661,45.69],[-64.1653,45.6893],[-64.1644,45.6887],[-64.1632,45.6882],[-64.1617,45.6878],[-64.1603,45.6877],[-64.1589,45.6878],[-64.1577,45.6881],[-64.1567,45.6886],[-64.1531,45.6906],[-64.1518,45.6912],[-64.1505,45.6915],[-64.1491,45.6917],[-64.1477,45.6917],[-64.1462,45.6914],[-64.143,45.6903],[-64.1416,45.6899],[-64.1401,45.6898],[-64.1385,45.69],[-64.1359,45.6906],[-64.1347,45.6908],[-64.1336,45.6909],[-64.1325,45.6908],[-64.1292,45.6905],[-64.1276,45.6906],[-64.1112,45.6918],[-64.1099,45.6919],[-64.1068,45.6928],[-64.1043,45.6939],[-64.1032,45.6946],[-64.1024,45.6954],[-64.1008,45.6972],[-64.0994,45.6982],[-64.0984,45.6986],[-64.0974,45.6989],[-64.0963,45.699],[-64.0936,45.6992],[-64.0919,45.6994],[-64.0905,45.6998],[-64.0889,45.7002],[-64.0803,45.7034],[-64.0793,45.7037],[-64.0774,45.7038],[-64.0762,45.7036],[-64.0748,45.7033],[-64.0737,45.7028],[-64.071,45.7013],[-64.0701,45.7006],[-64.0694,45.6998],[-64.0689,45.6991],[-64.0672,45.6962],[-64.0669,45.6954],[-64.0664,45.6934],[-64.0651,45.6902],[-64.0645,45.6892],[-64.0637,45.6885],[-64.0627,45.6877],[-64.0614,45.687],[-64.0598,45.6864],[-64.0583,45.6861],[-64.0513,45.6855],[-64.0487,45.6854],[-64.0472,45.6855],[-64.0456,45.6858],[-64.0425,45.6866],[-64.0409,45.6869],[-64.0389,45.6871],[-64.0339,45.6872],[-64.0326,45.6873],[-64.0314,45.6872],[-64.0283,45.6865],[-64.027,45.6861],[-64.0258,45.6856],[-64.0235,45.6843],[-64.0216,45.6835],[-64.0196,45.683],[-64.018,45.6827],[-64.0162,45.6825],[-64.0149,45.6825],[-64.0129,45.6827],[-64.0111,45.6829],[-64.0095,45.6833],[-64.0076,45.684],[-64.0062,45.6847],[-64.005,45.6853],[-63.9955,45.6931],[-63.9944,45.6939],[-63.9932,45.6944],[-63.9917,45.6948],[-63.9903,45.695],[-63.9892,45.695],[-63.9861,45.6947],[-63.9849,45.6948],[-63.9833,45.6952],[-63.9815,45.6957],[-63.9802,45.696],[-63.9788,45.6962],[-63.9774,45.6961],[-63.9727,45.6955],[-63.9706,45.6951],[-63.9691,45.6946],[-63.9679,45.694],[-63.9666,45.6936],[-63.9654,45.6934],[-63.9639,45.6934],[-63.952,45.6932],[-63.9499,45.693],[-63.9447,45.6921],[-63.9414,45.6916],[-63.9202,45.6904],[-63.9186,45.6904],[-63.9169,45.6905],[-63.9153,45.6908],[-63.9139,45.6913],[-63.9104,45.6927],[-63.9085,45.6932],[-63.9068,45.6934],[-63.9056,45.6934],[-63.9023,45.6933],[-63.9005,45.6934],[-63.8986,45.6936],[-63.8951,45.6943],[-63.8933,45.6945],[-63.8916,45.6945],[-63.89,45.6945],[-63.8883,45.6942],[-63.8742,45.6912],[-63.8723,45.6906],[-63.8704,45.6897],[-63.8689,45.6887],[-63.8655,45.686],[-63.8639,45.685],[-63.8623,45.6843],[-63.8606,45.6837],[-63.8591,45.6833],[-63.8576,45.6831],[-63.8388,45.6809],[-63.837,45.6808],[-63.8352,45.6807],[-63.8319,45.681],[-63.8267,45.6818],[-63.8246,45.682],[-63.8195,45.6822],[-63.8179,45.6823],[-63.802,45.6841],[-63.8008,45.6841],[-63.7993,45.6839],[-63.7848,45.6812],[-63.783,45.6808],[-63.7813,45.6801],[-63.7798,45.6793],[-63.7784,45.6783],[-63.7774,45.6772],[-63.7766,45.6759],[-63.7746,45.6714],[-63.774,45.6706],[-63.7732,45.6699],[-63.7653,45.6641],[-63.7641,45.6634],[-63.7624,45.6625],[-63.7605,45.6617],[-63.7587,45.6612],[-63.7568,45.6608],[-63.7358,45.6577],[-63.7338,45.6574],[-63.7324,45.6569],[-63.7311,45.6564],[-63.73,45.6557],[-63.729,45.6548],[-63.7244,45.65],[-63.7233,45.6489],[-63.7218,45.6478],[-63.72,45.6469],[-63.7182,45.6461],[-63.7165,45.6457],[-63.7146,45.6453],[-63.7124,45.6451],[-63.6797,45.6429],[-63.6774,45.6426],[-63.6762,45.6423],[-63.6746,45.6416],[-63.6732,45.6408],[-63.672,45.6399],[-63.6711,45.6388],[-63.6706,45.6378],[-63.669,45.6342],[-63.6687,45.6334],[-63.6683,45.631],[-63.6678,45.6299],[-63.6668,45.6284],[-63.6633,45.6225],[-63.6624,45.6215],[-63.6616,45.6209],[-63.6599,45.62],[-63.6589,45.6196],[-63.6578,45.6194],[-63.6565,45.6193],[-63.6326,45.6188],[-63.6313,45.6187],[-63.6299,45.6184],[-63.6282,45.618],[-63.6221,45.6155],[-63.6205,45.6149],[-63.619,45.6146],[-63.6175,45.6145],[-63.6158,45.6145],[-63.6082,45.6149],[-63.6061,45.6151],[-63.6015,45.6161],[-63.5999,45.6162],[-63.5986,45.6162],[-63.5956,45.6158],[-63.594,45.6157],[-63.5924,45.6158],[-63.5893,45.6163],[-63.5883,45.6165],[-63.5848,45.6166],[-63.5835,45.6165],[-63.582,45.6162],[-63.5807,45.6157],[-63.5796,45.615],[-63.5786,45.6143],[-63.5777,45.6138],[-63.5767,45.6135],[-63.5745,45.613],[-63.5734,45.6127],[-63.5724,45.6121],[-63.5716,45.6113],[-63.5711,45.6104],[-63.5709,45.6097],[-63.5709,45.6091],[-63.5714,45.6071],[-63.572,45.6026],[-63.572,45.6015],[-63.5718,45.6006],[-63.5713,45.5995],[-63.5708,45.5985],[-63.5704,45.5974],[-63.5697,45.595],[-63.5692,45.5936],[-63.5676,45.5911],[-63.5668,45.5895],[-63.5658,45.5871],[-63.5644,45.5849],[-63.5639,45.5838],[-63.5631,45.5814],[-63.5607,45.5754],[-63.56,45.5744],[-63.558,45.5722],[-63.5572,45.571],[-63.5566,45.5697],[-63.5557,45.5673],[-63.5551,45.5652],[-63.5543,45.5635],[-63.5536,45.5621],[-63.5528,45.5599],[-63.5521,45.5585],[-63.5511,45.5569],[-63.5504,45.5552],[-63.5502,45.5541],[-63.5499,45.5526],[-63.549,45.5291],[-63.5488,45.5274],[-63.5485,45.526],[-63.5479,45.5245],[-63.5473,45.5232],[-63.5465,45.5224],[-63.5455,45.5217],[-63.5444,45.5211],[-63.5423,45.5204],[-63.5407,45.5197],[-63.539,45.5186],[-63.5379,45.5176],[-63.5368,45.5163],[-63.5361,45.515],[-63.5357,45.5138],[-63.535,45.5105],[-63.5345,45.509],[-63.532,45.5032],[-63.5315,45.5018],[-63.5297,45.4928],[-63.5292,45.4917],[-63.5289,45.4904],[-63.5289,45.4894],[-63.5292,45.4884],[-63.5299,45.4874],[-63.5312,45.4865],[-63.5325,45.486],[-63.5339,45.4858],[-63.535,45.4858],[-63.5379,45.4862],[-63.539,45.4862],[-63.5401,45.486],[-63.5412,45.4856],[-63.5421,45.485],[-63.5429,45.4843],[-63.5442,45.4824],[-63.5452,45.4817],[-63.5463,45.4812],[-63.5475,45.4809],[-63.5485,45.4808],[-63.5496,45.4808],[-63.5518,45.4812],[-63.553,45.4812],[-63.5542,45.4811],[-63.5555,45.4809],[-63.5568,45.4805],[-63.5579,45.4799],[-63.5588,45.4791],[-63.5595,45.4783],[-63.5602,45.4773],[-63.561,45.4762],[-63.5622,45.4751],[-63.5636,45.4741],[-63.5652,45.4734],[-63.5669,45.4729],[-63.5683,45.4723],[-63.5698,45.4715],[-63.571,45.4705],[-63.572,45.4693],[-63.5727,45.4681],[-63.5731,45.4668],[-63.5732,45.4656],[-63.573,45.4645],[-63.5727,45.4634],[-63.5719,45.4621],[-63.5692,45.4589],[-63.5684,45.458],[-63.5673,45.457],[-63.566,45.4561],[-63.5644,45.4552],[-63.5628,45.4545],[-63.561,45.454],[-63.5587,45.4534],[-63.5192,45.4453],[-63.5174,45.4447],[-63.5158,45.444],[-63.5123,45.4417],[-63.5104,45.4407],[-63.5086,45.4399],[-63.5068,45.4393],[-63.5034,45.4385],[-63.3795,45.4224],[-63.377,45.4221],[-63.3755,45.4218],[-63.372,45.4207],[-63.3689,45.4195],[-63.2984,45.392],[-63.2916,45.3894],[-63.2881,45.3879],[-63.2857,45.3865],[-63.2841,45.3854],[-63.2823,45.3838],[-63.2751,45.3765],[-63.2728,45.3737],[-63.2716,45.3718],[-63.2707,45.37],[-63.2699,45.3681],[-63.2697,45.3671],[-63.2699,45.3663],[-63.2703,45.3654],[-63.2715,45.3641],[-63.2725,45.3634],[-63.2735,45.363],[-63.2787,45.3617],[-63.282,45.3606],[-63.2845,45.3595],[-63.2867,45.3582],[-63.2885,45.357],[-63.2896,45.3561],[-63.2909,45.3548],[-63.2921,45.3534],[-63.293,45.352],[-63.2936,45.3511],[-63.2943,45.3494],[-63.2947,45.348],[-63.295,45.3464],[-63.2951,45.3451],[-63.2951,45.3436],[-63.2931,45.2954],[-63.293,45.2938],[-63.2925,45.2911],[-63.2874,45.2691],[-63.287,45.2681],[-63.2851,45.2644],[-63.2846,45.2632],[-63.2842,45.2621],[-63.284,45.2604],[-63.2824,45.2425],[-63.2818,45.2363],[-63.2817,45.2332],[-63.282,45.2305],[-63.2829,45.2262],[-63.2832,45.225],[-63.2835,45.2242],[-63.2926,45.21],[-63.2933,45.2092],[-63.2942,45.2085],[-63.2952,45.2078],[-63.2964,45.2071],[-63.2978,45.2062],[-63.2988,45.2054],[-63.2997,45.2043],[-63.3003,45.2031],[-63.3006,45.202],[-63.3006,45.2009],[-63.3002,45.1935],[-63.3004,45.1926],[-63.3007,45.1917],[-63.3012,45.191],[-63.302,45.1902],[-63.3085,45.1843],[-63.3093,45.1832],[-63.3097,45.1823],[-63.31,45.1812],[-63.31,45.1803],[-63.3093,45.1673],[-63.3093,45.1656],[-63.3097,45.1644],[-63.3104,45.1631],[-63.3112,45.1622],[-63.3128,45.1609],[-63.3218,45.1539],[-63.3278,45.1495],[-63.3304,45.1478],[-63.3322,45.1468],[-63.3444,45.1413],[-63.3483,45.1394],[-63.3612,45.1322],[-63.3642,45.1302],[-63.3668,45.1281],[-63.3868,45.11],[-63.3883,45.1085],[-63.4107,45.0827],[-63.4116,45.0816],[-63.4123,45.0803],[-63.4237,45.0552],[-63.4239,45.0543],[-63.4239,45.0534],[-63.4236,45.0488],[-63.4239,45.0479],[-63.4244,45.0468],[-63.4252,45.0459],[-63.4262,45.0451],[-63.4274,45.0446],[-63.4288,45.0442],[-63.4309,45.0438],[-63.4326,45.0434],[-63.4342,45.0427],[-63.4355,45.0418],[-63.4363,45.0408],[-63.4369,45.0398],[-63.4375,45.038],[-63.4419,45.0232],[-63.4425,45.0217],[-63.4436,45.0196],[-63.4511,45.0028],[-63.4517,45.0019],[-63.4527,45.001],[-63.4538,45.0002],[-63.5133,44.9614],[-63.5154,44.9599],[-63.5172,44.9583],[-63.535,44.9398],[-63.5359,44.9391],[-63.5372,44.9383],[-63.5386,44.9377],[-63.5443,44.9358],[-63.5468,44.9352],[-63.5545,44.934],[-63.5563,44.9335],[-63.5579,44.9328],[-63.5605,44.9312],[-63.5639,44.9287],[-63.5752,44.9183],[-63.5765,44.9172],[-63.5827,44.9129],[-63.5838,44.9119],[-63.5844,44.9109],[-63.5847,44.9098],[-63.5859,44.9029],[-63.5864,44.9018],[-63.5894,44.8965],[-63.5902,44.8957],[-63.593,44.8934],[-63.5937,44.8925],[-63.5943,44.8914],[-63.5945,44.8902],[-63.5945,44.8889],[-63.5943,44.8873],[-63.5945,44.8861],[-63.5952,44.8847],[-63.596,44.8839],[-63.5971,44.8831],[-63.6009,44.8808],[-63.6035,44.8798],[-63.6046,44.879],[-63.6055,44.8781],[-63.6061,44.8772],[-63.6069,44.8744],[-63.6078,44.873],[-63.6107,44.8704],[-63.6121,44.869],[-63.613,44.8678],[-63.6146,44.865],[-63.6157,44.8638],[-63.6172,44.8627],[-63.6189,44.8619],[-63.6208,44.8614],[-63.6327,44.8597],[-63.6345,44.8594],[-63.6358,44.859],[-63.6538,44.8511],[-63.6554,44.8501],[-63.6564,44.8491],[-63.657,44.8479],[-63.6573,44.8468],[-63.6572,44.8457],[-63.6558,44.84],[-63.6556,44.8386],[-63.6555,44.8373],[-63.6561,44.8337],[-63.6564,44.8328],[-63.6573,44.8312],[-63.6579,44.8298],[-63.6581,44.8285],[-63.658,44.8272],[-63.6575,44.8259],[-63.6543,44.819],[-63.6531,44.8169],[-63.6516,44.8151],[-63.6482,44.8115],[-63.6472,44.8102],[-63.6461,44.8082],[-63.6451,44.8068],[-63.6419,44.8031],[-63.6412,44.802],[-63.6407,44.8008],[-63.6405,44.7998],[-63.6405,44.7989],[-63.6407,44.798],[-63.6422,44.7933],[-63.6424,44.7922],[-63.6424,44.7912],[-63.6422,44.79],[-63.6418,44.789],[-63.6412,44.788],[-63.6404,44.7872],[-63.6341,44.7824],[-63.6321,44.7809],[-63.6307,44.7795],[-63.6296,44.778],[-63.6289,44.7766],[-63.6283,44.7752],[-63.6279,44.7737],[-63.6275,44.7699],[-63.6271,44.7682],[-63.6265,44.7669],[-63.6258,44.7657],[-63.6236,44.7628],[-63.623,44.7618],[-63.6226,44.7609],[-63.6217,44.7578],[-63.6214,44.7566],[-63.6214,44.7557],[-63.6217,44.7547],[-63.6222,44.7538],[-63.6231,44.7528],[-63.6245,44.7518],[-63.6401,44.742],[-63.6414,44.7411],[-63.6497,44.7344],[-63.6513,44.7333],[-63.6531,44.7322],[-63.655,44.7315],[-63.6566,44.731],[-63.659,44.7305],[-63.6609,44.73],[-63.6623,44.7294],[-63.6631,44.7288],[-63.6654,44.7269],[-63.6667,44.7259],[-63.6681,44.725],[-63.669,44.7243],[-63.6698,44.7233],[-63.6742,44.7158],[-63.6744,44.7148],[-63.6743,44.7139],[-63.6737,44.7129],[-63.6728,44.7121],[-63.6718,44.7115],[-63.6658,44.7092],[-63.6649,44.7086],[-63.6643,44.708],[-63.6639,44.7074],[-63.6634,44.7057],[-63.6629,44.705],[-63.662,44.7039],[-63.6612,44.7027],[-63.6609,44.7022],[-63.6603,44.6998],[-63.6603,44.699],[-63.6606,44.6945],[-63.6605,44.6935],[-63.6589,44.6882],[-63.6588,44.6872],[-63.659,44.6863],[-63.6596,44.6853],[-63.6599,44.6844],[-63.6599,44.6837],[-63.6597,44.6829],[-63.6591,44.6821],[-63.658,44.6814],[-63.6559,44.6806],[-63.6548,44.6803],[-63.6522,44.68],[-63.6508,44.6795],[-63.6499,44.6788],[-63.6489,44.6779],[-63.6476,44.6762],[-63.6467,44.6752],[-63.6371,44.6668],[-63.6336,44.6643],[-63.6329,44.664],[-63.629,44.6628],[-63.6279,44.6622],[-63.6272,44.6617],[-63.6267,44.661],[-63.6263,44.6603],[-63.6219,44.6453],[-63.6217,44.6449],[-63.6212,44.6442],[-63.6205,44.6436],[-63.6192,44.6429],[-63.615,44.6415],[-63.614,44.6412],[-63.6073,44.6406],[-63.6064,44.6405],[-63.6056,44.6402],[-63.5985,44.6365],[-63.5979,44.636],[-63.5958,44.6339],[-63.5954,44.6336],[-63.5945,44.633],[-63.5839,44.6284],[-63.5828,44.6281],[-63.582,44.628],[-63.5812,44.628],[-63.58,44.6281],[-63.5747,44.6291],[-63.5734,44.6294],[-63.5728,44.6296],[-63.5723,44.63],[-63.5718,44.6306],[-63.5691,44.6351],[-63.5688,44.6359],[-63.5677,44.6394]]}},{"type":"Feature","id":"502","properties":{"geometryId":"502","routeId":"119-120"},"geometry":{"type":"LineString","coordinates":[[-79.3803,43.6448],[-79.3892,43.6427],[-79.398,43.6407],[-79.4046,43.6398],[-79.427,43.6338],[-79.4285,43.6335],[-79.4302,43.6333],[-79.4316,43.6333],[-79.4333,43.6335],[-79.4347,43.6337],[-79.4359,43.634],[-79.4373,43.6345],[-79.4436,43.6371],[-79.4458,43.6379],[-79.4483,43.6385],[-79.4511,43.639],[-79.4539,43.6392],[-79.4563,43.6393],[-79.4581,43.6392],[-79.4602,43.6389],[-79.4623,43.6384],[-79.4644,43.6379],[-79.4665,43.6371],[-79.472,43.6347],[-79.4744,43.6333],[-79.4755,43.6326],[-79.4938,43.6187],[-79.4998,43.6148],[-79.5036,43.6127],[-79.5471,43.5911],[-79.5504,43.5891],[-79.5541,43.5863],[-79.591,43.5524],[-79.6332,43.5136],[-79.6372,43.5101],[-79.6402,43.5072],[-79.6418,43.5055],[-79.6782,43.4592],[-79.6803,43.4569],[-79.7837,43.3578],[-79.7855,43.3562],[-79.7875,43.3546],[-79.7909,43.3525],[-79.884,43.2951],[-79.8848,43.2945],[-79.8855,43.2939],[-79.8863,43.2929],[-79.8883,43.2899],[-79.8907,43.2859],[-79.891,43.2849],[-79.8911,43.2843],[-79.8905,43.2806],[-79.8902,43.2797],[-79.8898,43.2786],[-79.889,43.2772],[-79.8864,43.2734],[-79.885,43.272],[-79.8841,43.2713],[-79.8835,43.2709],[-79.8823,43.2706],[-79.8786,43.2695],[-79.8748,43.2688],[-79.7775,43.246],[-79.7635,43.2427],[-79.7586,43.2414],[-79.7553,43.2407],[-79.6143,43.2073],[-79.5137,43.1872],[-79.3939,43.1688],[-79.2564,43.1477],[-79.188,43.1371],[-79.1863,43.1369],[-79.1843,43.1368],[-79.1823,43.1369],[-79.1803,43.1371],[-79.1786,43.1374],[-79.1508,43.1446],[-79.1475,43.1452],[-79.1449,43.1454],[-79.1426,43.1453],[-79.1072,43.1427],[-79.103,43.142],[-79.1007,43.1414],[-79.0982,43.1406],[-79.0961,43.1395],[-79.0934,43.138],[-79.0903,43.1361],[-79.0883,43.1344],[-79.087,43.133],[-79.0853,43.1304],[-79.0765,43.1138],[-79.0756,43.1125],[-79.0744,43.1114],[-79.0731,43.1106],[-79.0724,43.1102],[-79.0705,43.1095],[-79.069,43.1092],[-79.0674,43.109],[-79.0658,43.109],[-79.0605,43.109],[-79.037,43.1121],[-79.031,43.1131],[-79.0276,43.114],[-79.0109,43.1167],[-79.0054,43.1171],[-78.9892,43.1199],[-78.9502,43.1262],[-78.9478,43.1264],[-78.946,43.1263],[-78.9437,43.1259],[-78.9426,43.1256],[-78.9413,43.1251],[-78.9317,43.1209],[-78.9301,43.12],[-78.9288,43.1192],[-78.9266,43.1175],[-78.9253,43.1161],[-78.924,43.1144],[-78.9233,43.1132],[-78.9228,43.112],[-78.9224,43.111],[-78.9222,43.1099],[-78.922,43.108],[-78.9219,43.0945],[-78.9221,43.0924],[-78.9221,43.0903],[-78.922,43.0737],[-78.9219,43.0727],[-78.9217,43.0714],[-78.9212,43.0699],[-78.9201,43.0679],[-78.9189,43.0665],[-78.918,43.0657],[-78.9161,43.0642],[-78.9145,43.0632],[-78.9039,43.0584],[-78.8976,43.0549],[-78.8966,43.0543],[-78.8936,43.052],[-78.8921,43.0508],[-78.8913,43.0498],[-78.8773,43.0273],[-78.8756,43.0252],[-78.8749,43.0245],[-78.8732,43.0234],[-78.8707,43.0211],[-78.8701,43.0203],[-78.8697,43.0195],[-78.869,43.0174],[-78.8682,43.0147],[-78.8682,43.014],[-78.8684,43.0132],[-78.8687,43.0126],[-78.8693,43.0119],[-78.8699,43.0114],[-78.8707,43.011],[-78.8717,43.0106],[-78.8727,43.0104],[-78.8788,43.0103],[-78.8797,43.0101],[-78.8805,43.0098],[-78.8811,43.0095],[-78.8816,43.009],[-78.8821,43.0085],[-78.8824,43.008],[-78.8958,42.9461],[-78.8961,42.9447],[-78.8986,42.9241],[-78.9009,42.9167],[-78.9013,42.915],[-78.9013,42.9132],[-78.901,42.9091],[-78.9009,42.9041],[-78.9008,42.9024],[-78.9007,42.9018],[-78.9005,42.9011],[-78.9001,42.9005],[-78.8995,42.8996],[-78.8828,42.8828],[-78.8787,42.8796],[-78.8738,42.8783],[-78.8616,42.8761],[-78.8594,42.8759],[-78.8583,42.876],[-78.857,42.8761],[-78.8556,42.8765],[-78.806,42.8976],[-78.8041,42.8983],[-78.803,42.8985],[-78.6298,42.9185],[-78.2242,42.9891],[-78.2151,42.989],[-78.1912,42.9839],[-78.1832,42.9836],[-78.1686,42.9852],[-78.1463,42.9939],[-78.1396,42.9982],[-78.096,43.0385],[-78.0883,43.0421],[-78.078,43.0432],[-77.9988,43.0703],[-77.8936,43.0996],[-77.8874,43.1007],[-77.8811,43.101],[-77.8697,43.0995],[-77.8611,43.1004],[-77.8488,43.1052],[-77.841,43.1073],[-77.8036,43.108],[-77.7875,43.1108],[-77.6967,43.1435],[-77.6304,43.1555],[-77.6206,43.1564],[-77.6084,43.1637],[-77.6019,43.1666],[-77.597,43.167],[-77.5901,43.1644],[-77.5633,43.1499],[-77.537,43.1416],[-77.5101,43.1222],[-77.4605,43.1081],[-77.4471,43.1052],[-77.4328,43.0996],[-77.4251,43.0947],[-77.414,43.0925],[-77.3738,43.0778],[-77.3661,43.0765],[-77.3345,43.0798],[-77.3185,43.0779],[-77.3111,43.0788],[-77.2842,43.0894],[-77.2768,43.0906],[-77.2459,43.0879],[-77.2406,43.0867],[-77.2365,43.0839],[-77.2263,43.0724],[-77.2181,43.0681],[-77.2021,43.0652],[-77.1937,43.0649],[-77.1882,43.0679],[-77.1733,43.0824],[-77.1554,43.0868],[-77.1496,43.0867],[-77.1329,43.0833],[-77.1283,43.0807],[-77.1199,43.0731],[-77.0778,43.0548],[-77.0684,43.0547],[-77.0476,43.0619],[-77.0404,43.0626],[-77.0336,43.0599],[-77.026,43.0591],[-77.0109,43.059],[-76.974,43.0557],[-76.9654,43.0572],[-76.9543,43.064],[-76.9525,43.0673],[-76.9532,43.0719],[-76.9512,43.0747],[-76.9469,43.0762],[-76.9314,43.0764],[-76.924,43.0777],[-76.8986,43.0866],[-76.8945,43.0874],[-76.8906,43.0872],[-76.8674,43.0812],[-76.8535,43.0695],[-76.847,43.067],[-76.8324,43.066],[-76.8157,43.0684],[-76.8011,43.0666],[-76.7685,43.0668],[-76.7586,43.0652],[-76.7342,43.0577],[-76.7242,43.0562],[-76.6398,43.0558],[-76.6116,43.0502],[-76.584,43.0507],[-76.5249,43.0684],[-76.406,43.0864],[-76.2831,43.0843],[-76.2753,43.0832],[-76.2026,43.0654],[-76.1916,43.0609],[-76.1859,43.0612],[-76.1809,43.0632],[-76.17,43.0771],[-76.1668,43.0804],[-76.1632,43.0833],[-76.1469,43.0882],[-76.137,43.0896],[-76.1294,43.0896],[-76.1133,43.0827],[-76.091,43.0695],[-76.0788,43.0646],[-76.0748,43.0632],[-76.0699,43.0627],[-76.0302,43.0706],[-75.9315,43.0828],[-75.8062,43.0767],[-75.793,43.0738],[-75.7306,43.0792],[-75.6728,43.1027],[-75.6074,43.1204],[-75.5894,43.1304],[-75.5786,43.1443],[-75.5513,43.1665],[-75.4874,43.197],[-75.4704,43.2003],[-75.4203,43.1993],[-75.3688,43.1859],[-75.3619,43.1818],[-75.3079,43.1447],[-75.2994,43.1336],[-75.2879,43.1242],[-75.2838,43.1218],[-75.2606,43.1125],[-75.255,43.1111],[-75.2229,43.1047],[-75.2131,43.1014],[-75.204,43.0994],[-75.1915,43.0971],[-75.186,43.0958],[-75.1702,43.0902],[-75.142,43.0841],[-75.096,43.0661],[-75.0625,43.0453],[-75.0516,43.0339],[-75.0419,43.0264],[-75.016,43.017],[-75.0052,43.0182],[-74.9872,43.0196],[-74.9592,43.0269],[-74.9511,43.0264],[-74.9288,43.0225],[-74.9,43.0218],[-74.8936,43.0228],[-74.8801,43.0272],[-74.8641,43.0394],[-74.8593,43.0415],[-74.8538,43.0424],[-74.8456,43.0413],[-74.8387,43.0369],[-74.8076,43.0299],[-74.8002,43.0276],[-74.7826,43.0164],[-74.7702,43.0113],[-74.7558,43.007],[-74.7177,42.9994],[-74.6627,42.9943],[-74.6567,42.9915],[-74.6473,42.9819],[-74.6284,42.9587],[-74.6202,42.9391],[-74.6095,42.9243],[-74.6004,42.9161],[-74.5855,42.9103],[-74.5795,42.9094],[-74.5682,42.9104],[-74.5477,42.9066],[-74.5301,42.8991],[-74.517,42.8956],[-74.5055,42.8965],[-74.4949,42.8989],[-74.472,42.8986],[-74.4676,42.9005],[-74.455,42.9137],[-74.4235,42.9314],[-74.4149,42.939],[-74.384,42.952],[-74.3744,42.9542],[-74.3654,42.9543],[-74.358,42.9525],[-74.3158,42.9381],[-74.3081,42.9373],[-74.3002,42.9383],[-74.2959,42.9403],[-74.2933,42.9445],[-74.2796,42.9526],[-74.2722,42.9549],[-74.2489,42.9575],[-74.2369,42.9562],[-74.2257,42.9562],[-74.2195,42.9535],[-74.1766,42.9256],[-74.1572,42.9216],[-74.14,42.9192],[-74.1157,42.9106],[-74.0994,42.9072],[-74.082,42.8967],[-74.0655,42.89],[-74.0521,42.8864],[-74.0367,42.8797],[-74.0283,42.8727],[-74.0197,42.8672],[-74.0128,42.8584],[-74.0085,42.8561],[-73.9788,42.8478],[-73.9665,42.8421],[-73.95,42.8323],[-73.9418,42.8195],[-73.9414,42.8181],[-73.9414,42.8169],[-73.9419,42.8155],[-73.9432,42.8137],[-73.9444,42.8128],[-73.949,42.8103],[-73.9498,42.8097],[-73.9504,42.809],[-73.9529,42.805],[-73.9542,42.8032],[-73.9561,42.8013],[-73.9571,42.7997],[-73.9574,42.798],[-73.9573,42.7968],[-73.9568,42.7958],[-73.9559,42.7946],[-73.9542,42.7935],[-73.935,42.7863],[-73.9306,42.7841],[-73.924,42.7786],[-73.8296,42.6985],[-73.8268,42.6963],[-73.8178,42.692],[-73.8135,42.6906],[-73.793,42.6868],[-73.7882,42.6857],[-73.7717,42.678],[-73.764,42.6724],[-73.7618,42.6717],[-73.7593,42.6718],[-73.757,42.6716],[-73.7546,42.6705],[-73.7517,42.6675],[-73.7483,42.6655],[-73.7469,42.6641],[-73.7465,42.6628],[-73.7471,42.6586],[-73.7467,42.6572],[-73.7438,42.6553],[-73.7391,42.6533],[-73.7382,42.6512],[-73.7404,42.646],[-73.7414,42.6415],[-73.7443,42.6308],[-73.7504,42.6012],[-73.7471,42.5731],[-73.7481,42.5523],[-73.7512,42.5404],[-73.7574,42.5308],[-73.7627,42.516],[-73.7675,42.4976],[-73.7705,42.4816],[-73.772,42.4688],[-73.7725,42.4566],[-73.7717,42.4426],[-73.7722,42.425],[-73.7746,42.415],[-73.7807,42.4004],[-73.7832,42.3906],[-73.7854,42.3861],[-73.7852,42.3645],[-73.7816,42.3517],[-73.7735,42.3418],[-73.7725,42.3344],[-73.7749,42.323],[-73.7742,42.3188],[-73.7698,42.3009],[-73.7706,42.296],[-73.7888,42.2647],[-73.7972,42.257],[-73.798,42.2542],[-73.7996,42.2519],[-73.8154,42.2468],[-73.8182,42.2453],[-73.8309,42.2326],[-73.8384,42.2216],[-73.8429,42.2166],[-73.8477,42.2072],[-73.8508,42.1891],[-73.8631,42.1754],[-73.8772,42.1675],[-73.8892,42.1545],[-73.8927,42.1494],[-73.8954,42.1392],[-73.8985,42.1326],[-73.9098,42.1186],[-73.914,42.112],[-73.916,42.0992],[-73.9194,42.0919],[-73.9246,42.061],[-73.928,42.0093],[-73.9438,41.9564],[-73.9459,41.9498],[-73.9428,41.9424],[-73.9445,41.9334],[-73.9545,41.9168],[-73.9555,41.9066],[-73.9555,41.9028],[-73.9521,41.8989],[-73.9321,41.879],[-73.9284,41.8731],[-73.9256,41.8627],[-73.9287,41.8522],[-73.9359,41.8427],[-73.9404,41.8309],[-73.9438,41.8013],[-73.9469,41.7869],[-73.9476,41.7731],[-73.9459,41.7677],[-73.939,41.7588],[-73.9359,41.7518],[-73.9349,41.7314],[-73.937,41.7249],[-73.9379,41.7069],[-73.937,41.7009],[-73.939,41.696],[-73.9366,41.6883],[-73.9397,41.6832],[-73.9431,41.6662],[-73.9414,41.6588],[-73.9431,41.6414],[-73.9459,41.6347],[-73.9483,41.6221],[-73.9442,41.6116],[-73.9445,41.5977],[-73.9469,41.5936],[-73.948,41.588],[-73.948,41.5777],[-73.9552,41.5669],[-73.9679,41.5564],[-73.974,41.5471],[-73.985,41.5191],[-73.9855,41.5157],[-73.9847,41.5034],[-73.9814,41.4903],[-73.9813,41.4858],[-73.9854,41.4639],[-73.9847,41.4574],[-73.9828,41.4499],[-73.9785,41.4427],[-73.9721,41.4369],[-73.961,41.4185],[-73.951,41.4089],[-73.9476,41.4048],[-73.943,41.3928],[-73.9449,41.3899],[-73.9486,41.3773],[-73.9536,41.3726],[-73.9564,41.3631],[-73.957,41.3483],[-73.9596,41.342],[-73.9649,41.3369],[-73.9763,41.3273],[-73.9794,41.3216],[-73.9795,41.3187],[-73.9776,41.3158],[-73.9698,41.3097],[-73.967,41.3057],[-73.9641,41.3031],[-73.9582,41.3017],[-73.9531,41.297],[-73.9344,41.2925],[-73.9304,41.2902],[-73.9296,41.287],[-73.9318,41.2844],[-73.9361,41.2804],[-73.938,41.2757],[-73.9373,41.2689],[-73.9325,41.2622],[-73.9277,41.2516],[-73.9231,41.2468],[-73.9206,41.2436],[-73.9217,41.2397],[-73.9267,41.2369],[-73.9291,41.2342],[-73.9289,41.2312],[-73.9267,41.2283],[-73.9148,41.2202],[-73.9105,41.2146],[-73.8965,41.2081],[-73.8913,41.2047],[-73.8863,41.1982],[-73.8826,41.1897],[-73.8719,41.1684],[-73.8686,41.1609],[-73.8688,41.152],[-73.8683,41.142],[-73.8662,41.1363],[-73.8678,41.1298],[-73.8673,41.1247],[-73.8693,41.1167],[-73.8681,41.1074],[-73.8692,41.1041],[-73.8698,41.0928],[-73.8686,41.0866],[-73.8652,41.0788],[-73.8652,41.0737],[-73.8702,41.0553],[-73.8704,41.047],[-73.8729,41.0419],[-73.877,41.0286],[-73.8764,41.0251],[-73.8793,41.0123],[-73.8825,41.0063],[-73.8834,41.0024],[-73.8848,40.986],[-73.8892,40.9717],[-73.8911,40.9647],[-73.897,40.9562],[-73.8999,40.9479],[-73.8992,40.9428],[-73.9,40.9393],[-73.9031,40.9346],[-73.9034,40.9339],[-73.9037,40.9326],[-73.904,40.9267],[-73.9046,40.9248],[-73.9053,40.9236],[-73.9068,40.9217],[-73.9081,40.9199],[-73.9087,40.9188],[-73.9101,40.9156],[-73.9111,40.913],[-73.9117,40.9104],[-73.9131,40.9061],[-73.919,40.8906],[-73.9199,40.8883],[-73.922,40.8836],[-73.9235,40.8805],[-73.9243,40.8795],[-73.9271,40.8769],[-73.928,40.8758],[-73.9297,40.873],[-73.9311,40.8696],[-73.9339,40.8645],[-73.9359,40.862],[-73.9378,40.859],[-73.9403,40.8561],[-73.9418,40.8537],[-73.9423,40.8532],[-73.9438,40.8517],[-73.945,40.8502],[-73.9456,40.8489],[-73.9459,40.8481],[-73.9459,40.8474],[-73.9456,40.8451],[-73.9456,40.8444],[-73.9457,40.8431],[-73.9462,40.8418],[-73.948,40.8387],[-73.9504,40.831],[-73.9512,40.8291],[-73.9521,40.8278],[-73.9582,40.8214],[-73.9613,40.8179],[-73.9632,40.8159],[-73.9637,40.8153],[-73.9661,40.8109],[-73.9686,40.8075],[-73.9698,40.8052],[-73.975,40.7978],[-73.9771,40.7949],[-73.9794,40.7925],[-73.9826,40.7876],[-73.9857,40.7826],[-73.9885,40.7772],[-73.9898,40.775],[-73.9899,40.7734],[-73.9903,40.7722],[-73.9913,40.7674],[-73.9917,40.7662],[-73.9939,40.763],[-73.9955,40.7609],[-73.9974,40.7589],[-73.9995,40.757],[-74.0015,40.7563],[-74.0027,40.7553],[-74.0028,40.7548],[-74.0025,40.7544],[-73.9928,40.7502]]}},{"type":"Feature","id":"111","properties":{"geometryId":"111","routeId":"8-119"},"geometry":{"type":"LineString","coordinates":[[-79.3803,43.6448],[-79.3735,43.6458],[-79.3615,43.6484],[-79.3566,43.6501],[-79.3558,43.6504],[-79.3517,43.6527],[-79.3511,43.6532],[-79.3509,43.6539],[-79.351,43.6543],[-79.3512,43.6546],[-79.3543,43.6574],[-79.3547,43.6579],[-79.358,43.6684],[-79.3586,43.6692],[-79.3622,43.6722],[-79.3629,43.6729],[-79.3638,43.6742],[-79.3646,43.676],[-79.365,43.6765],[-79.3673,43.6795],[-79.3676,43.6802],[-79.3676,43.6806],[-79.3675,43.681],[-79.3672,43.6817],[-79.3665,43.6823],[-79.3632,43.684],[-79.3629,43.6842],[-79.3624,43.6847],[-79.3622,43.6853],[-79.3621,43.6857],[-79.3622,43.6862],[-79.3628,43.6878],[-79.3628,43.6884],[-79.3626,43.6888],[-79.3609,43.6908],[-79.3601,43.6928],[-79.3597,43.6934],[-79.3567,43.6971],[-79.3558,43.6979],[-79.3552,43.6983],[-79.3541,43.6989],[-79.3522,43.6997],[-79.3506,43.7],[-79.3499,43.7001],[-79.3491,43.7002],[-79.3481,43.7001],[-79.3457,43.6994],[-79.3446,43.6992],[-79.3436,43.6992],[-79.342,43.6996],[-79.3411,43.7001],[-79.3341,43.7052],[-79.3306,43.7069],[-79.3254,43.7096],[-79.3246,43.7099],[-79.3212,43.711],[-79.3205,43.7114],[-79.3199,43.7121],[-79.3198,43.7125],[-79.3196,43.7146],[-79.3197,43.7153],[-79.3198,43.7156],[-79.3226,43.7216],[-79.3229,43.7226],[-79.3227,43.7238],[-79.3206,43.7281],[-79.3205,43.7289],[-79.3208,43.7296],[-79.3212,43.7299],[-79.3216,43.7302],[-79.3221,43.7304],[-79.3243,43.7309],[-79.3256,43.7313],[-79.3261,43.7315],[-79.3282,43.7331],[-79.3297,43.7337],[-79.3319,43.7343],[-79.333,43.7347],[-79.3335,43.7352],[-79.3338,43.7356],[-79.3341,43.7379],[-79.3345,43.7386],[-79.3367,43.7417],[-79.3374,43.7422],[-79.3377,43.7424],[-79.3386,43.7426],[-79.3422,43.7427],[-79.3447,43.7431],[-79.3465,43.7438],[-79.3474,43.7443],[-79.3483,43.745],[-79.3492,43.7458],[-79.3674,43.7689],[-79.3681,43.7702],[-79.3688,43.7735],[-79.3687,43.7743],[-79.3685,43.7749],[-79.3672,43.7779],[-79.367,43.7786],[-79.367,43.7799],[-79.3672,43.7813],[-79.3736,43.7989],[-79.3742,43.8],[-79.3769,43.8037],[-79.3775,43.8042],[-79.3851,43.8108],[-79.3975,43.8228],[-79.3982,43.8234],[-79.3993,43.8243],[-79.4011,43.8252],[-79.4026,43.8257],[-79.4106,43.8273],[-79.4119,43.8278],[-79.4133,43.8286],[-79.4179,43.8329],[-79.4219,43.8367],[-79.427,43.8428],[-79.4274,43.8435],[-79.4279,43.8451],[-79.4289,43.8493],[-79.429,43.8508],[-79.4286,43.8548],[-79.4284,43.8559],[-79.4251,43.8678],[-79.425,43.8685],[-79.4251,43.8693],[-79.427,43.876],[-79.4274,43.8766],[-79.4299,43.8791],[-79.4334,43.8843],[-79.434,43.8854],[-79.4344,43.8867],[-79.4345,43.8879],[-79.4344,43.8888],[-79.4278,43.9094],[-79.4273,43.9105],[-79.4266,43.9114],[-79.4256,43.9125],[-79.4177,43.9189],[-79.4169,43.9199],[-79.4136,43.9243],[-79.4128,43.9251],[-79.4117,43.926],[-79.408,43.9284],[-79.4076,43.9287],[-79.4069,43.9297],[-79.406,43.9316],[-79.4052,43.9325],[-79.4044,43.933],[-79.4039,43.9333],[-79.4001,43.9345],[-79.3992,43.935],[-79.3985,43.9354],[-79.398,43.9361],[-79.3978,43.9364],[-79.3976,43.9371],[-79.3976,43.9375],[-79.3977,43.9383],[-79.4,43.944],[-79.4003,43.9452],[-79.4004,43.9463],[-79.4004,43.9574],[-79.4002,43.9582],[-79.3996,43.959],[-79.3947,43.9642],[-79.3943,43.965],[-79.3942,43.9657],[-79.3944,43.9666],[-79.3971,43.9707],[-79.3975,43.9717],[-79.3976,43.9728],[-79.3969,43.98],[-79.3969,43.9817],[-79.3972,43.9826],[-79.3993,43.9866],[-79.3995,43.987],[-79.3994,43.9879],[-79.399,43.9887],[-79.391,43.9978],[-79.3896,43.9996],[-79.3863,44.0058],[-79.3738,44.0296],[-79.3728,44.0309],[-79.368,44.0351],[-79.3674,44.0359],[-79.3667,44.0368],[-79.3525,44.0629],[-79.3519,44.0645],[-79.3491,44.0738],[-79.3487,44.0748],[-79.3482,44.0756],[-79.3472,44.0768],[-79.3411,44.0824],[-79.3406,44.0829],[-79.3403,44.0835],[-79.3401,44.0842],[-79.3398,44.0861],[-79.3398,44.0868],[-79.3402,44.0876],[-79.3406,44.0882],[-79.341,44.0886],[-79.3449,44.0909],[-79.3463,44.092],[-79.3468,44.0927],[-79.347,44.0936],[-79.347,44.0943],[-79.3467,44.0949],[-79.3463,44.0955],[-79.3451,44.0963],[-79.3442,44.0966],[-79.3383,44.0984],[-79.3373,44.0988],[-79.3365,44.0994],[-79.336,44.1001],[-79.3315,44.1067],[-79.331,44.1077],[-79.3296,44.1108],[-79.3294,44.1112],[-79.3286,44.112],[-79.327,44.1131],[-79.3265,44.1138],[-79.3263,44.1144],[-79.3263,44.1151],[-79.3266,44.1192],[-79.3265,44.12],[-79.3263,44.1208],[-79.3259,44.1215],[-79.3253,44.1223],[-79.3204,44.1283],[-79.32,44.1289],[-79.3196,44.1297],[-79.3195,44.1306],[-79.3195,44.1315],[-79.3247,44.1633],[-79.3247,44.1644],[-79.3245,44.1654],[-79.3242,44.1661],[-79.3086,44.1911],[-79.3042,44.1984],[-79.3037,44.1993],[-79.3034,44.2003],[-79.3031,44.2023],[-79.3026,44.2033],[-79.2919,44.2164],[-79.2913,44.2175],[-79.2909,44.2183],[-79.2907,44.2194],[-79.2879,44.2448],[-79.2875,44.2465],[-79.287,44.2474],[-79.2865,44.2485],[-79.2857,44.2494],[-79.2848,44.2504],[-79.284,44.2511],[-79.2066,44.3104],[-79.2054,44.3114],[-79.2046,44.3123],[-79.204,44.313],[-79.2033,44.3146],[-79.2028,44.3163],[-79.2004,44.3398],[-79.2001,44.3411],[-79.1998,44.342],[-79.199,44.3437],[-79.1717,44.396],[-79.1708,44.3982],[-79.1688,44.4042],[-79.1593,44.4333],[-79.1586,44.4362],[-79.1568,44.45],[-79.156,44.4552],[-79.1559,44.4571],[-79.1559,44.4578],[-79.1564,44.463],[-79.1565,44.4635],[-79.1569,44.4648],[-79.1587,44.4691],[-79.1647,44.4847],[-79.1651,44.486],[-79.1652,44.4873],[-79.1651,44.488],[-79.165,44.4887],[-79.1646,44.4897],[-79.1638,44.4908],[-79.1626,44.4921],[-79.1582,44.4962],[-79.1574,44.4973],[-79.1567,44.4988],[-79.1545,44.5062],[-79.1544,44.5071],[-79.1544,44.508],[-79.1545,44.5086],[-79.1583,44.5223],[-79.1585,44.5228],[-79.1591,44.524],[-79.1608,44.526],[-79.1809,44.5459],[-79.1814,44.5465],[-79.1821,44.5475],[-79.1826,44.5486],[-79.2018,44.5941],[-79.2077,44.6081],[-79.2085,44.6099],[-79.2093,44.611],[-79.2102,44.612],[-79.2353,44.6351],[-79.2372,44.6366],[-79.2391,44.6378],[-79.2418,44.6391],[-79.2634,44.6472],[-79.2649,44.648],[-79.2657,44.6486],[-79.2661,44.649],[-79.2721,44.6565],[-79.2727,44.6575],[-79.273,44.6583],[-79.2731,44.6593],[-79.2725,44.6637],[-79.2725,44.6647],[-79.2727,44.6653],[-79.2733,44.6663],[-79.2789,44.6754],[-79.308,44.7154],[-79.3243,44.7398],[-79.3248,44.7404],[-79.3258,44.741],[-79.3323,44.7435],[-79.3335,44.7441],[-79.3341,44.7447],[-79.3344,44.7453],[-79.3345,44.7473],[-79.3347,44.7481],[-79.3351,44.7488],[-79.3355,44.7492],[-79.336,44.7495],[-79.3394,44.7509],[-79.3437,44.7538],[-79.3462,44.7562],[-79.3475,44.7571],[-79.3573,44.7635],[-79.3589,44.7643],[-79.3603,44.7649],[-79.3717,44.7692],[-79.3759,44.7707],[-79.3788,44.7715],[-79.3815,44.7721],[-79.3926,44.7742],[-79.3936,44.7745],[-79.3943,44.7749],[-79.3953,44.7756],[-79.3958,44.7764],[-79.3996,44.7875],[-79.4002,44.7886],[-79.4007,44.7894],[-79.4012,44.79],[-79.406,44.795],[-79.407,44.7958],[-79.4084,44.7963],[-79.4102,44.7966],[-79.4116,44.7967],[-79.4154,44.7965],[-79.4231,44.7976],[-79.4247,44.7982],[-79.429,44.8001],[-79.4313,44.8019],[-79.4323,44.8025],[-79.4328,44.8027],[-79.434,44.803],[-79.4449,44.8053],[-79.4457,44.8055],[-79.4468,44.8058],[-79.448,44.8065],[-79.4488,44.8072],[-79.4509,44.8095],[-79.4523,44.8107],[-79.4652,44.8185],[-79.4667,44.8192],[-79.4691,44.8199],[-79.4703,44.8204],[-79.4712,44.821],[-79.4728,44.8225],[-79.4734,44.8229],[-79.4886,44.8307],[-79.4892,44.8311],[-79.4902,44.8319],[-79.491,44.8328],[-79.4915,44.8338],[-79.4918,44.8361],[-79.4923,44.8371],[-79.4929,44.8377],[-79.4962,44.84],[-79.5015,44.8446],[-79.502,44.8451],[-79.5024,44.8458],[-79.5028,44.847],[-79.5029,44.8474],[-79.5028,44.8482],[-79.5025,44.8492],[-79.4983,44.8558],[-79.4977,44.8573],[-79.4973,44.8586],[-79.4971,44.8594],[-79.4969,44.8606],[-79.4967,44.8727],[-79.4947,44.8805],[-79.4945,44.8816],[-79.4951,44.8928],[-79.4952,44.8936],[-79.4955,44.8948],[-79.4959,44.8958],[-79.4966,44.8968],[-79.5013,44.9019],[-79.5018,44.9026],[-79.502,44.9034],[-79.5024,44.916],[-79.5026,44.917],[-79.5028,44.9174],[-79.5034,44.9186],[-79.5042,44.9194],[-79.5054,44.9204],[-79.5061,44.9207],[-79.5128,44.9238],[-79.5143,44.9248],[-79.5151,44.9256],[-79.5338,44.9461],[-79.5349,44.9472],[-79.5357,44.9478],[-79.5366,44.9484],[-79.5411,44.9508],[-79.5428,44.9519],[-79.5474,44.9562],[-79.5549,44.9611],[-79.556,44.9622],[-79.5564,44.9627],[-79.5569,44.9635],[-79.5592,44.9687],[-79.5593,44.9694],[-79.5594,44.9708],[-79.5596,44.9713],[-79.5599,44.9719],[-79.5607,44.9725],[-79.5673,44.9768],[-79.568,44.9773],[-79.5686,44.9781],[-79.5688,44.9784],[-79.5705,44.9832],[-79.5709,44.9839],[-79.5716,44.9847],[-79.5745,44.987],[-79.575,44.9875],[-79.5752,44.9879],[-79.5753,44.9884],[-79.5753,44.9889],[-79.5752,44.9892],[-79.5749,44.9898],[-79.5742,44.9903],[-79.5721,44.9913],[-79.5715,44.9919],[-79.571,44.9925],[-79.5707,44.9932],[-79.5689,44.9993],[-79.5689,45.0001],[-79.5692,45.0007],[-79.5718,45.0044],[-79.5724,45.005],[-79.5732,45.0054],[-79.5767,45.0068],[-79.5825,45.0095],[-79.5833,45.0098],[-79.5861,45.0106],[-79.5868,45.0109],[-79.5878,45.0114],[-79.5898,45.0127],[-79.5904,45.013],[-79.5932,45.0138],[-79.5965,45.0155],[-79.5992,45.0174],[-79.5999,45.018],[-79.6006,45.0191],[-79.6013,45.0197],[-79.6043,45.0212],[-79.6075,45.023],[-79.6085,45.0234],[-79.6106,45.0238],[-79.6114,45.0241],[-79.6123,45.0245],[-79.6132,45.0252],[-79.6167,45.0286],[-79.6176,45.0292],[-79.62,45.0303],[-79.6243,45.0331],[-79.6251,45.0335],[-79.6268,45.034],[-79.628,45.0346],[-79.6286,45.0351],[-79.6298,45.0361],[-79.6332,45.0386],[-79.635,45.0404],[-79.6354,45.0408],[-79.6367,45.0416],[-79.6401,45.0436],[-79.6406,45.0441],[-79.6409,45.0452],[-79.6411,45.0456],[-79.6418,45.0463],[-79.6449,45.0488],[-79.6486,45.0515],[-79.6495,45.0525],[-79.6518,45.0552],[-79.6542,45.0574],[-79.6547,45.0578],[-79.6557,45.0582],[-79.657,45.0585],[-79.663,45.0583],[-79.6691,45.0588],[-79.6701,45.059],[-79.6711,45.0593],[-79.6741,45.0605],[-79.6752,45.0609],[-79.6773,45.0623],[-79.6876,45.0693],[-79.6884,45.0698],[-79.6932,45.072],[-79.6944,45.0727],[-79.6952,45.0735],[-79.6958,45.0745],[-79.6972,45.0793],[-79.698,45.0808],[-79.6983,45.0814],[-79.6983,45.082],[-79.6983,45.0832],[-79.6984,45.0836],[-79.6987,45.0841],[-79.6991,45.0845],[-79.6997,45.0848],[-79.7054,45.087],[-79.7062,45.0874],[-79.7077,45.0887],[-79.7081,45.0891],[-79.7084,45.0896],[-79.7088,45.0903],[-79.7093,45.093],[-79.7098,45.0941],[-79.7106,45.095],[-79.713,45.0963],[-79.7136,45.097],[-79.7139,45.0977],[-79.7139,45.0984],[-79.7133,45.1005],[-79.7132,45.1009],[-79.7134,45.1017],[-79.7139,45.1023],[-79.7146,45.1029],[-79.7171,45.1042],[-79.7211,45.1057],[-79.7224,45.1063],[-79.7232,45.1069],[-79.7235,45.1072],[-79.7245,45.1088],[-79.7251,45.1093],[-79.7263,45.11],[-79.7294,45.1108],[-79.7308,45.1114],[-79.7315,45.1119],[-79.7322,45.1124],[-79.7341,45.1144],[-79.7347,45.1148],[-79.736,45.1155],[-79.7368,45.116],[-79.737,45.1163],[-79.7374,45.117],[-79.7382,45.1229],[-79.7384,45.1238],[-79.7388,45.1245],[-79.7397,45.1257],[-79.7424,45.1282],[-79.7464,45.1336],[-79.7469,45.1345],[-79.7499,45.1413],[-79.7505,45.142],[-79.7525,45.1433],[-79.7535,45.1442],[-79.7542,45.1451],[-79.7545,45.1466],[-79.7548,45.1473],[-79.7554,45.1479],[-79.7567,45.1487],[-79.7571,45.149],[-79.7581,45.1502],[-79.7584,45.1507],[-79.7588,45.1518],[-79.7593,45.1572],[-79.7601,45.1618],[-79.7606,45.1628],[-79.7628,45.166],[-79.7631,45.1666],[-79.7634,45.1675],[-79.7631,45.1689],[-79.763,45.1695],[-79.7631,45.1698],[-79.7635,45.1703],[-79.7638,45.1707],[-79.7642,45.171],[-79.7664,45.172],[-79.7679,45.1732],[-79.7694,45.1741],[-79.7703,45.1749],[-79.7707,45.1754],[-79.7708,45.1758],[-79.7715,45.1796],[-79.772,45.1807],[-79.775,45.1835],[-79.7767,45.1852],[-79.7814,45.1892],[-79.7825,45.1911],[-79.7829,45.1915],[-79.7833,45.1919],[-79.7852,45.1931],[-79.7874,45.1941],[-79.7882,45.1947],[-79.7928,45.2002],[-79.7931,45.2007],[-79.7939,45.2028],[-79.7943,45.2033],[-79.7962,45.2052],[-79.7987,45.2091],[-79.7994,45.2099],[-79.8015,45.2116],[-79.8031,45.2135],[-79.8038,45.2141],[-79.8047,45.2147],[-79.8087,45.2169],[-79.8095,45.2172],[-79.815,45.2194],[-79.816,45.2201],[-79.8188,45.2223],[-79.8191,45.2226],[-79.8194,45.2233],[-79.8195,45.2239],[-79.8194,45.2252],[-79.8196,45.2258],[-79.8215,45.2285],[-79.8236,45.2319],[-79.8241,45.2326],[-79.8251,45.2336],[-79.8286,45.2358],[-79.8292,45.2363],[-79.8298,45.2371],[-79.8302,45.2379],[-79.8317,45.2422],[-79.8324,45.2431],[-79.8349,45.2461],[-79.8353,45.2469],[-79.8355,45.2486],[-79.8359,45.2496],[-79.8362,45.25],[-79.8372,45.251],[-79.8378,45.2515],[-79.8411,45.2534],[-79.8419,45.2541],[-79.8422,45.2545],[-79.8425,45.2554],[-79.8433,45.2615],[-79.8433,45.262],[-79.8422,45.2726],[-79.8422,45.2736],[-79.8424,45.2743],[-79.8427,45.2746],[-79.8435,45.2751],[-79.8454,45.2758],[-79.8468,45.2766],[-79.8472,45.2769],[-79.8505,45.2806],[-79.8514,45.2813],[-79.852,45.2816],[-79.853,45.282],[-79.8537,45.2822],[-79.8558,45.2825],[-79.8571,45.2825],[-79.8584,45.2823],[-79.859,45.2822],[-79.865,45.2802],[-79.8663,45.28],[-79.8672,45.2801],[-79.8704,45.2806],[-79.8719,45.281],[-79.8742,45.2821],[-79.8774,45.2832],[-79.8791,45.284],[-79.8811,45.2848],[-79.882,45.2854],[-79.8832,45.2869],[-79.8838,45.2874],[-79.8845,45.2877],[-79.8866,45.2885],[-79.8876,45.289],[-79.8884,45.2897],[-79.8888,45.2901],[-79.8893,45.291],[-79.8897,45.2924],[-79.8902,45.2932],[-79.8909,45.2939],[-79.8921,45.2947],[-79.8932,45.2951],[-79.9003,45.2963],[-79.9011,45.2964],[-79.9034,45.2964],[-79.9046,45.2966],[-79.9058,45.2971],[-79.9063,45.2974],[-79.9066,45.2977],[-79.9082,45.2996],[-79.9086,45.3],[-79.9095,45.3005],[-79.9101,45.3007],[-79.9111,45.3009],[-79.9155,45.3008],[-79.9167,45.301],[-79.9171,45.3011],[-79.9179,45.3016],[-79.9188,45.3025],[-79.9195,45.3029],[-79.923,45.3047],[-79.924,45.305],[-79.9245,45.3052],[-79.9261,45.3053],[-79.9318,45.3053],[-79.9327,45.3052],[-79.9338,45.3049],[-79.9349,45.3044],[-79.938,45.3019],[-79.9392,45.3011],[-79.9399,45.3008],[-79.9405,45.3007],[-79.9424,45.3005],[-79.9476,45.3011],[-79.9488,45.3014],[-79.9499,45.3019],[-79.9523,45.3033],[-79.9533,45.3038],[-79.9582,45.3056],[-79.96,45.3065],[-79.9622,45.3079],[-79.9636,45.3084],[-79.9645,45.3085],[-79.9652,45.3085],[-79.9704,45.3078],[-79.9723,45.3079],[-79.9747,45.3083],[-79.9756,45.3084],[-79.9771,45.3084],[-79.9799,45.308],[-79.9806,45.308],[-79.9818,45.3082],[-79.9831,45.3088],[-79.9877,45.3115],[-79.9885,45.3121],[-79.9894,45.3131],[-79.9896,45.3136],[-79.9898,45.3143],[-79.9905,45.3177],[-79.9906,45.3183],[-79.9907,45.3209],[-79.9908,45.3214],[-79.9913,45.3222],[-79.992,45.323],[-79.9925,45.3233],[-79.995,45.3245],[-80.0175,45.3338],[-80.0339,45.3414],[-80.0359,45.3424],[-80.0369,45.3432],[-80.0372,45.3435],[-80.0376,45.3441],[-80.0379,45.3451],[-80.0379,45.348],[-80.038,45.3489],[-80.0382,45.3494],[-80.0387,45.3504],[-80.0392,45.351],[-80.0396,45.3514],[-80.0407,45.3522],[-80.0413,45.3526],[-80.0546,45.3595],[-80.0572,45.3625],[-80.0573,45.3643],[-80.0571,45.366],[-80.0565,45.3678],[-80.0547,45.3713],[-80.0539,45.373],[-80.0534,45.3749],[-80.0532,45.3767],[-80.054,45.3784],[-80.0566,45.3815],[-80.0576,45.3831],[-80.0575,45.385],[-80.0567,45.3867],[-80.0568,45.3886],[-80.058,45.3942],[-80.0589,45.396],[-80.0603,45.3978],[-80.0622,45.3993],[-80.0646,45.4007],[-80.0675,45.4016],[-80.0738,45.4026],[-80.0763,45.4032],[-80.0793,45.4046],[-80.0818,45.4059],[-80.0993,45.4179],[-80.1036,45.4211],[-80.1114,45.428],[-80.116,45.4308],[-80.1272,45.4344],[-80.1301,45.4352],[-80.1394,45.4357],[-80.1506,45.4385],[-80.1482,45.4379],[-80.1538,45.4397],[-80.1564,45.441],[-80.1631,45.4456],[-80.1654,45.447],[-80.175,45.4513],[-80.1773,45.4525],[-80.1826,45.4571],[-80.2048,45.4799],[-80.2071,45.4816],[-80.2098,45.4829],[-80.2342,45.4921],[-80.2375,45.493],[-80.2442,45.4941],[-80.2474,45.4948],[-80.2504,45.496],[-80.253,45.4976],[-80.3127,45.5395],[-80.3208,45.5465],[-80.3225,45.5481],[-80.3236,45.5499],[-80.326,45.5579],[-80.3277,45.5596],[-80.3327,45.5618],[-80.3371,45.5645],[-80.3416,45.5666],[-80.342,45.5669],[-80.3446,45.568],[-80.3501,45.5696],[-80.3527,45.5706],[-80.3619,45.5756],[-80.3639,45.5771],[-80.367,45.5807],[-80.368,45.5826],[-80.3688,45.5866],[-80.3694,45.5886],[-80.3703,45.5905],[-80.3715,45.5923],[-80.3731,45.594],[-80.3766,45.5971],[-80.378,45.5989],[-80.3791,45.6007],[-80.3818,45.6063],[-80.3831,45.6103],[-80.3844,45.6121],[-80.3866,45.6134],[-80.3914,45.6159],[-80.3935,45.6172],[-80.4001,45.6227],[-80.4015,45.6242],[-80.4026,45.6257],[-80.4062,45.6281],[-80.4079,45.6294],[-80.4093,45.6309],[-80.411,45.6324],[-80.4129,45.6335],[-80.4217,45.6375],[-80.4234,45.6392],[-80.4246,45.6432],[-80.426,45.645],[-80.4346,45.6507],[-80.4395,45.6555],[-80.4414,45.657],[-80.446,45.6597],[-80.4508,45.6619],[-80.4524,45.6635],[-80.4591,45.6722],[-80.4661,45.6796],[-80.4691,45.6838],[-80.4758,45.6947],[-80.4771,45.6969],[-80.479,45.7014],[-80.5014,45.7403],[-80.5022,45.7418],[-80.5153,45.7717],[-80.5162,45.7734],[-80.5181,45.7746],[-80.5208,45.7752],[-80.5286,45.7753],[-80.5311,45.7758],[-80.534,45.7787],[-80.5399,45.7884],[-80.5409,45.7905],[-80.541,45.7924],[-80.5404,45.7942],[-80.5357,45.801],[-80.5354,45.8027],[-80.5362,45.8044],[-80.5387,45.8076],[-80.5392,45.8094],[-80.5384,45.8147],[-80.5386,45.8166],[-80.5396,45.8184],[-80.5518,45.8294],[-80.5531,45.8312],[-80.5593,45.8485],[-80.5596,45.8505],[-80.5587,45.8563],[-80.5585,45.8582],[-80.5623,45.8719],[-80.5622,45.8738],[-80.5606,45.8757],[-80.551,45.88],[-80.5491,45.8816],[-80.5471,45.8831],[-80.5363,45.8862],[-80.5337,45.8873],[-80.532,45.8882],[-80.5296,45.8901],[-80.5236,45.8969],[-80.5227,45.8988],[-80.5223,45.9007],[-80.5224,45.9026],[-80.5235,45.9065],[-80.5239,45.9084],[-80.5233,45.9104],[-80.5217,45.9142],[-80.5211,45.9162],[-80.5212,45.918],[-80.5239,45.9259],[-80.5239,45.9279],[-80.5174,45.9476],[-80.5162,45.9497],[-80.5145,45.9514],[-80.5135,45.9533],[-80.5139,45.9553],[-80.5153,45.9572],[-80.5157,45.9592],[-80.5166,45.9666],[-80.5174,45.9683],[-80.5189,45.9698],[-80.5211,45.9708],[-80.5366,45.9759],[-80.5392,45.9769],[-80.5416,45.9781],[-80.5435,45.9797],[-80.5448,45.9815],[-80.546,45.9834],[-80.5499,45.9865],[-80.5515,45.9882],[-80.5553,45.9978],[-80.5561,46.0017],[-80.557,46.0037],[-80.5657,46.0138],[-80.5669,46.0156],[-80.5686,46.0193],[-80.5701,46.021],[-80.5771,46.0245],[-80.5793,46.0258],[-80.5854,46.03],[-80.5906,46.0343],[-80.598,46.0395],[-80.5985,46.04],[-80.6006,46.0414],[-80.6055,46.0438],[-80.6076,46.045],[-80.6124,46.0496],[-80.6145,46.0509],[-80.6168,46.0519],[-80.6186,46.0534],[-80.644,46.0789],[-80.6592,46.0964],[-80.6594,46.0968],[-80.6599,46.0979],[-80.66,46.099],[-80.6597,46.1062],[-80.6597,46.1069],[-80.66,46.1083],[-80.6604,46.1091],[-80.6609,46.1099],[-80.6768,46.127],[-80.6782,46.1288],[-80.6859,46.142],[-80.6871,46.1437],[-80.6888,46.1453],[-80.6952,46.1489],[-80.6971,46.1503],[-80.7053,46.1581],[-80.7068,46.1597],[-80.7078,46.1616],[-80.708,46.1635],[-80.7079,46.1655],[-80.708,46.1675],[-80.7089,46.1693],[-80.7117,46.1727],[-80.7127,46.1744],[-80.7132,46.1781],[-80.7138,46.18],[-80.7151,46.1816],[-80.7166,46.1832],[-80.7181,46.1848],[-80.7201,46.1883],[-80.7208,46.19],[-80.7206,46.1917],[-80.7186,46.1944],[-80.7183,46.1958],[-80.7188,46.1972],[-80.7288,46.2073],[-80.735,46.2125],[-80.7365,46.2139],[-80.7417,46.2197],[-80.7428,46.2213],[-80.7445,46.2245],[-80.7451,46.2262],[-80.7447,46.228],[-80.7433,46.2294],[-80.7421,46.231],[-80.7421,46.2327],[-80.7431,46.2344],[-80.7451,46.2355],[-80.7476,46.236],[-80.7581,46.2372],[-80.7604,46.2381],[-80.7618,46.2397],[-80.7663,46.2459],[-80.7677,46.2473],[-80.7694,46.2486],[-80.7708,46.25],[-80.7728,46.2532],[-80.7741,46.2547],[-80.7757,46.256],[-80.7813,46.2593],[-80.7827,46.2607],[-80.7831,46.2624],[-80.7823,46.2658],[-80.7823,46.2731],[-80.7817,46.277],[-80.7819,46.2789],[-80.7827,46.2808],[-80.7887,46.2913],[-80.7984,46.3162],[-80.7988,46.318],[-80.7988,46.3199],[-80.7986,46.3218],[-80.7969,46.3272],[-80.7959,46.3308],[-80.7955,46.3327],[-80.795,46.3363],[-80.7946,46.3431],[-80.7934,46.3488],[-80.7934,46.3503],[-80.7941,46.3518],[-80.7972,46.356],[-80.7983,46.3573],[-80.7991,46.3587],[-80.8001,46.3601],[-80.8018,46.361],[-80.8038,46.3616],[-80.8056,46.3624],[-80.8069,46.3636],[-80.8075,46.365],[-80.8075,46.3665],[-80.8066,46.3695],[-80.8065,46.3711],[-80.8071,46.3726],[-80.81,46.3768],[-80.8119,46.3791],[-80.8126,46.3801],[-80.8131,46.3811],[-80.8132,46.3819],[-80.8132,46.3828],[-80.813,46.3835],[-80.8127,46.384],[-80.8124,46.3844],[-80.8105,46.3856],[-80.8055,46.3877],[-80.8049,46.388],[-80.8044,46.3884],[-80.8039,46.3889],[-80.7994,46.3937],[-80.7989,46.3945],[-80.7986,46.3953],[-80.7982,46.3985],[-80.7982,46.3991],[-80.7984,46.3998],[-80.7987,46.4005],[-80.7991,46.4012],[-80.8019,46.4049],[-80.8029,46.4059],[-80.8037,46.4064],[-80.8047,46.4069],[-80.8063,46.4073],[-80.8089,46.4079],[-80.8097,46.408],[-80.8105,46.4081],[-80.8118,46.4079],[-80.8169,46.4064],[-80.8177,46.4063],[-80.8187,46.4064],[-80.8194,46.4066],[-80.8202,46.407],[-80.8234,46.4093],[-80.8239,46.4098],[-80.8251,46.4114],[-80.8255,46.4124],[-80.8256,46.4134],[-80.8255,46.4164],[-80.8256,46.4171],[-80.8258,46.4178],[-80.831,46.4293],[-80.832,46.431],[-80.8407,46.4437],[-80.8411,46.4443],[-80.8413,46.4452],[-80.8413,46.4457],[-80.841,46.4473],[-80.8411,46.4479],[-80.8413,46.4486],[-80.8426,46.4509],[-80.8448,46.4532],[-80.8451,46.4541],[-80.8451,46.455],[-80.8447,46.4558],[-80.8443,46.4564],[-80.8437,46.4568],[-80.8428,46.4573],[-80.8388,46.4589],[-80.8379,46.4594],[-80.837,46.4599],[-80.8337,46.4628],[-80.8326,46.4635],[-80.8308,46.4644],[-80.8302,46.4648],[-80.8298,46.4653],[-80.8296,46.4658],[-80.8296,46.4663],[-80.8298,46.4679],[-80.8298,46.4686],[-80.8295,46.4695],[-80.829,46.4704],[-80.828,46.4715],[-80.8221,46.4757],[-80.8215,46.4763],[-80.8211,46.4768],[-80.8209,46.4773],[-80.8209,46.4778],[-80.8211,46.4785],[-80.8236,46.4822],[-80.8242,46.4828],[-80.825,46.4833],[-80.8258,46.4836],[-80.8293,46.4843],[-80.8307,46.4848],[-80.8316,46.4853],[-80.8418,46.4932],[-80.8422,46.4936],[-80.8429,46.4945],[-80.8433,46.4953],[-80.8436,46.4963],[-80.8436,46.4973],[-80.8435,46.4982],[-80.8427,46.5002],[-80.8397,46.5075],[-80.8394,46.5088],[-80.839,46.5111],[-80.839,46.5118],[-80.8394,46.5126],[-80.84,46.5132],[-80.8406,46.5137],[-80.8418,46.5142],[-80.8431,46.5144],[-80.8627,46.517],[-80.8644,46.5172],[-80.8667,46.5172],[-80.8814,46.5152],[-80.8826,46.5152],[-80.8837,46.5154],[-80.8852,46.516],[-80.9014,46.5243],[-80.9085,46.5284],[-80.9104,46.5297],[-80.9122,46.5314],[-80.9136,46.5332],[-80.9238,46.55],[-80.9253,46.5521],[-80.9305,46.557],[-80.9318,46.5587],[-80.9325,46.5604],[-80.933,46.5671],[-80.9334,46.5687],[-80.9344,46.5701],[-80.9369,46.5727],[-80.9376,46.5742],[-80.9377,46.5758],[-80.9378,46.5789],[-80.9382,46.5803],[-80.9394,46.5816],[-80.9433,46.5853],[-80.9438,46.5868],[-80.9429,46.5882],[-80.9416,46.5896],[-80.9409,46.591],[-80.9399,46.5945],[-80.9387,46.5962],[-80.9344,46.5985],[-80.9329,46.6001],[-80.9322,46.602],[-80.9308,46.6084],[-80.9247,46.6529],[-80.9168,46.6841],[-80.9171,46.6859],[-80.9212,46.6946],[-80.9219,46.6957],[-80.9243,46.6984],[-80.9249,46.6993],[-80.9253,46.7003],[-80.9254,46.7033],[-80.9253,46.7043],[-80.925,46.7051],[-80.9233,46.7087],[-80.9234,46.7093],[-80.9239,46.7099],[-80.9245,46.7103],[-80.9492,46.7142],[-80.9503,46.7147],[-80.9512,46.7152],[-80.9519,46.7159],[-80.9522,46.7168],[-80.9521,46.7177],[-80.9504,46.7249],[-80.9503,46.7257],[-80.9505,46.7268],[-80.9514,46.7299],[-80.9513,46.7319],[-80.9502,46.7359],[-80.9501,46.7381],[-80.9504,46.7399],[-80.952,46.7478],[-80.9517,46.7498],[-80.951,46.7517],[-80.9507,46.7538],[-80.9509,46.7559],[-80.9504,46.766],[-80.9498,46.7679],[-80.9492,46.7752],[-80.95,46.7769],[-80.9513,46.7786],[-80.9516,46.7804],[-80.9509,46.7821],[-80.9505,46.784],[-80.9502,46.7859],[-80.9498,46.7899],[-80.9507,46.794],[-80.9503,46.796],[-80.9497,46.798],[-80.9495,46.8001],[-80.9501,46.8021],[-80.9516,46.8039],[-80.9532,46.8056],[-80.9541,46.8076],[-80.9548,46.8095],[-80.9558,46.8113],[-80.9589,46.8165],[-80.9594,46.8182],[-80.959,46.8218],[-80.9592,46.8237],[-80.9613,46.827],[-80.962,46.8288],[-80.9633,46.834],[-80.9639,46.8357],[-80.9643,46.8363],[-80.9655,46.8376],[-80.9666,46.8384],[-80.9723,46.8416],[-80.9733,46.8423],[-80.9738,46.843],[-80.9755,46.8462],[-80.9763,46.847],[-80.9771,46.8477],[-80.9784,46.8485],[-80.9791,46.8488],[-80.9824,46.8499],[-80.9835,46.8504],[-80.9841,46.8507],[-80.985,46.8513],[-80.9857,46.8521],[-80.9871,46.8543],[-80.9879,46.8552],[-80.9894,46.8564],[-80.9909,46.8581],[-80.9917,46.8588],[-80.9948,46.8607],[-80.9954,46.8613],[-80.9958,46.862],[-80.9961,46.8631],[-80.9969,46.8709],[-80.9969,46.8722],[-80.9965,46.8732],[-80.9951,46.8755],[-80.9942,46.8761],[-80.9927,46.8768],[-80.992,46.8771],[-80.9913,46.8778],[-80.991,46.8784],[-80.991,46.8792],[-80.9913,46.8805],[-80.9914,46.8811],[-80.9913,46.8816],[-80.9908,46.883],[-80.9908,46.8846],[-80.9904,46.8876],[-80.9896,46.8894],[-80.9895,46.8899],[-80.9898,46.8907],[-80.9906,46.8913],[-80.9915,46.8918],[-80.9925,46.892],[-80.9935,46.8919],[-80.9942,46.8918],[-80.9949,46.8916],[-80.9977,46.8901],[-80.9988,46.8896],[-80.9996,46.8894],[-81.0003,46.8893],[-81.001,46.8894],[-81.0017,46.8895],[-81.0024,46.8898],[-81.0032,46.8903],[-81.0062,46.8935],[-81.0069,46.8941],[-81.0115,46.8964],[-81.0122,46.8967],[-81.0133,46.8968],[-81.018,46.8968],[-81.0187,46.8968],[-81.0196,46.897],[-81.0202,46.8972],[-81.0212,46.8977],[-81.0224,46.8988],[-81.0237,46.9002],[-81.0249,46.9008],[-81.0261,46.9011],[-81.0308,46.9017],[-81.0337,46.9018],[-81.0348,46.902],[-81.0392,46.9034],[-81.0401,46.9039],[-81.041,46.9045],[-81.0429,46.9054],[-81.0435,46.9057],[-81.0442,46.9064],[-81.0444,46.9068],[-81.0447,46.9077],[-81.0446,46.9086],[-81.0437,46.9107],[-81.0436,46.9114],[-81.0445,46.9148],[-81.0455,46.9201],[-81.0459,46.9209],[-81.0468,46.9222],[-81.0487,46.925],[-81.0494,46.9255],[-81.0503,46.9258],[-81.0532,46.9262],[-81.0538,46.9264],[-81.0546,46.9268],[-81.0556,46.9277],[-81.0604,46.9322],[-81.0627,46.9351],[-81.0673,46.9399],[-81.0679,46.9403],[-81.0689,46.9408],[-81.0695,46.9412],[-81.07,46.9419],[-81.0705,46.9432],[-81.071,46.9438],[-81.0721,46.9445],[-81.0745,46.9453],[-81.0756,46.946],[-81.0759,46.9463],[-81.0762,46.9469],[-81.0765,46.9483],[-81.0767,46.949],[-81.0771,46.9495],[-81.0789,46.9511],[-81.0792,46.9515],[-81.0796,46.9522],[-81.0807,46.9546],[-81.0811,46.9553],[-81.0813,46.9557],[-81.0821,46.9563],[-81.0831,46.9569],[-81.0843,46.9573],[-81.0863,46.9577],[-81.0871,46.9581],[-81.0877,46.9586],[-81.088,46.9589],[-81.0883,46.9595],[-81.0888,46.9616],[-81.0889,46.9619],[-81.0893,46.9624],[-81.0902,46.9631],[-81.0926,46.9642],[-81.0934,46.9647],[-81.0953,46.9673],[-81.0957,46.9682],[-81.0961,46.9697],[-81.0967,46.9705],[-81.0991,46.9729],[-81.1012,46.974],[-81.102,46.9746],[-81.104,46.9773],[-81.1052,46.9785],[-81.1133,46.9843],[-81.1144,46.985],[-81.1156,46.9856],[-81.1237,46.9886],[-81.1257,46.9891],[-81.1285,46.9896],[-81.1298,46.99],[-81.1397,46.9934],[-81.1411,46.994],[-81.1465,46.9974],[-81.1491,46.9986],[-81.1525,46.9998],[-81.1608,47.0023],[-81.1621,47.0028],[-81.1631,47.0034],[-81.1638,47.0041],[-81.1643,47.005],[-81.1653,47.0077],[-81.1659,47.0084],[-81.167,47.009],[-81.1761,47.0129],[-81.1812,47.0145],[-81.1829,47.0155],[-81.184,47.0164],[-81.1847,47.0169],[-81.1888,47.0185],[-81.19,47.0187],[-81.191,47.0188],[-81.1938,47.0185],[-81.1947,47.0186],[-81.1952,47.0187],[-81.1961,47.019],[-81.1977,47.02],[-81.1985,47.0206],[-81.1992,47.0215],[-81.201,47.025],[-81.2014,47.0256],[-81.202,47.0261],[-81.2046,47.0274],[-81.2057,47.0281],[-81.2061,47.0285],[-81.2071,47.0299],[-81.2078,47.0305],[-81.2122,47.0326],[-81.2132,47.0332],[-81.2135,47.0335],[-81.2147,47.0353],[-81.2155,47.0362],[-81.2165,47.0371],[-81.2215,47.041],[-81.222,47.0415],[-81.223,47.0426],[-81.2238,47.0438],[-81.2242,47.0448],[-81.2245,47.0458],[-81.2248,47.0473],[-81.2261,47.058],[-81.226,47.0588],[-81.2254,47.0601],[-81.2254,47.0604],[-81.2254,47.061],[-81.2258,47.0617],[-81.2268,47.063],[-81.2271,47.0635],[-81.2273,47.0641],[-81.2272,47.0652],[-81.2273,47.0658],[-81.2289,47.0687],[-81.2302,47.073],[-81.23,47.0747],[-81.2303,47.0756],[-81.2322,47.0777],[-81.233,47.0784],[-81.2338,47.0788],[-81.2362,47.0795],[-81.2373,47.0799],[-81.2383,47.0804],[-81.2389,47.081],[-81.2394,47.0817],[-81.2398,47.0824],[-81.2408,47.0888],[-81.241,47.0894],[-81.2415,47.0901],[-81.2421,47.0908],[-81.2453,47.0932],[-81.2501,47.0984],[-81.2512,47.0992],[-81.2532,47.1003],[-81.2541,47.1009],[-81.2545,47.1013],[-81.2579,47.1054],[-81.2589,47.1063],[-81.2601,47.1072],[-81.2626,47.1084],[-81.2631,47.1088],[-81.2693,47.116],[-81.27,47.117],[-81.2702,47.1176],[-81.2699,47.1199],[-81.2699,47.1208],[-81.2702,47.1214],[-81.2708,47.1221],[-81.2717,47.1227],[-81.2766,47.1256],[-81.2772,47.1259],[-81.2802,47.1271],[-81.2809,47.1276],[-81.2814,47.1282],[-81.2821,47.1303],[-81.283,47.1314],[-81.284,47.1325],[-81.2854,47.1346],[-81.2862,47.1353],[-81.2871,47.1357],[-81.2876,47.1358],[-81.2909,47.1363],[-81.2923,47.1367],[-81.2978,47.1394],[-81.3019,47.1407],[-81.303,47.1413],[-81.304,47.1422],[-81.3043,47.1429],[-81.3071,47.1505],[-81.3075,47.1514],[-81.3082,47.1524],[-81.3089,47.1532],[-81.3099,47.154],[-81.3105,47.1543],[-81.3114,47.1547],[-81.3126,47.155],[-81.3224,47.1559],[-81.3238,47.1562],[-81.3253,47.1566],[-81.3286,47.1583],[-81.3298,47.1587],[-81.3304,47.1588],[-81.3325,47.1588],[-81.3345,47.1585],[-81.3389,47.1574],[-81.3396,47.1572],[-81.3408,47.1571],[-81.3431,47.1573],[-81.3461,47.1581],[-81.3473,47.1583],[-81.3539,47.1583],[-81.3552,47.1584],[-81.3557,47.1585],[-81.3566,47.159],[-81.3581,47.1604],[-81.3588,47.1609],[-81.3606,47.1615],[-81.3615,47.162],[-81.3619,47.1622],[-81.3635,47.1639],[-81.3646,47.1649],[-81.3759,47.172],[-81.3766,47.1726],[-81.3779,47.1742],[-81.3784,47.1745],[-81.3794,47.1748],[-81.3799,47.175],[-81.385,47.1755],[-81.3859,47.1758],[-81.3866,47.1762],[-81.3872,47.1767],[-81.3875,47.1773],[-81.3877,47.1779],[-81.389,47.1848],[-81.3892,47.1857],[-81.39,47.1872],[-81.3907,47.1881],[-81.3915,47.189],[-81.404,47.1998],[-81.4058,47.2019],[-81.4121,47.2096],[-81.4129,47.2108],[-81.4141,47.2135],[-81.4147,47.2143],[-81.416,47.2156],[-81.4166,47.2164],[-81.4168,47.217],[-81.4206,47.2306],[-81.4211,47.2319],[-81.4221,47.2331],[-81.4225,47.2335],[-81.425,47.2353],[-81.4254,47.2357],[-81.4261,47.2366],[-81.4266,47.2375],[-81.4273,47.2384],[-81.4284,47.2392],[-81.4295,47.2396],[-81.4306,47.2399],[-81.4347,47.2404],[-81.4363,47.2408],[-81.4375,47.2412],[-81.4468,47.2456],[-81.4476,47.2461],[-81.449,47.2472],[-81.4589,47.255],[-81.4599,47.2557],[-81.4612,47.2565],[-81.4621,47.2569],[-81.473,47.2613],[-81.4742,47.2619],[-81.4747,47.2623],[-81.4754,47.263],[-81.4762,47.264],[-81.4832,47.2773],[-81.4836,47.278],[-81.4895,47.286],[-81.4902,47.2872],[-81.4904,47.2879],[-81.4905,47.2887],[-81.4895,47.295],[-81.4894,47.2963],[-81.4895,47.2977],[-81.4898,47.2992],[-81.4901,47.3004],[-81.4909,47.302],[-81.4916,47.3032],[-81.4964,47.3105],[-81.4977,47.3118],[-81.5121,47.3229],[-81.5134,47.3238],[-81.5155,47.325],[-81.5176,47.3261],[-81.5308,47.3319],[-81.5315,47.3323],[-81.5325,47.333],[-81.5379,47.3392],[-81.5391,47.3402],[-81.5414,47.3416],[-81.5421,47.3423],[-81.5425,47.3428],[-81.5481,47.3543],[-81.5483,47.3551],[-81.5484,47.3561],[-81.5475,47.3592],[-81.5474,47.3598],[-81.5473,47.361],[-81.5476,47.3635],[-81.5481,47.3666],[-81.5478,47.3699],[-81.5479,47.371],[-81.5483,47.3734],[-81.5483,47.3742],[-81.5482,47.3746],[-81.5479,47.3755],[-81.5441,47.3821],[-81.5435,47.3834],[-81.5433,47.3845],[-81.5432,47.3856],[-81.5432,47.3862],[-81.5435,47.3892],[-81.5434,47.3904],[-81.543,47.3915],[-81.5427,47.3921],[-81.5412,47.3945],[-81.5405,47.3958],[-81.5402,47.397],[-81.5401,47.3975],[-81.5402,47.3988],[-81.5404,47.4007],[-81.5408,47.402],[-81.5414,47.403],[-81.5418,47.4035],[-81.5446,47.4066],[-81.5448,47.407],[-81.545,47.4074],[-81.545,47.4082],[-81.5447,47.409],[-81.5443,47.4094],[-81.5439,47.4098],[-81.5413,47.4111],[-81.5408,47.4115],[-81.5403,47.4121],[-81.54,47.4125],[-81.5399,47.413],[-81.5398,47.4135],[-81.5399,47.414],[-81.5403,47.4149],[-81.541,47.4156],[-81.5415,47.416],[-81.543,47.4169],[-81.5443,47.4174],[-81.5516,47.4198],[-81.5539,47.4209],[-81.5555,47.4221],[-81.5572,47.4238],[-81.5658,47.436],[-81.5665,47.4368],[-81.5673,47.4374],[-81.5686,47.4381],[-81.5981,47.4527],[-81.5994,47.4534],[-81.6001,47.454],[-81.6222,47.4727],[-81.6238,47.4742],[-81.6245,47.476],[-81.6247,47.4778],[-81.6254,47.4795],[-81.6267,47.4809],[-81.6286,47.4819],[-81.6308,47.4824],[-81.6379,47.4832],[-81.6433,47.492],[-81.643,47.4936],[-81.6439,47.4951],[-81.6456,47.4963],[-81.6494,47.4984],[-81.6512,47.4996],[-81.6526,47.501],[-81.6546,47.5021],[-81.6568,47.5024],[-81.6652,47.5022],[-81.6677,47.5026],[-81.6698,47.5037],[-81.6711,47.5051],[-81.6719,47.5067],[-81.6729,47.5111],[-81.6735,47.5125],[-81.6748,47.5136],[-81.6767,47.5143],[-81.6787,47.5147],[-81.6805,47.5155],[-81.6815,47.5168],[-81.6848,47.5227],[-81.6855,47.5243],[-81.6855,47.526],[-81.685,47.5294],[-81.6846,47.5311],[-81.6817,47.5389],[-81.6815,47.5401],[-81.6818,47.5485],[-81.6821,47.55],[-81.6824,47.5506],[-81.6834,47.5522],[-81.6902,47.5596],[-81.6906,47.5601],[-81.6916,47.5626],[-81.692,47.5632],[-81.6958,47.5677],[-81.6965,47.5684],[-81.6993,47.5706],[-81.7001,47.5714],[-81.7007,47.5724],[-81.701,47.5733],[-81.7019,47.5788],[-81.7022,47.5796],[-81.7055,47.5861],[-81.7056,47.5879],[-81.7049,47.5898],[-81.7046,47.5918],[-81.7048,47.5937],[-81.7049,47.5956],[-81.7042,47.5973],[-81.7005,47.6037],[-81.6998,47.6053],[-81.6995,47.6069],[-81.6996,47.6084],[-81.7,47.61],[-81.7008,47.6114],[-81.7022,47.6126],[-81.7032,47.6138],[-81.7031,47.6153],[-81.7019,47.6166],[-81.6933,47.6239],[-81.6918,47.6258],[-81.6914,47.628],[-81.6921,47.6302],[-81.7081,47.6567],[-81.7088,47.6583],[-81.7087,47.6599],[-81.7079,47.6615],[-81.7058,47.6644],[-81.7051,47.6659],[-81.7056,47.6674],[-81.7074,47.6684],[-81.7179,47.6722],[-81.7202,47.6733],[-81.7222,47.6749],[-81.7384,47.6891],[-81.7401,47.6909],[-81.7519,47.7083],[-81.7534,47.71],[-81.7559,47.711],[-81.7586,47.7116],[-81.7612,47.7125],[-81.7635,47.7137],[-81.7683,47.716],[-81.7769,47.7335],[-81.82,47.7838],[-81.8237,47.7951],[-81.8242,47.7973],[-81.8242,47.7995],[-81.8333,47.8127],[-81.8354,47.8157],[-81.8371,47.824],[-81.8429,47.8357],[-81.858,47.8419],[-81.8929,47.8516],[-81.9189,47.9079],[-81.9473,47.9484],[-82.002,48.0464],[-82.0199,48.0608],[-82.107,48.0891],[-82.1218,48.0869],[-82.1242,48.0869],[-82.1286,48.0886],[-82.1312,48.0887],[-82.1383,48.0867],[-82.1409,48.0863],[-82.1487,48.0858],[-82.1513,48.0854],[-82.1539,48.0854],[-82.1565,48.0859],[-82.1591,48.086],[-82.1611,48.0859],[-82.1644,48.0858],[-82.1671,48.086],[-82.1697,48.0865],[-82.172,48.0875],[-82.1787,48.0905],[-82.1803,48.0919],[-82.1807,48.0937],[-82.1806,48.0973],[-82.18,48.0991],[-82.1788,48.1007],[-82.177,48.1021],[-82.1749,48.1031],[-82.1728,48.1043],[-82.1955,48.1264],[-82.2322,48.1412],[-82.2386,48.1431],[-82.2494,48.1467],[-82.2603,48.1506],[-82.262,48.1515],[-82.2627,48.1529],[-82.262,48.1597],[-82.262,48.1614],[-82.2632,48.1631],[-82.2653,48.1644],[-82.2936,48.1818],[-82.2953,48.183],[-82.2964,48.1846],[-82.2967,48.1865],[-82.2956,48.1917],[-82.2953,48.1935],[-82.2961,48.195],[-82.3003,48.1973],[-82.3138,48.2039],[-82.3162,48.2047],[-82.3187,48.2046],[-82.3206,48.2038],[-82.3225,48.2025],[-82.326,48.2003],[-82.3284,48.1999],[-82.3311,48.2002],[-82.3332,48.2007],[-82.3356,48.2016],[-82.3386,48.2039],[-82.3898,48.2213],[-82.4077,48.2233],[-82.4107,48.2241],[-82.4138,48.2257],[-82.4532,48.2574],[-82.4558,48.2593],[-82.4588,48.2609],[-82.4866,48.2734],[-82.4891,48.2749],[-82.4981,48.2804],[-82.4996,48.2824],[-82.4993,48.2844],[-82.4909,48.2992],[-82.4899,48.3021],[-82.4901,48.3044],[-82.4938,48.3196],[-82.4946,48.3215],[-82.4992,48.3285],[-82.501,48.3298],[-82.5035,48.3305],[-82.5085,48.3318],[-82.5106,48.3327],[-82.5328,48.3379],[-82.6041,48.3444],[-82.6775,48.3735],[-82.7033,48.3954],[-82.7649,48.4445],[-82.7942,48.4676],[-82.8529,48.4974],[-82.9031,48.5211],[-82.9263,48.5189],[-82.957,48.5209],[-83.0202,48.545],[-83.0983,48.5799],[-83.1073,48.5793],[-83.1165,48.578],[-83.1819,48.5695],[-83.2768,48.5883],[-83.3881,48.6247],[-83.4479,48.6881],[-83.5202,48.7308],[-83.5991,48.7614],[-83.6477,48.8166],[-83.7166,48.8537],[-83.8054,48.8834],[-83.8368,48.8919],[-83.84,48.8983],[-83.8551,48.9385],[-83.9065,48.9708],[-83.9802,49.004],[-84.0786,49.0197],[-84.1188,49.0791],[-84.171,49.1153],[-84.1713,49.1157],[-84.171,49.1153],[-84.1858,49.1166],[-84.2464,49.1231],[-84.2767,49.1801],[-84.3611,49.2043],[-84.4826,49.2073],[-84.5972,49.187],[-84.5985,49.1871],[-84.6108,49.1886],[-84.6171,49.1882],[-84.6206,49.1887],[-84.6231,49.19],[-84.6247,49.1916],[-84.6269,49.1935],[-84.6295,49.1946],[-84.636,49.1969],[-84.6393,49.1977],[-84.6673,49.2008],[-84.6705,49.2015],[-84.6872,49.2061],[-84.6901,49.2072],[-84.6934,49.2096],[-84.6957,49.2105],[-84.6983,49.2109],[-84.7037,49.2116],[-84.7065,49.2116],[-84.7093,49.2113],[-84.7176,49.2125],[-84.7203,49.2122],[-84.7335,49.2097],[-84.7359,49.2094],[-84.7383,49.2095],[-84.7521,49.2106],[-84.7544,49.2105],[-84.7633,49.2085],[-84.7661,49.208],[-84.7677,49.208],[-84.7691,49.2083],[-84.7702,49.2089],[-84.771,49.2096],[-84.7715,49.2104],[-84.7737,49.2177],[-84.7741,49.2186],[-84.7749,49.2197],[-84.7762,49.2209],[-84.7963,49.2358],[-84.7975,49.2368],[-84.8,49.2398],[-84.81,49.2542],[-84.8965,49.3017],[-84.9864,49.3111],[-85.073,49.3263],[-85.1525,49.3818],[-85.2058,49.3779],[-85.2155,49.378],[-85.3073,49.3768],[-85.3834,49.4034],[-85.3975,49.4108],[-85.4075,49.4166],[-85.546,49.4507],[-85.5503,49.4514],[-85.6159,49.4678],[-85.7123,49.5472],[-85.7141,49.5497],[-85.7146,49.557],[-85.7161,49.5591],[-85.7201,49.5609],[-85.731,49.5616],[-85.7394,49.565],[-85.7521,49.5631],[-85.7653,49.5551],[-85.7716,49.5427],[-85.7866,49.5371],[-85.8025,49.5424],[-85.8164,49.5437],[-85.8305,49.5464],[-85.8598,49.5416],[-85.893,49.5388],[-85.9103,49.5448],[-85.9273,49.5605],[-85.9409,49.5651],[-85.9526,49.5646],[-85.9807,49.5689],[-86.0058,49.5651],[-86.011,49.5666],[-86.0264,49.5727],[-86.0288,49.5804],[-86.035,49.592],[-86.0419,49.597],[-86.0556,49.6036],[-86.0827,49.5989],[-86.1088,49.6045],[-86.1208,49.6145],[-86.1373,49.6178],[-86.1644,49.6276],[-86.1888,49.6421],[-86.231,49.645],[-86.2372,49.6483],[-86.2574,49.6496],[-86.2808,49.6638],[-86.2894,49.6741],[-86.3083,49.6725],[-86.3199,49.6789],[-86.3254,49.6845],[-86.3292,49.7063],[-86.3544,49.722],[-86.3569,49.7226],[-86.4088,49.7287],[-86.4111,49.7291],[-86.4423,49.7329],[-86.446,49.7341],[-86.5059,49.7657],[-86.5079,49.7666],[-86.5116,49.7677],[-86.5149,49.7684],[-86.5203,49.7689],[-86.5207,49.769],[-86.5296,49.77],[-86.5305,49.7702],[-86.5344,49.7717],[-86.5345,49.7718],[-86.5388,49.7739],[-86.5397,49.7746],[-86.5404,49.7755],[-86.5406,49.7767],[-86.5403,49.7781],[-86.5396,49.7795],[-86.5394,49.7812],[-86.5404,49.7828],[-86.5425,49.784],[-86.5487,49.7854],[-86.5502,49.7862],[-86.5521,49.7875],[-86.5615,49.7974],[-86.5628,49.7997],[-86.565,49.8098],[-86.5664,49.8123],[-86.569,49.8143],[-86.5851,49.8251],[-86.5875,49.8272],[-86.5892,49.8295],[-86.6001,49.8478],[-86.6106,49.8668],[-86.615,49.8965],[-86.6228,49.9173],[-86.6258,49.9195],[-86.6425,49.9245],[-86.6552,49.9381],[-86.6577,49.9461],[-86.6749,49.9739],[-86.6747,49.9753],[-86.6686,49.9824],[-86.6677,50.0188],[-86.671,50.0244],[-86.6799,50.0334],[-86.6817,50.0402],[-86.6808,50.0468],[-86.6675,50.0685],[-86.6693,50.0832],[-86.6748,50.0909],[-86.6749,50.0961],[-86.6731,50.0994],[-86.6713,50.1063],[-86.6703,50.1082],[-86.6662,50.111],[-86.6658,50.1142],[-86.6793,50.1639],[-86.683,50.1678],[-86.7134,50.1777],[-86.7235,50.1825],[-86.7324,50.1824],[-86.7345,50.1826],[-86.7446,50.1862],[-86.7464,50.1864],[-86.7482,50.1865],[-86.7559,50.1852],[-86.7584,50.1853],[-86.7643,50.1871],[-86.7722,50.1867],[-86.7755,50.1873],[-86.7818,50.1895],[-86.786,50.1897],[-86.8096,50.1859],[-86.8153,50.1861],[-86.863,50.1992],[-86.8737,50.2152],[-86.8763,50.2172],[-86.8872,50.2181],[-86.9267,50.2176],[-86.9351,50.2178],[-87.018,50.2292],[-87.0909,50.2413],[-87.1233,50.2465],[-87.1964,50.2463],[-87.2304,50.2422],[-87.2569,50.2338],[-87.2908,50.2303],[-87.3135,50.2294],[-87.3361,50.2321],[-87.3383,50.2325],[-87.3401,50.2331],[-87.3845,50.2502],[-87.4014,50.2542],[-87.403,50.2544],[-87.4045,50.2545],[-87.4258,50.2546],[-87.4297,50.2548],[-87.4426,50.2563],[-87.4451,50.2567],[-87.4548,50.2587],[-87.4565,50.2588],[-87.4587,50.2587],[-87.4683,50.2572],[-87.4699,50.2569],[-87.4711,50.2565],[-87.4963,50.2454],[-87.4987,50.2446],[-87.5002,50.2443],[-87.502,50.2441],[-87.5192,50.2433],[-87.521,50.243],[-87.5334,50.2405],[-87.535,50.2401],[-87.5365,50.2396],[-87.5469,50.2341],[-87.5478,50.2337],[-87.5494,50.2332],[-87.5618,50.2303],[-87.5639,50.2301],[-87.571,50.2299],[-87.5724,50.2297],[-87.5736,50.2293],[-87.5749,50.2287],[-87.5826,50.2237],[-87.584,50.2231],[-87.5847,50.2228],[-87.5863,50.2224],[-87.5873,50.2223],[-87.6034,50.221],[-87.6056,50.2212],[-87.618,50.2224],[-87.6216,50.2229],[-87.6741,50.2342],[-87.6767,50.2347],[-87.7264,50.2401],[-87.7292,50.2405],[-87.7316,50.2412],[-87.7417,50.2449],[-87.743,50.2452],[-87.7443,50.2453],[-87.7553,50.245],[-87.7567,50.2449],[-87.758,50.2447],[-87.7599,50.2442],[-87.8017,50.2321],[-87.8031,50.2317],[-87.8049,50.2315],[-87.8058,50.2314],[-87.8081,50.2315],[-87.8499,50.2344],[-87.8516,50.2345],[-87.8527,50.2344],[-87.8631,50.233],[-87.9019,50.2274],[-87.903,50.2273],[-87.9042,50.2274],[-87.9054,50.2275],[-87.9063,50.2278],[-87.9147,50.2312],[-87.9171,50.232],[-87.9259,50.2343],[-87.9284,50.2351],[-87.9453,50.2421],[-87.9493,50.2449],[-87.9503,50.2454],[-87.9569,50.2475],[-87.9589,50.2482],[-87.9604,50.249],[-87.9665,50.2529],[-87.9675,50.2534],[-87.9691,50.2538],[-87.971,50.254],[-87.9769,50.2539],[-87.9779,50.2539],[-87.9791,50.2537],[-87.9802,50.2534],[-87.9896,50.2495],[-87.9916,50.2489],[-88.0008,50.2475],[-88.0373,50.2392],[-88.0649,50.2328],[-88.0663,50.2325],[-88.0682,50.2325],[-88.0695,50.2326],[-88.0708,50.2329],[-88.0719,50.2332],[-88.073,50.2338],[-88.0833,50.2408],[-88.0871,50.2428],[-88.0879,50.2434],[-88.0883,50.2438],[-88.091,50.2472],[-88.0916,50.2478],[-88.0925,50.2483],[-88.0938,50.2488],[-88.1128,50.2555],[-88.1149,50.2561],[-88.1172,50.2564],[-88.1556,50.2581],[-88.1711,50.2583],[-88.1838,50.2593],[-88.1854,50.2597],[-88.1861,50.26],[-88.192,50.2633],[-88.1941,50.2643],[-88.196,50.2649],[-88.1981,50.2653],[-88.1993,50.2655],[-88.2131,50.2667],[-88.2143,50.2668],[-88.2154,50.267],[-88.2362,50.2725],[-88.243,50.2745],[-88.2812,50.2863],[-88.2932,50.2902],[-88.2977,50.2921],[-88.3079,50.2965],[-88.3096,50.2971],[-88.311,50.2974],[-88.321,50.2987],[-88.3228,50.299],[-88.3245,50.2996],[-88.3345,50.3035],[-88.3399,50.3056],[-88.3413,50.3065],[-88.342,50.307],[-88.3473,50.312],[-88.3496,50.3139],[-88.3556,50.3183],[-88.3614,50.3212],[-88.3633,50.3219],[-88.3655,50.3222],[-88.3668,50.3222],[-88.3681,50.3221],[-88.4126,50.3145],[-88.4142,50.3143],[-88.4395,50.3146],[-88.4409,50.3145],[-88.4427,50.3142],[-88.4438,50.3138],[-88.4486,50.3112],[-88.4499,50.3109],[-88.4515,50.3109],[-88.4527,50.3111],[-88.4535,50.3114],[-88.4541,50.3118],[-88.4547,50.3123],[-88.4699,50.3286],[-88.471,50.3297],[-88.4722,50.3305],[-88.4739,50.3312],[-88.4758,50.3316],[-88.4772,50.3317],[-88.4785,50.3317],[-88.48,50.3315],[-88.4819,50.3309],[-88.5648,50.3014],[-88.5669,50.3006],[-88.5693,50.3001],[-88.5714,50.2999],[-88.5739,50.3],[-88.6286,50.3053],[-88.631,50.3055],[-88.6333,50.3055],[-88.6379,50.3053],[-88.7424,50.2978],[-88.7448,50.2976],[-88.7464,50.2972],[-88.7888,50.2843],[-88.7906,50.2839],[-88.8003,50.2819],[-88.8021,50.2816],[-88.8037,50.2816],[-88.8501,50.2809],[-88.8598,50.2817],[-88.8613,50.2818],[-88.8729,50.2837],[-88.8765,50.2847],[-88.9219,50.3007],[-88.9228,50.3011],[-88.9241,50.3019],[-88.9392,50.3124],[-88.9397,50.3126],[-88.941,50.3131],[-88.9424,50.3133],[-88.9439,50.3134],[-88.9542,50.3127],[-88.9644,50.3104],[-88.9651,50.3101],[-88.966,50.3095],[-88.9708,50.3035],[-88.9715,50.3028],[-88.9724,50.3021],[-88.9736,50.3016],[-88.975,50.3013],[-88.9756,50.3012],[-88.9774,50.3012],[-88.9781,50.3013],[-88.9793,50.3016],[-88.9803,50.3021],[-88.985,50.3049],[-88.986,50.3053],[-88.9878,50.3059],[-88.9889,50.3061],[-89.0174,50.3094],[-89.0192,50.3095],[-89.021,50.3094],[-89.0226,50.309],[-89.0241,50.3084],[-89.0435,50.2985],[-89.0446,50.2977],[-89.0452,50.2969],[-89.0464,50.2946],[-89.0476,50.2928],[-89.0488,50.2915],[-89.0543,50.2869],[-89.0562,50.2858],[-89.058,50.285],[-89.06,50.2844],[-89.0732,50.2816],[-89.0755,50.2814],[-89.0778,50.2815],[-89.0982,50.2849],[-89.1134,50.2877],[-89.1148,50.288],[-89.1193,50.2895],[-89.1219,50.29],[-89.148,50.2914],[-89.1498,50.2912],[-89.1542,50.2904],[-89.1563,50.2898],[-89.1681,50.2849],[-89.1834,50.2798],[-89.1849,50.2795],[-89.1866,50.2793],[-89.1908,50.2792],[-89.1923,50.2793],[-89.194,50.2798],[-89.1952,50.2804],[-89.198,50.2822],[-89.2,50.2832],[-89.2023,50.2836],[-89.2268,50.2829],[-89.2302,50.283],[-89.2339,50.2834],[-89.256,50.287],[-89.2585,50.2869],[-89.2605,50.2863],[-89.2654,50.2835],[-89.2667,50.2832],[-89.2754,50.282],[-89.2891,50.2781],[-89.2909,50.2775],[-89.2937,50.2763],[-89.296,50.2756],[-89.3025,50.2746],[-89.305,50.2739],[-89.3069,50.2724],[-89.3075,50.2706],[-89.3071,50.2665],[-89.3073,50.2632],[-89.3077,50.2608],[-89.3094,50.259],[-89.3115,50.2582],[-89.3171,50.2575],[-89.319,50.2575],[-89.3203,50.2578],[-89.3286,50.2606],[-89.3304,50.2611],[-89.3536,50.2656],[-89.3565,50.2664],[-89.3845,50.2777],[-89.4377,50.2964],[-89.4416,50.297],[-89.4448,50.2967],[-89.4698,50.2915],[-89.4916,50.2888],[-89.5056,50.2898],[-89.5118,50.289],[-89.5209,50.2859],[-89.5268,50.2859],[-89.5328,50.2835],[-89.5456,50.2823],[-89.5542,50.2764],[-89.5962,50.2617],[-89.6221,50.2575],[-89.6402,50.2568],[-89.6486,50.2559],[-89.656,50.2542],[-89.6595,50.2526],[-89.6713,50.2514],[-89.6981,50.2532],[-89.7068,50.2531],[-89.7169,50.255],[-89.7675,50.2607],[-89.7766,50.2604],[-89.7903,50.2578],[-89.799,50.2524],[-89.804,50.2507],[-89.8088,50.2499],[-89.8183,50.2499],[-89.9097,50.2482],[-89.9121,50.2479],[-89.9145,50.2472],[-89.9328,50.2412],[-89.9347,50.2407],[-89.9369,50.2405],[-89.9625,50.2395],[-89.9844,50.2376],[-89.9865,50.2375],[-89.9886,50.2376],[-89.9969,50.2388],[-90.0116,50.2403],[-90.0276,50.2392],[-90.0347,50.2412],[-90.0378,50.2419],[-90.0415,50.2422],[-90.0966,50.2414],[-90.1212,50.2428],[-90.1328,50.2416],[-90.138,50.2414],[-90.1599,50.242],[-90.1768,50.2388],[-90.1807,50.2385],[-90.1911,50.2396],[-90.1943,50.2396],[-90.22,50.2372],[-90.2274,50.2371],[-90.3262,50.2365],[-90.3298,50.2367],[-90.3396,50.2388],[-90.3665,50.2426],[-90.37,50.2428],[-90.3732,50.2425],[-90.3783,50.241],[-90.3811,50.2406],[-90.384,50.2405],[-90.4028,50.2423],[-90.4125,50.2423],[-90.4375,50.2447],[-90.4429,50.2449],[-90.4596,50.2416],[-90.4642,50.2414],[-90.4776,50.2426],[-90.4999,50.2441],[-90.5592,50.2313],[-90.5649,50.2313],[-90.5771,50.2332],[-90.5838,50.2333],[-90.5906,50.2311],[-90.5943,50.2307],[-90.5981,50.2313],[-90.6016,50.2326],[-90.619,50.2338],[-90.637,50.2336],[-90.6553,50.2376],[-90.6583,50.2379],[-90.6836,50.2374],[-90.7065,50.2385],[-90.7096,50.2384],[-90.7278,50.2356],[-90.7412,50.2338],[-90.7569,50.2324],[-90.7585,50.2321],[-90.7706,50.2295],[-90.7763,50.229],[-90.7888,50.229],[-90.7929,50.2279],[-90.7976,50.2276],[-90.8033,50.2291],[-90.8296,50.2366],[-90.8472,50.239],[-90.858,50.2371],[-90.8692,50.2349],[-90.8717,50.2343],[-90.877,50.232],[-90.8787,50.2315],[-90.8813,50.2315],[-90.9144,50.2366],[-90.9179,50.2369],[-90.9325,50.2363],[-90.9356,50.2365],[-90.9564,50.2396],[-90.9604,50.2398],[-90.9774,50.2374],[-90.9793,50.237],[-90.9812,50.2364],[-90.9921,50.2314],[-90.9935,50.2304],[-90.9943,50.229],[-90.996,50.2236],[-90.9962,50.2228],[-90.9961,50.2217],[-90.9957,50.2174],[-90.9958,50.2162],[-90.9965,50.215],[-91.0005,50.2107],[-91.0012,50.21],[-91.0025,50.2092],[-91.0043,50.2084],[-91.0061,50.2074],[-91.0071,50.2063],[-91.0078,50.2052],[-91.0087,50.2025],[-91.0092,50.2015],[-91.0104,50.2004],[-91.0143,50.1976],[-91.0161,50.1965],[-91.0181,50.1959],[-91.0203,50.1957],[-91.031,50.1954],[-91.0332,50.1951],[-91.0348,50.1945],[-91.0364,50.1936],[-91.0376,50.1931],[-91.0391,50.1927],[-91.0409,50.1926],[-91.0546,50.193],[-91.056,50.193],[-91.0573,50.1929],[-91.0586,50.1925],[-91.0599,50.1918],[-91.0623,50.1901],[-91.0641,50.1892],[-91.066,50.1887],[-91.0719,50.1878],[-91.0731,50.1874],[-91.0783,50.1855],[-91.08,50.185],[-91.0817,50.1849],[-91.0951,50.1851],[-91.0969,50.1852],[-91.0984,50.1856],[-91.1094,50.1894],[-91.1118,50.19],[-91.1138,50.1902],[-91.116,50.1902],[-91.1253,50.1897],[-91.1281,50.1893],[-91.1369,50.1878],[-91.1398,50.1871],[-91.1417,50.1864],[-91.1467,50.1839],[-91.1483,50.1833],[-91.1499,50.1829],[-91.1517,50.1828],[-91.1533,50.183],[-91.1546,50.1834],[-91.1556,50.184],[-91.1567,50.1849],[-91.159,50.1884],[-91.1598,50.1892],[-91.1608,50.1899],[-91.1633,50.1913],[-91.1641,50.1919],[-91.1648,50.1926],[-91.1667,50.195],[-91.1676,50.196],[-91.1687,50.1966],[-91.17,50.197],[-91.1834,50.2003],[-91.1869,50.2014],[-91.1885,50.202],[-91.1897,50.2027],[-91.192,50.2044],[-91.1931,50.205],[-91.1945,50.2055],[-91.196,50.2057],[-91.1976,50.2056],[-91.2036,50.2046],[-91.2054,50.2041],[-91.2131,50.2017],[-91.2142,50.2015],[-91.2196,50.2013],[-91.2211,50.2011],[-91.2382,50.1988],[-91.2482,50.1999],[-91.2511,50.1996],[-91.266,50.1932],[-91.2712,50.1915],[-91.2791,50.1902],[-91.298,50.1847],[-91.3016,50.184],[-91.3148,50.1843],[-91.3179,50.1838],[-91.3228,50.1819],[-91.3256,50.1809],[-91.3364,50.1783],[-91.3414,50.1758],[-91.349,50.1748],[-91.3521,50.172],[-91.3541,50.1706],[-91.3569,50.17],[-91.3661,50.1694],[-91.3769,50.1684],[-91.402,50.1686],[-91.4041,50.1688],[-91.406,50.1691],[-91.4125,50.1709],[-91.414,50.1714],[-91.4154,50.172],[-91.4185,50.1735],[-91.4199,50.1741],[-91.4214,50.1744],[-91.4228,50.1745],[-91.4242,50.1744],[-91.4306,50.1732],[-91.432,50.1731],[-91.4336,50.1732],[-91.4402,50.174],[-91.4415,50.1741],[-91.443,50.1739],[-91.4496,50.1726],[-91.4517,50.1719],[-91.4606,50.1679],[-91.4622,50.1674],[-91.4639,50.1673],[-91.471,50.1675],[-91.4727,50.1674],[-91.4743,50.167],[-91.4778,50.166],[-91.4794,50.1658],[-91.4811,50.1658],[-91.4846,50.1663],[-91.4867,50.1663],[-91.4923,50.1656],[-91.4943,50.1652],[-91.5052,50.1628],[-91.5073,50.1622],[-91.5166,50.1592],[-91.5184,50.1588],[-91.5203,50.1588],[-91.5226,50.1592],[-91.5369,50.1626],[-91.5388,50.1631],[-91.54,50.1637],[-91.541,50.1647],[-91.5426,50.1674],[-91.5435,50.1684],[-91.5448,50.1692],[-91.5468,50.1698],[-91.5603,50.1721],[-91.5621,50.1723],[-91.5637,50.1722],[-91.5707,50.1712],[-91.5725,50.1707],[-91.5738,50.17],[-91.5767,50.1678],[-91.578,50.1672],[-91.5827,50.1658],[-91.5917,50.1623],[-91.606,50.156],[-91.6082,50.1549],[-91.6171,50.1499],[-91.6183,50.1493],[-91.6219,50.1481],[-91.6272,50.1452],[-91.6491,50.1351],[-91.6502,50.1345],[-91.6558,50.1306],[-91.6575,50.1297],[-91.6705,50.1239],[-91.678,50.1199],[-91.6803,50.119],[-91.6826,50.1187],[-91.685,50.1189],[-91.6881,50.1195],[-91.6897,50.1196],[-91.6911,50.1195],[-91.6924,50.1192],[-91.6937,50.1187],[-91.6947,50.118],[-91.6994,50.1139],[-91.7004,50.1132],[-91.7017,50.1126],[-91.7033,50.1122],[-91.7171,50.1098],[-91.7258,50.1075],[-91.739,50.1055],[-91.7414,50.105],[-91.7466,50.1036],[-91.7484,50.1033],[-91.7566,50.1028],[-91.7583,50.1026],[-91.7597,50.1022],[-91.761,50.1015],[-91.7635,50.0994],[-91.7649,50.0987],[-91.7661,50.0984],[-91.7675,50.0982],[-91.7712,50.0979],[-91.7799,50.0973],[-91.7905,50.0975],[-91.7928,50.0978],[-91.7945,50.0983],[-91.7987,50.1002],[-91.8002,50.1007],[-91.8019,50.101],[-91.8125,50.1027],[-91.8149,50.103],[-91.822,50.1035],[-91.8238,50.1034],[-91.8254,50.103],[-91.8268,50.1022],[-91.8283,50.1006],[-91.8293,50.0999],[-91.8309,50.0992],[-91.8329,50.0988],[-91.8451,50.0979],[-91.8471,50.0976],[-91.8547,50.096],[-91.8564,50.0957],[-91.8581,50.0956],[-91.8598,50.0957],[-91.8923,50.098],[-91.894,50.098],[-91.9257,50.0972],[-91.9272,50.0972],[-91.9377,50.0979],[-91.9388,50.0979],[-91.9397,50.0978],[-91.9405,50.0975],[-91.9414,50.097],[-91.942,50.0965],[-91.9439,50.0939],[-91.9445,50.0935],[-91.9452,50.0932],[-91.9464,50.0929],[-91.9511,50.0922],[-91.9524,50.0921],[-91.9535,50.0922],[-91.9545,50.0924],[-91.9554,50.0928],[-91.956,50.0932],[-91.9639,50.1013],[-91.9647,50.1019],[-91.9659,50.1026],[-91.9671,50.1031],[-91.9682,50.1034],[-91.9851,50.1065],[-91.9862,50.1068],[-91.9873,50.1073],[-91.992,50.1102],[-91.9936,50.1111],[-91.9953,50.1118],[-92.0011,50.1136],[-92.0043,50.1143],[-92.0073,50.1147],[-92.0104,50.1148],[-92.0139,50.1146],[-92.0533,50.1098],[-92.0688,50.1073],[-92.0709,50.1071],[-92.0866,50.1069],[-92.0883,50.1069],[-92.0919,50.1073],[-92.0935,50.1073],[-92.1091,50.1064],[-92.111,50.1062],[-92.1129,50.1057],[-92.1145,50.1052],[-92.1249,50.101],[-92.1266,50.1005],[-92.153,50.0952],[-92.1541,50.095],[-92.163,50.0945],[-92.1645,50.0942],[-92.166,50.0938],[-92.1693,50.0924],[-92.1703,50.092],[-92.1754,50.091],[-92.1786,50.0899],[-92.1806,50.0894],[-92.1827,50.0891],[-92.1848,50.089],[-92.1917,50.0894],[-92.1935,50.0897],[-92.199,50.0913],[-92.201,50.0916],[-92.2174,50.0923],[-92.219,50.0926],[-92.2204,50.0931],[-92.226,50.0958],[-92.2274,50.0963],[-92.2287,50.0966],[-92.23,50.0966],[-92.2317,50.0964],[-92.2565,50.0922],[-92.2603,50.0918],[-92.273,50.0912],[-92.2759,50.0909],[-92.2786,50.0904],[-92.2831,50.0892],[-92.286,50.0885],[-92.2885,50.0883],[-92.2911,50.0883],[-92.3057,50.0893],[-92.3089,50.0893],[-92.3232,50.0889],[-92.3257,50.0889],[-92.3277,50.089],[-92.3363,50.09],[-92.3387,50.0904],[-92.3407,50.0911],[-92.3425,50.0919],[-92.346,50.0943],[-92.3481,50.0954],[-92.3507,50.096],[-92.3533,50.0962],[-92.3586,50.0961],[-92.3612,50.0961],[-92.3637,50.0966],[-92.366,50.0975],[-92.3681,50.0988],[-92.3703,50.101],[-92.3723,50.1024],[-92.3748,50.1037],[-92.3777,50.1047],[-92.3814,50.1053],[-92.3938,50.106],[-92.3974,50.1059],[-92.4237,50.104],[-92.4266,50.1036],[-92.4295,50.1028],[-92.4404,50.0989],[-92.45,50.0969],[-92.4529,50.0965],[-92.4607,50.0956],[-92.4644,50.0955],[-92.4683,50.0957],[-92.476,50.0968],[-92.478,50.0968],[-92.4797,50.0965],[-92.4813,50.0959],[-92.4825,50.0951],[-92.4887,50.0893],[-92.49,50.0884],[-92.4959,50.0851],[-92.4968,50.0845],[-92.4975,50.0836],[-92.4978,50.0825],[-92.4979,50.081],[-92.4982,50.08],[-92.4989,50.0792],[-92.5025,50.0772],[-92.504,50.076],[-92.508,50.0725],[-92.5092,50.0717],[-92.5136,50.0694],[-92.5152,50.0684],[-92.5167,50.0669],[-92.5195,50.0626],[-92.5208,50.0613],[-92.5225,50.0602],[-92.5324,50.0555],[-92.5675,50.0414],[-92.5707,50.0406],[-92.5737,50.0402],[-92.5768,50.0402],[-92.5802,50.0407],[-92.5899,50.0428],[-92.5921,50.0429],[-92.5945,50.0429],[-92.5999,50.0422],[-92.6024,50.0416],[-92.6043,50.0407],[-92.6059,50.0395],[-92.6068,50.0382],[-92.6089,50.0345],[-92.6101,50.0331],[-92.6119,50.032],[-92.6141,50.0313],[-92.6241,50.0293],[-92.6259,50.0289],[-92.6275,50.0282],[-92.6336,50.0246],[-92.6352,50.0239],[-92.6498,50.0191],[-92.6517,50.0183],[-92.6647,50.0107],[-92.6667,50.0099],[-92.7079,50.0008],[-92.71,50.0005],[-92.7117,50.0006],[-92.7137,50.0011],[-92.7231,50.0046],[-92.725,50.0051],[-92.7269,50.0052],[-92.7288,50.0051],[-92.7348,50.0043],[-92.7361,50.0042],[-92.7411,50.0044],[-92.7457,50.0047],[-92.7473,50.0046],[-92.7743,50.001],[-92.7769,50.0007],[-92.7892,50.0001],[-92.7916,49.9999],[-92.7938,49.9994],[-92.811,49.9934],[-92.8134,49.9926],[-92.8149,49.9924],[-92.8166,49.9925],[-92.8181,49.9928],[-92.821,49.9939],[-92.8231,49.9943],[-92.8393,49.9959],[-92.8416,49.9962],[-92.8437,49.9968],[-92.8456,49.9977],[-92.8475,49.9989],[-92.8568,50.0062],[-92.8595,50.008],[-92.8719,50.0138],[-92.8737,50.0144],[-92.8967,50.0201],[-92.8987,50.0204],[-92.9007,50.0204],[-92.9029,50.0202],[-92.9053,50.0197],[-92.9151,50.0172],[-92.9166,50.0169],[-92.9179,50.0169],[-92.9232,50.0172],[-92.9252,50.0172],[-92.9326,50.0168],[-92.9349,50.0169],[-92.9654,50.0213],[-92.9684,50.022],[-92.9708,50.0228],[-92.978,50.0256],[-92.9798,50.026],[-92.9815,50.026],[-92.9831,50.0257],[-92.9889,50.0237],[-92.9922,50.023],[-92.9958,50.0229],[-93.0038,50.0235],[-93.0063,50.0234],[-93.0085,50.0231],[-93.0229,50.0202],[-93.0248,50.0201],[-93.0338,50.0205],[-93.0531,50.0202],[-93.0554,50.0201],[-93.0602,50.0193],[-93.0647,50.0194],[-93.0665,50.0193],[-93.0678,50.019],[-93.0721,50.0176],[-93.0738,50.0168],[-93.0855,50.0066],[-93.0898,50.0019],[-93.0924,49.9994],[-93.0976,49.9955],[-93.0996,49.9945],[-93.1054,49.9931],[-93.1069,49.9926],[-93.1106,49.9907],[-93.1128,49.9898],[-93.1157,49.9892],[-93.1186,49.9889],[-93.1307,49.9886],[-93.1322,49.9884],[-93.145,49.9859],[-93.148,49.9855],[-93.1556,49.9852],[-93.1575,49.9849],[-93.1686,49.9814],[-93.1722,49.9805],[-93.1755,49.9801],[-93.202,49.9784],[-93.2046,49.9784],[-93.2062,49.9786],[-93.2078,49.9791],[-93.2129,49.9813],[-93.2147,49.9819],[-93.2167,49.9821],[-93.2186,49.9821],[-93.2208,49.9817],[-93.2313,49.9782],[-93.2339,49.9776],[-93.2365,49.9774],[-93.2463,49.9773],[-93.2484,49.9775],[-93.2502,49.9782],[-93.2547,49.9806],[-93.2558,49.981],[-93.2573,49.9813],[-93.2591,49.9815],[-93.2898,49.9816],[-93.2917,49.9817],[-93.2935,49.9819],[-93.2952,49.9822],[-93.3069,49.9852],[-93.3081,49.9854],[-93.3093,49.9854],[-93.3105,49.9852],[-93.3116,49.9849],[-93.3166,49.9831],[-93.3221,49.9818],[-93.3244,49.9815],[-93.3297,49.9812],[-93.332,49.9809],[-93.3503,49.9767],[-93.3529,49.9757],[-93.3801,49.9621],[-93.3818,49.9616],[-93.3842,49.9612],[-93.3945,49.9611],[-93.3966,49.9608],[-93.3984,49.9603],[-93.4029,49.9584],[-93.4054,49.9577],[-93.4077,49.9575],[-93.4534,49.958],[-93.4552,49.9579],[-93.48,49.9548],[-93.4819,49.9548],[-93.4934,49.9566],[-93.4951,49.9571],[-93.505,49.9611],[-93.5066,49.9615],[-93.508,49.9617],[-93.5347,49.964],[-93.5373,49.9645],[-93.5395,49.9652],[-93.5562,49.9715],[-93.5584,49.9725],[-93.5676,49.977],[-93.5696,49.9779],[-93.578,49.9802],[-93.5842,49.9823],[-93.5857,49.9827],[-93.5872,49.9828],[-93.5891,49.9825],[-93.6018,49.9795],[-93.6035,49.9794],[-93.6137,49.979],[-93.6154,49.9787],[-93.6167,49.9782],[-93.6179,49.9775],[-93.6237,49.9738],[-93.6287,49.9714],[-93.6311,49.9697],[-93.6328,49.9691],[-93.6347,49.9689],[-93.6416,49.9689],[-93.6434,49.9691],[-93.6445,49.9695],[-93.6454,49.9702],[-93.6462,49.9711],[-93.6467,49.9731],[-93.6472,49.9745],[-93.6478,49.9753],[-93.6487,49.976],[-93.6498,49.9765],[-93.6515,49.9769],[-93.6551,49.9774],[-93.6572,49.9779],[-93.659,49.9786],[-93.665,49.9813],[-93.6666,49.9817],[-93.6681,49.9816],[-93.6695,49.9814],[-93.6718,49.9806],[-93.6728,49.9804],[-93.6739,49.9804],[-93.6752,49.9806],[-93.6775,49.9811],[-93.6795,49.9813],[-93.6804,49.9813],[-93.6885,49.9804],[-93.6912,49.9801],[-93.6937,49.9802],[-93.6957,49.9806],[-93.7051,49.9825],[-93.707,49.9827],[-93.7084,49.9827],[-93.7117,49.9823],[-93.7129,49.982],[-93.7141,49.9815],[-93.7151,49.981],[-93.7164,49.9804],[-93.718,49.98],[-93.7197,49.9799],[-93.7231,49.98],[-93.7242,49.9799],[-93.7274,49.9795],[-93.7288,49.9794],[-93.7363,49.9792],[-93.7375,49.9792],[-93.7444,49.9801],[-93.7461,49.9802],[-93.7506,49.98],[-93.7522,49.9801],[-93.7548,49.9806],[-93.7565,49.9807],[-93.761,49.9804],[-93.7623,49.9805],[-93.7655,49.9812],[-93.7694,49.9815],[-93.7708,49.9814],[-93.7745,49.981],[-93.7759,49.981],[-93.7771,49.9811],[-93.782,49.9819],[-93.7836,49.9821],[-93.7895,49.9821],[-93.7928,49.9826],[-93.7941,49.9827],[-93.7953,49.9826],[-93.8044,49.9817],[-93.8065,49.9815],[-93.8132,49.9816],[-93.8161,49.9814],[-93.8208,49.9806],[-93.8229,49.9805],[-93.825,49.9807],[-93.8286,49.9813],[-93.8306,49.9814],[-93.8327,49.9812],[-93.8388,49.9799],[-93.8406,49.9796],[-93.8426,49.9796],[-93.8528,49.9801],[-93.8546,49.9803],[-93.856,49.9806],[-93.8577,49.9812],[-93.8598,49.9824],[-93.8609,49.9828],[-93.8622,49.9832],[-93.8636,49.9833],[-93.8671,49.9834],[-93.8684,49.9836],[-93.8721,49.9843],[-93.8804,49.9845],[-93.8828,49.9846],[-93.8882,49.9855],[-93.8899,49.986],[-93.8913,49.9869],[-93.8936,49.9886],[-93.8949,49.9894],[-93.8963,49.9898],[-93.8978,49.9899],[-93.8995,49.9898],[-93.9035,49.989],[-93.9046,49.9888],[-93.9058,49.9888],[-93.9181,49.9895],[-93.9206,49.9895],[-93.9271,49.9888],[-93.9292,49.9889],[-93.9487,49.9908],[-93.9516,49.991],[-93.9559,49.9915],[-93.9608,49.9924],[-93.9618,49.9925],[-93.963,49.9924],[-93.9644,49.9923],[-93.9669,49.9916],[-93.9685,49.9914],[-93.9731,49.9914],[-93.9745,49.9912],[-93.979,49.99],[-93.9811,49.9895],[-93.9834,49.9894],[-93.9859,49.9894],[-93.9913,49.9899],[-93.9942,49.99],[-93.9968,49.9897],[-94.0339,49.9834],[-94.0365,49.9832],[-94.039,49.9834],[-94.0417,49.984],[-94.0434,49.9842],[-94.0452,49.9841],[-94.0614,49.9809],[-94.0631,49.9805],[-94.0661,49.9793],[-94.0675,49.9787],[-94.0692,49.9784],[-94.0708,49.9785],[-94.0734,49.9789],[-94.0754,49.9791],[-94.0766,49.9791],[-94.0779,49.9789],[-94.079,49.9785],[-94.0831,49.9767],[-94.0841,49.9761],[-94.0848,49.9754],[-94.0854,49.9745],[-94.0889,49.9658],[-94.0893,49.965],[-94.0902,49.9641],[-94.0913,49.9634],[-94.0929,49.9629],[-94.1009,49.9616],[-94.1031,49.9614],[-94.111,49.9614],[-94.1124,49.9615],[-94.114,49.9619],[-94.1169,49.9629],[-94.1187,49.9633],[-94.1203,49.9633],[-94.1246,49.963],[-94.1262,49.9631],[-94.1384,49.965],[-94.1398,49.9654],[-94.1411,49.9661],[-94.1451,49.969],[-94.1462,49.9696],[-94.1473,49.9701],[-94.1501,49.9707],[-94.1514,49.9711],[-94.1525,49.9716],[-94.155,49.9734],[-94.1565,49.9742],[-94.1579,49.9746],[-94.159,49.9748],[-94.1603,49.9748],[-94.1654,49.9747],[-94.167,49.9749],[-94.1736,49.9764],[-94.1749,49.9769],[-94.1759,49.9776],[-94.1765,49.9785],[-94.1767,49.9794],[-94.1765,49.9817],[-94.1766,49.9829],[-94.1771,49.9854],[-94.1774,49.9863],[-94.178,49.9871],[-94.1788,49.9878],[-94.1826,49.9903],[-94.1837,49.9911],[-94.1955,50.0013],[-94.1962,50.002],[-94.1966,50.0028],[-94.1969,50.0042],[-94.1975,50.0051],[-94.1985,50.0061],[-94.2005,50.0071],[-94.2164,50.0128],[-94.2175,50.0131],[-94.2186,50.0131],[-94.2198,50.013],[-94.2209,50.0127],[-94.2238,50.0114],[-94.2257,50.0108],[-94.2275,50.0105],[-94.2383,50.0096],[-94.2393,50.0096],[-94.2403,50.0097],[-94.2416,50.01],[-94.2468,50.0118],[-94.2479,50.012],[-94.2494,50.0121],[-94.2537,50.0118],[-94.2552,50.0118],[-94.2567,50.0121],[-94.2607,50.0136],[-94.2622,50.014],[-94.2639,50.014],[-94.2679,50.0132],[-94.2716,50.013],[-94.2736,50.0127],[-94.2753,50.0121],[-94.2778,50.0109],[-94.2803,50.01],[-94.2833,50.0088],[-94.287,50.0076],[-94.2954,50.0055],[-94.2976,50.0052],[-94.3004,50.0051],[-94.302,50.005],[-94.3034,50.0045],[-94.3059,50.0034],[-94.3093,50.0016],[-94.3118,50.0007],[-94.3138,50.0001],[-94.3158,49.9998],[-94.3172,49.9998],[-94.3186,50],[-94.321,50.0007],[-94.3223,50.001],[-94.3236,50.001],[-94.325,50.0008],[-94.3262,50.0003],[-94.3273,49.9995],[-94.3308,49.9961],[-94.3323,49.9953],[-94.3342,49.9946],[-94.3385,49.9937],[-94.3465,49.9917],[-94.3481,49.9912],[-94.3505,49.9898],[-94.3519,49.9892],[-94.3538,49.9885],[-94.3552,49.9883],[-94.3571,49.9884],[-94.3618,49.9889],[-94.3632,49.989],[-94.3646,49.9888],[-94.3663,49.9883],[-94.3675,49.9877],[-94.3682,49.9867],[-94.3699,49.9841],[-94.3707,49.9831],[-94.372,49.9821],[-94.3734,49.9814],[-94.3803,49.979],[-94.3824,49.9786],[-94.3843,49.9784],[-94.3863,49.9784],[-94.3933,49.9787],[-94.3945,49.9788],[-94.4024,49.9792],[-94.4046,49.9792],[-94.4068,49.9788],[-94.4107,49.9775],[-94.4182,49.9747],[-94.4214,49.9733],[-94.4223,49.9728],[-94.425,49.9706],[-94.426,49.9699],[-94.4273,49.9695],[-94.4287,49.9692],[-94.4302,49.9692],[-94.4314,49.9695],[-94.4326,49.97],[-94.4334,49.9706],[-94.4341,49.9716],[-94.4352,49.9742],[-94.436,49.9754],[-94.437,49.9762],[-94.4428,49.9792],[-94.4441,49.9796],[-94.4455,49.9799],[-94.4509,49.98],[-94.4532,49.9799],[-94.4553,49.9795],[-94.4572,49.9788],[-94.4608,49.9772],[-94.4624,49.9767],[-94.4644,49.9764],[-94.466,49.9765],[-94.4677,49.9768],[-94.4831,49.9822],[-94.4847,49.9826],[-94.4865,49.9829],[-94.4888,49.9829],[-94.4951,49.9824],[-94.497,49.9822],[-94.4987,49.9817],[-94.5138,49.9769],[-94.5164,49.9758],[-94.522,49.9725],[-94.5236,49.9719],[-94.5251,49.9715],[-94.5268,49.9713],[-94.5285,49.9713],[-94.5301,49.9714],[-94.5347,49.9726],[-94.5369,49.9728],[-94.539,49.9729],[-94.5408,49.9728],[-94.5427,49.9725],[-94.5445,49.9719],[-94.5459,49.9714],[-94.5557,49.9668],[-94.5567,49.9664],[-94.5578,49.9661],[-94.5589,49.966],[-94.5603,49.9659],[-94.5741,49.9661],[-94.5755,49.9663],[-94.5768,49.9666],[-94.578,49.9671],[-94.5856,49.9713],[-94.5871,49.9719],[-94.5883,49.9722],[-94.5915,49.9725],[-94.5928,49.9728],[-94.5939,49.9732],[-94.5951,49.9738],[-94.5961,49.9746],[-94.6062,49.986],[-94.607,49.9867],[-94.6083,49.9873],[-94.6098,49.9878],[-94.6136,49.9884],[-94.6148,49.9888],[-94.6159,49.9894],[-94.6181,49.9909],[-94.6194,49.9914],[-94.6209,49.9918],[-94.6231,49.9919],[-94.6515,49.9924],[-94.6534,49.9922],[-94.6556,49.9918],[-94.6619,49.99],[-94.6637,49.9895],[-94.6652,49.9886],[-94.672,49.9836],[-94.673,49.983],[-94.6741,49.9825],[-94.6754,49.9819],[-94.6769,49.9815],[-94.6992,49.9774],[-94.7007,49.9771],[-94.7021,49.9767],[-94.7031,49.9763],[-94.7048,49.9752],[-94.7157,49.9671],[-94.7188,49.9654],[-94.7356,49.9579],[-94.7374,49.9573],[-94.7429,49.9558],[-94.7458,49.9548],[-94.7481,49.9535],[-94.75,49.9516],[-94.7522,49.9486],[-94.7539,49.9467],[-94.7567,49.9453],[-94.7598,49.9446],[-94.7767,49.9433],[-94.7794,49.9434],[-94.7848,49.9441],[-94.7876,49.9441],[-94.8258,49.9405],[-94.8315,49.9394],[-94.8363,49.938],[-94.8461,49.9343],[-94.8477,49.9338],[-94.8499,49.9334],[-94.8524,49.9333],[-94.8548,49.9335],[-94.8621,49.9348],[-94.8654,49.9352],[-94.8684,49.9348],[-94.8767,49.9327],[-94.8794,49.9318],[-94.8814,49.9306],[-94.8834,49.9292],[-94.8883,49.9247],[-94.8907,49.9231],[-94.8934,49.9219],[-94.8963,49.9212],[-94.8995,49.9211],[-94.9032,49.9215],[-94.9117,49.9235],[-94.9179,49.9243],[-94.9219,49.9243],[-94.924,49.9242],[-94.9287,49.9236],[-94.9304,49.9237],[-94.9454,49.9253],[-94.9572,49.9254],[-94.9632,49.926],[-94.9651,49.9262],[-94.9673,49.9268],[-94.9798,49.931],[-94.9813,49.9313],[-94.983,49.9315],[-94.9843,49.9315],[-94.986,49.9313],[-94.9878,49.9309],[-94.9894,49.9303],[-94.9909,49.9293],[-94.9922,49.9278],[-94.9979,49.9202],[-94.9991,49.9191],[-95.0014,49.9175],[-95.0034,49.9166],[-95.0053,49.9159],[-95.0161,49.9131],[-95.0174,49.9129],[-95.0187,49.9128],[-95.0258,49.913],[-95.0271,49.9132],[-95.0309,49.9139],[-95.0322,49.9141],[-95.0332,49.914],[-95.0343,49.9139],[-95.0355,49.9135],[-95.0367,49.9129],[-95.0563,49.9012],[-95.0572,49.9007],[-95.0584,49.9003],[-95.0596,49.9],[-95.061,49.8998],[-95.0621,49.8998],[-95.0632,49.8999],[-95.07,49.9011],[-95.0719,49.9015],[-95.0761,49.9026],[-95.0769,49.9028],[-95.0779,49.9029],[-95.0789,49.9028],[-95.0799,49.9027],[-95.1061,49.8972],[-95.1075,49.8968],[-95.1086,49.8962],[-95.1095,49.8954],[-95.1126,49.8918],[-95.1133,49.8913],[-95.1142,49.8908],[-95.1152,49.8905],[-95.117,49.8902],[-95.1181,49.8902],[-95.1332,49.8904],[-95.1343,49.8903],[-95.1354,49.8902],[-95.1366,49.8899],[-95.1393,49.889],[-95.1405,49.8887],[-95.1414,49.8885],[-95.1425,49.8885],[-95.1469,49.8887],[-95.1477,49.8886],[-95.1485,49.8885],[-95.15,49.888],[-95.1583,49.8843],[-95.16,49.884],[-95.1696,49.8829],[-95.1718,49.8825],[-95.176,49.8813],[-95.1772,49.881],[-95.1784,49.8809],[-95.1799,49.8809],[-95.1812,49.8812],[-95.1824,49.8817],[-95.1866,49.8837],[-95.1879,49.8841],[-95.1891,49.8843],[-95.19,49.8843],[-95.1911,49.8842],[-95.1946,49.8836],[-95.2034,49.8823],[-95.2048,49.8821],[-95.207,49.8822],[-95.2124,49.8831],[-95.2134,49.8832],[-95.2154,49.883],[-95.2165,49.8827],[-95.2234,49.8804],[-95.2247,49.8801],[-95.2261,49.8798],[-95.2383,49.8788],[-95.2398,49.8786],[-95.241,49.8784],[-95.2422,49.8779],[-95.2542,49.872],[-95.256,49.8713],[-95.2578,49.8709],[-95.26,49.8708],[-95.2682,49.8712],[-95.2709,49.8715],[-95.2743,49.8722],[-95.2899,49.8763],[-95.2922,49.8768],[-95.2943,49.8768],[-95.3019,49.8762],[-95.3032,49.8762],[-95.3044,49.8764],[-95.3056,49.8766],[-95.3213,49.8811],[-95.3222,49.8813],[-95.3234,49.8814],[-95.3243,49.8813],[-95.3254,49.8812],[-95.3282,49.8805],[-95.3294,49.8804],[-95.3306,49.8805],[-95.3367,49.881],[-95.3377,49.8811],[-95.3423,49.8808],[-95.3438,49.881],[-95.346,49.8815],[-95.3528,49.8834],[-95.3548,49.8837],[-95.3565,49.8839],[-95.3585,49.8839],[-95.4029,49.8818],[-95.4048,49.8817],[-95.4065,49.8818],[-95.4084,49.882],[-95.4335,49.8874],[-95.4355,49.8877],[-95.4375,49.8877],[-95.4663,49.8873],[-95.4686,49.8871],[-95.4714,49.8866],[-95.4939,49.8823],[-95.4967,49.8819],[-95.4985,49.8817],[-95.5009,49.8817],[-95.5238,49.8814],[-95.5259,49.8813],[-95.5278,49.881],[-95.5407,49.8785],[-95.5424,49.8783],[-95.5439,49.8782],[-95.5452,49.8783],[-95.5577,49.8797],[-95.5589,49.8798],[-95.56,49.8797],[-95.5617,49.8794],[-95.6092,49.8702],[-95.6107,49.87],[-95.6143,49.8699],[-95.6406,49.871],[-95.6429,49.871],[-95.6451,49.8709],[-95.6607,49.8692],[-95.6626,49.8691],[-95.6644,49.8692],[-95.6666,49.8695],[-95.6727,49.8709],[-95.6757,49.8714],[-95.6793,49.8716],[-95.8909,49.8744],[-95.8929,49.8744],[-95.8991,49.8737],[-95.9009,49.8737],[-95.9283,49.8749],[-96.1069,49.8772],[-96.2336,49.8787],[-96.5238,49.882],[-96.7848,49.8846],[-96.7885,49.8847],[-96.7921,49.885],[-96.7951,49.8854],[-96.801,49.8864],[-96.8046,49.8869],[-96.8084,49.8871],[-96.8116,49.8872],[-97.0322,49.8875],[-97.0339,49.8876],[-97.0356,49.8878],[-97.1001,49.8993],[-97.1018,49.8995],[-97.1033,49.8995],[-97.119,49.8985],[-97.1208,49.8982],[-97.1326,49.8951],[-97.1335,49.8948],[-97.1343,49.8944],[-97.1348,49.8939],[-97.135,49.8932],[-97.1351,49.8924],[-97.135,49.8919],[-97.1336,49.8894],[-97.1324,49.8875],[-97.1322,49.8866],[-97.1315,49.8849],[-97.1313,49.8843],[-97.1316,49.8835],[-97.1322,49.8829],[-97.1349,49.8809],[-97.1365,49.8796],[-97.1375,49.8786],[-97.1382,49.8776],[-97.1513,49.8554],[-97.1531,49.8535],[-97.1544,49.8528],[-97.1559,49.8525],[-97.2836,49.8405],[-97.4467,49.8351],[-97.4487,49.8351],[-97.4505,49.8353],[-97.4546,49.8361],[-97.6642,49.8809],[-97.8798,49.9264],[-97.882,49.9268],[-97.8847,49.9271],[-97.8877,49.9272],[-98.0749,49.9279],[-98.0773,49.9281],[-98.1529,49.942],[-98.1552,49.9426],[-98.1573,49.9435],[-98.1729,49.9528],[-98.1744,49.9535],[-98.1763,49.9541],[-98.178,49.9545],[-98.1801,49.9547],[-98.1905,49.9554],[-98.1925,49.9556],[-98.1939,49.9559],[-98.2588,49.9751],[-98.2604,49.9756],[-98.262,49.9758],[-98.2642,49.9759],[-98.2931,49.9777],[-98.2956,49.9778],[-98.2996,49.9777],[-98.3064,49.9775],[-98.3311,49.9776],[-98.5143,49.9793],[-98.6979,49.9806],[-98.927,49.9821],[-99.1397,49.9832],[-99.1416,49.9831],[-99.161,49.982],[-99.1645,49.9816],[-99.1689,49.9808],[-99.1706,49.9807],[-99.2274,49.9818],[-99.2289,49.9817],[-99.2305,49.9813],[-99.2344,49.9798],[-99.2371,49.9789],[-99.2398,49.9783],[-99.2425,49.978],[-99.2449,49.9778],[-99.2479,49.9779],[-99.4884,49.9853],[-99.7062,49.9917],[-99.9587,49.9984],[-100.0724,50.0014],[-100.2054,50.0046],[-100.2077,50.005],[-100.2093,50.0054],[-100.2109,50.0061],[-100.2124,50.0069],[-100.2136,50.008],[-100.2145,50.0091],[-100.2244,50.0233],[-100.2255,50.0246],[-100.2271,50.0258],[-100.2289,50.0267],[-100.2314,50.0275],[-100.3932,50.0556],[-100.5683,50.0857],[-100.7598,50.1182],[-100.8678,50.1363],[-100.8718,50.1371],[-100.8744,50.1379],[-100.8768,50.1389],[-100.8788,50.1401],[-100.8805,50.1414],[-100.8823,50.1432],[-100.888,50.1494],[-100.8892,50.1504],[-100.8908,50.1513],[-100.8923,50.1519],[-100.8938,50.1524],[-100.8957,50.1527],[-100.8979,50.1529],[-101.0118,50.1554],[-101.0147,50.1556],[-101.0177,50.1561],[-101.0202,50.1566],[-101.0222,50.1572],[-101.0522,50.1677],[-101.0544,50.1686],[-101.0557,50.1696],[-101.057,50.1707],[-101.0579,50.1721],[-101.0585,50.1735],[-101.061,50.1819],[-101.0618,50.1831],[-101.0628,50.1843],[-101.0668,50.1872],[-101.0677,50.1883],[-101.0683,50.1893],[-101.0687,50.1908],[-101.0691,50.1932],[-101.0694,50.1942],[-101.0725,50.2007],[-101.0756,50.206],[-101.0765,50.2072],[-101.0777,50.2083],[-101.0825,50.2114],[-101.0837,50.2124],[-101.0847,50.2135],[-101.0859,50.2152],[-101.0894,50.222],[-101.0901,50.223],[-101.0911,50.2241],[-101.0931,50.2254],[-101.1047,50.2325],[-101.1062,50.2337],[-101.1076,50.235],[-101.1136,50.2417],[-101.1158,50.2435],[-101.1185,50.245],[-101.1218,50.2462],[-101.125,50.247],[-101.144,50.2502],[-101.1466,50.2509],[-101.1496,50.2519],[-101.1701,50.2612],[-101.1727,50.2625],[-101.1753,50.2643],[-101.1882,50.2764],[-101.1893,50.2778],[-101.19,50.2789],[-101.1903,50.2801],[-101.1904,50.2812],[-101.1898,50.2867],[-101.1899,50.2878],[-101.1907,50.2933],[-101.1909,50.2953],[-101.1911,50.3129],[-101.1913,50.315],[-101.1918,50.3176],[-101.1929,50.3205],[-101.1989,50.3334],[-101.2001,50.3357],[-101.2011,50.337],[-101.2179,50.3577],[-101.2188,50.3592],[-101.2232,50.369],[-101.224,50.3702],[-101.2486,50.4024],[-101.2501,50.404],[-101.2598,50.4127],[-101.2616,50.414],[-101.2751,50.4223],[-101.2765,50.4232],[-101.2921,50.4385],[-101.3013,50.4455],[-101.3024,50.4462],[-101.3036,50.4467],[-101.305,50.4471],[-101.3066,50.4474],[-101.3308,50.4491],[-101.3322,50.4492],[-101.334,50.449],[-101.345,50.4471],[-101.3471,50.4468],[-101.3495,50.4467],[-101.3866,50.4474],[-101.4056,50.4483],[-101.4074,50.4484],[-101.409,50.4487],[-101.4107,50.4491],[-101.4121,50.4496],[-101.4136,50.4501],[-101.4158,50.4513],[-101.4299,50.4599],[-101.4466,50.4696],[-101.4519,50.4725],[-101.4534,50.4734],[-101.4546,50.4744],[-101.4556,50.4755],[-101.4635,50.4857],[-101.4659,50.4883],[-101.4676,50.4897],[-101.4763,50.4957],[-101.4778,50.4964],[-101.486,50.4997],[-101.4977,50.5034],[-101.4997,50.5039],[-101.5106,50.5056],[-101.5128,50.5059],[-101.5202,50.5062],[-101.5218,50.5064],[-101.533,50.5084],[-101.5351,50.509],[-101.537,50.5099],[-101.5386,50.5111],[-101.5411,50.5134],[-101.5422,50.5143],[-101.5463,50.5168],[-101.7,50.6086],[-101.8082,50.6731],[-101.8099,50.6739],[-101.8115,50.6744],[-101.8133,50.6748],[-101.8151,50.675],[-101.8169,50.6751],[-101.8184,50.675],[-101.8203,50.6747],[-101.8224,50.6742],[-101.8344,50.6704],[-101.8358,50.6701],[-101.8374,50.67],[-101.839,50.67],[-101.8404,50.6702],[-101.842,50.6705],[-102.0753,50.7332],[-102.3545,50.8074],[-102.6182,50.8767],[-102.7525,50.9117],[-102.8076,50.9259],[-102.8308,50.932],[-102.8331,50.9328],[-103.0044,50.9945],[-103.1954,51.063],[-103.3527,51.1191],[-103.5648,51.1942],[-103.7195,51.2569],[-103.7222,51.2577],[-103.7912,51.2755],[-103.794,51.2762],[-103.7964,51.2766],[-103.9297,51.2938],[-103.9321,51.2942],[-103.9341,51.2949],[-103.9585,51.3045],[-103.9606,51.3052],[-104.1149,51.3471],[-104.1168,51.3475],[-104.1188,51.3478],[-104.148,51.3511],[-104.1501,51.3513],[-104.1768,51.3511],[-104.1795,51.3513],[-104.1821,51.3517],[-104.2044,51.3593],[-104.2062,51.3597],[-104.2083,51.3599],[-104.211,51.3599],[-104.2477,51.3569],[-104.2506,51.357],[-104.2534,51.3576],[-104.2558,51.3584],[-104.2805,51.3696],[-104.283,51.3705],[-104.2937,51.3737],[-104.2961,51.3743],[-104.2988,51.3745],[-104.317,51.3755],[-104.3194,51.3755],[-104.3237,51.3753],[-104.3497,51.3727],[-104.3523,51.3726],[-104.3548,51.3727],[-104.3576,51.373],[-104.3609,51.3736],[-104.4162,51.3857],[-104.5733,51.4162],[-104.5753,51.4165],[-104.577,51.4166],[-104.5792,51.4164],[-104.6185,51.4112],[-104.6221,51.4111],[-104.6669,51.4119],[-104.6701,51.4118],[-104.6721,51.4115],[-104.6739,51.411],[-104.7075,51.3999],[-104.7099,51.3993],[-104.7121,51.3991],[-104.7139,51.3991],[-104.7159,51.3992],[-104.7179,51.3996],[-104.7202,51.4003],[-104.923,51.4745],[-105.1066,51.5412],[-105.2974,51.6099],[-105.5216,51.69],[-105.5247,51.6909],[-105.7046,51.7394],[-105.7075,51.7403],[-105.7102,51.7415],[-105.7125,51.7428],[-105.7862,51.7925],[-105.7884,51.7937],[-105.9218,51.8457],[-106.0682,51.8964],[-106.0807,51.9008],[-106.174,51.9328],[-106.177,51.9336],[-106.3007,51.9622],[-106.3032,51.9629],[-106.3057,51.9637],[-106.3115,51.9661],[-106.4586,52.0291],[-106.4629,52.0309],[-106.4657,52.0318],[-106.5888,52.0657],[-106.6025,52.0695],[-106.6843,52.0919],[-106.6864,52.0926],[-106.6879,52.0933],[-106.6987,52.0986],[-106.7006,52.0996],[-106.7025,52.1003],[-106.7048,52.1011],[-106.714,52.1037],[-106.7191,52.1054],[-106.7203,52.1056],[-106.7215,52.1056],[-106.7232,52.1056],[-106.7268,52.1052],[-106.7315,52.1052],[-106.7421,52.1041],[-106.7449,52.1034],[-106.7471,52.1031],[-106.7487,52.1031],[-106.759,52.1033],[-106.7614,52.1035],[-106.7759,52.1054],[-106.7849,52.1071],[-106.7865,52.1073],[-106.9414,52.1114],[-106.9449,52.1114],[-107.1126,52.1052],[-107.1164,52.1051],[-107.1191,52.1052],[-107.1217,52.1055],[-107.1242,52.1058],[-107.1707,52.1154],[-107.1727,52.116],[-107.1743,52.1167],[-107.1757,52.1175],[-107.1845,52.1232],[-107.1866,52.1243],[-107.1885,52.125],[-107.1904,52.1254],[-107.192,52.1256],[-107.1937,52.1257],[-107.1952,52.1257],[-107.1969,52.1255],[-107.1985,52.1251],[-107.3484,52.0856],[-107.4888,52.0484],[-107.4918,52.0478],[-107.6115,52.0249],[-107.614,52.0246],[-107.6165,52.0244],[-107.6577,52.0231],[-107.6625,52.0228],[-107.6655,52.0223],[-107.6869,52.0179],[-107.6901,52.0175],[-107.6929,52.0174],[-107.6957,52.0174],[-107.6984,52.0176],[-107.7007,52.0179],[-107.7028,52.0184],[-107.7269,52.0238],[-107.7288,52.0244],[-107.7305,52.0252],[-107.7382,52.03],[-107.7398,52.0308],[-107.7415,52.0315],[-107.7432,52.0319],[-107.7638,52.0363],[-107.7654,52.0367],[-107.767,52.0372],[-107.7728,52.0392],[-107.7757,52.04],[-107.7786,52.0405],[-107.7812,52.0408],[-107.783,52.0408],[-107.8171,52.0409],[-107.8203,52.0407],[-107.8485,52.0374],[-107.8505,52.0373],[-107.8522,52.0373],[-107.854,52.0376],[-107.8558,52.038],[-107.865,52.0407],[-107.8667,52.041],[-107.8682,52.041],[-107.8792,52.0406],[-107.8819,52.0406],[-107.8883,52.0411],[-107.8908,52.0412],[-107.9132,52.0402],[-107.9256,52.0388],[-107.9273,52.0388],[-107.9291,52.0388],[-107.9309,52.0391],[-107.9968,52.0559],[-108.0706,52.0829],[-108.0728,52.0838],[-108.0748,52.0848],[-108.0807,52.0881],[-108.0835,52.0897],[-108.085,52.0907],[-108.0863,52.0919],[-108.0871,52.0933],[-108.0876,52.0945],[-108.088,52.0971],[-108.0884,52.0985],[-108.0891,52.0998],[-108.0899,52.1008],[-108.091,52.102],[-108.1017,52.111],[-108.1031,52.1119],[-108.1047,52.1127],[-108.1066,52.1133],[-108.1172,52.1166],[-108.1192,52.1174],[-108.151,52.1307],[-108.1526,52.1313],[-108.1983,52.143],[-108.2079,52.1452],[-108.3359,52.1724],[-108.4074,52.1875],[-108.484,52.2036],[-108.4854,52.2039],[-108.4865,52.2044],[-108.4875,52.2049],[-108.4885,52.2057],[-108.4936,52.2104],[-108.4946,52.2112],[-108.4959,52.212],[-108.4979,52.2129],[-108.5615,52.2387],[-108.5639,52.24],[-108.5854,52.2549],[-108.5869,52.2559],[-108.5887,52.2569],[-108.5909,52.258],[-108.621,52.2701],[-108.6236,52.2713],[-108.6259,52.2724],[-108.7492,52.3435],[-108.751,52.3444],[-108.7528,52.3453],[-108.7827,52.3563],[-108.7854,52.3572],[-108.7878,52.3577],[-108.7903,52.3582],[-108.9547,52.3794],[-108.9575,52.38],[-108.9593,52.3805],[-108.9618,52.3813],[-108.9888,52.3922],[-108.9901,52.3927],[-108.9931,52.3936],[-108.9949,52.394],[-109.0468,52.4046],[-109.0493,52.4053],[-109.0544,52.4068],[-109.0644,52.4098],[-109.0881,52.417],[-109.09,52.4175],[-109.0919,52.4179],[-109.1126,52.4217],[-109.1155,52.4224],[-109.1169,52.4228],[-109.1285,52.4276],[-109.1602,52.4411],[-109.1884,52.4529],[-109.201,52.4594],[-109.2023,52.4599],[-109.2043,52.4605],[-109.2224,52.4647],[-109.2265,52.4661],[-109.2286,52.4669],[-109.2315,52.4684],[-109.2332,52.4695],[-109.2348,52.4706],[-109.2361,52.4716],[-109.2378,52.4731],[-109.2434,52.4789],[-109.2525,52.4869],[-109.2536,52.488],[-109.2545,52.4892],[-109.26,52.4984],[-109.2608,52.4993],[-109.262,52.5002],[-109.2645,52.5015],[-109.2653,52.502],[-109.2677,52.504],[-109.2729,52.5089],[-109.2744,52.51],[-109.2761,52.5109],[-109.2856,52.5145],[-109.2873,52.5153],[-109.2889,52.5163],[-109.2904,52.5176],[-109.2984,52.5253],[-109.2994,52.5262],[-109.3005,52.5269],[-109.3023,52.5279],[-109.3494,52.5515],[-109.3513,52.5524],[-109.4217,52.5816],[-109.4248,52.5829],[-109.442,52.5913],[-109.4446,52.5925],[-109.4473,52.5934],[-109.451,52.5946],[-109.4525,52.5952],[-109.4539,52.596],[-109.4755,52.6118],[-109.4765,52.6124],[-109.4778,52.6129],[-109.4791,52.6133],[-109.4807,52.6136],[-109.5289,52.6182],[-109.5302,52.6185],[-109.5326,52.619],[-109.5557,52.6268],[-109.5575,52.6273],[-109.5615,52.6281],[-109.6059,52.635],[-109.6085,52.6355],[-109.6106,52.6362],[-109.6243,52.6416],[-109.6258,52.6421],[-109.6552,52.6496],[-109.6568,52.6499],[-109.6594,52.6502],[-109.6859,52.6511],[-109.6886,52.6514],[-109.6901,52.6517],[-109.7172,52.6587],[-109.7188,52.6593],[-109.7204,52.66],[-109.7219,52.6609],[-109.7232,52.6618],[-109.7241,52.6628],[-109.7248,52.6636],[-109.7253,52.6645],[-109.7265,52.6671],[-109.7353,52.6868],[-109.7356,52.688],[-109.7357,52.6909],[-109.736,52.6918],[-109.7366,52.6927],[-109.7374,52.6934],[-109.7383,52.6941],[-109.7396,52.6947],[-109.7411,52.6951],[-109.7428,52.6954],[-109.7601,52.6971],[-109.7611,52.6972],[-109.7626,52.6971],[-109.7637,52.6969],[-109.7951,52.6898],[-109.7975,52.6894],[-109.7996,52.6891],[-109.833,52.6861],[-109.8355,52.686],[-109.8383,52.686],[-109.8409,52.6862],[-109.9188,52.6953],[-109.9214,52.6956],[-109.9411,52.6986],[-109.943,52.6988],[-109.9448,52.6988],[-109.948,52.6986],[-109.9543,52.6974],[-109.9683,52.6944],[-109.9699,52.6941],[-109.9714,52.694],[-109.9731,52.6941],[-109.9786,52.6948],[-109.9806,52.695],[-109.9857,52.6953],[-109.9898,52.6954],[-109.9938,52.6952],[-110.0667,52.6882],[-110.0708,52.6877],[-110.0837,52.6852],[-110.0858,52.685],[-110.0882,52.6848],[-110.0907,52.685],[-110.0945,52.6855],[-110.1606,52.6939],[-110.2111,52.6984],[-110.2137,52.6987],[-110.2159,52.6991],[-110.2401,52.7039],[-110.3556,52.7197],[-110.358,52.7202],[-110.3602,52.7208],[-110.3631,52.7217],[-110.451,52.7548],[-110.4898,52.7669],[-110.492,52.7676],[-110.5313,52.7848],[-110.535,52.7863],[-110.5656,52.7979],[-110.5673,52.7984],[-110.5691,52.7987],[-110.5709,52.7989],[-110.5868,52.7997],[-110.5911,52.7996],[-110.5938,52.7993],[-110.5959,52.7989],[-110.5983,52.7984],[-110.6004,52.7977],[-110.6082,52.7949],[-110.6096,52.7946],[-110.6116,52.7942],[-110.6135,52.7941],[-110.6151,52.7942],[-110.6168,52.7943],[-110.6311,52.7964],[-110.6329,52.7966],[-110.6349,52.7967],[-110.6368,52.7966],[-110.6385,52.7963],[-110.6406,52.7959],[-110.6951,52.7833],[-110.6968,52.783],[-110.6988,52.7829],[-110.701,52.7829],[-110.7441,52.7857],[-110.7474,52.7861],[-110.7498,52.7867],[-110.7522,52.7874],[-110.7544,52.7882],[-110.9576,52.8706],[-110.961,52.8721],[-110.9686,52.876],[-110.9704,52.8768],[-110.9729,52.8774],[-110.9753,52.8777],[-110.9858,52.8788],[-110.9894,52.8793],[-111.0221,52.8852],[-111.0244,52.8854],[-111.0264,52.8855],[-111.0281,52.8854],[-111.0303,52.8852],[-111.0342,52.8846],[-111.0396,52.8832],[-111.0406,52.8828],[-111.0421,52.8821],[-111.0475,52.8788],[-111.0488,52.8783],[-111.0506,52.8779],[-111.0756,52.8744],[-111.078,52.8738],[-111.0799,52.873],[-111.0845,52.8708],[-111.0861,52.87],[-111.0877,52.8696],[-111.0895,52.8693],[-111.0914,52.8692],[-111.0958,52.8693],[-111.0974,52.8694],[-111.1056,52.8709],[-111.1075,52.8711],[-111.1136,52.8715],[-111.1152,52.8716],[-111.1167,52.872],[-111.1184,52.8726],[-111.124,52.8751],[-111.1252,52.8758],[-111.1264,52.8766],[-111.1282,52.8785],[-111.1293,52.8795],[-111.1308,52.8803],[-111.1366,52.883],[-111.1385,52.8837],[-111.1402,52.884],[-111.1421,52.8842],[-111.1465,52.8842],[-111.1481,52.8845],[-111.1494,52.8848],[-111.1508,52.8854],[-111.1605,52.8913],[-111.1618,52.8919],[-111.202,52.9053],[-111.2038,52.9058],[-111.2064,52.9063],[-111.2508,52.9147],[-111.2532,52.915],[-111.2557,52.9151],[-111.2584,52.9151],[-111.2609,52.915],[-111.2638,52.9146],[-111.266,52.9142],[-111.2872,52.9085],[-111.2888,52.9081],[-111.2909,52.9079],[-111.2929,52.9078],[-111.2946,52.9079],[-111.2962,52.9081],[-111.2975,52.9084],[-111.3595,52.9255],[-111.3629,52.9266],[-111.3992,52.9401],[-111.4011,52.9409],[-111.4026,52.9417],[-111.4786,52.9823],[-111.4815,52.9836],[-111.6356,53.0417],[-111.7431,53.0819],[-111.7453,53.0826],[-111.9177,53.1349],[-112.1174,53.195],[-112.3063,53.2514],[-112.3671,53.2693],[-112.4898,53.3057],[-112.6085,53.3406],[-112.6116,53.3417],[-112.614,53.3428],[-112.6165,53.3443],[-112.6188,53.346],[-112.6303,53.3557],[-112.632,53.357],[-112.6338,53.3581],[-112.6352,53.3589],[-112.6373,53.3598],[-112.6391,53.3604],[-112.6414,53.3611],[-112.7158,53.3791],[-112.7181,53.3798],[-112.7208,53.3809],[-112.7347,53.3866],[-112.7367,53.3872],[-112.7386,53.3875],[-112.7407,53.3877],[-112.7424,53.3877],[-112.7446,53.3875],[-112.7563,53.3858],[-112.7587,53.3855],[-112.761,53.3855],[-112.763,53.3856],[-112.7659,53.3861],[-112.7847,53.3901],[-112.7875,53.3908],[-112.7899,53.3916],[-112.7926,53.3927],[-112.8072,53.3998],[-112.8096,53.4009],[-112.8166,53.4034],[-112.8197,53.4049],[-112.8356,53.4146],[-112.8379,53.4159],[-112.8397,53.4167],[-112.8472,53.4198],[-112.8495,53.4209],[-112.8508,53.4218],[-112.8632,53.4303],[-112.866,53.4318],[-112.9753,53.4747],[-112.9786,53.476],[-113.0148,53.4931],[-113.0169,53.494],[-113.0191,53.4948],[-113.0351,53.4991],[-113.0369,53.4997],[-113.0384,53.5003],[-113.058,53.5102],[-113.0608,53.5114],[-113.1137,53.5306],[-113.1164,53.5319],[-113.1186,53.5331],[-113.153,53.5557],[-113.1554,53.557],[-113.158,53.5579],[-113.161,53.5588],[-113.1647,53.5594],[-113.1683,53.5597],[-113.1713,53.5597],[-113.1741,53.5595],[-113.1769,53.5591],[-113.2069,53.5536],[-113.2101,53.5533],[-113.2141,53.5531],[-113.2175,53.5533],[-113.2204,53.5536],[-113.2229,53.5541],[-113.2251,53.5547],[-113.2275,53.5555],[-113.2298,53.5564],[-113.2575,53.5713],[-113.259,53.5719],[-113.2604,53.5725],[-113.2624,53.573],[-113.2925,53.5803],[-113.2943,53.5807],[-113.2963,53.5809],[-113.2981,53.581],[-113.2999,53.5808],[-113.3104,53.58],[-113.3455,53.5767],[-113.3475,53.5764],[-113.3491,53.5759],[-113.3506,53.5753],[-113.3576,53.5722],[-113.3593,53.5717],[-113.361,53.5714],[-113.3627,53.5714],[-113.3644,53.5715],[-113.3664,53.572],[-113.4112,53.5829],[-113.4128,53.5832],[-113.4147,53.5835],[-113.4164,53.5836],[-113.4365,53.5835],[-113.4783,53.5836],[-113.4822,53.5833],[-113.4925,53.5833],[-113.5003,53.5817],[-113.5063,53.5816],[-113.5076,53.5817],[-113.512,53.5822],[-113.5135,53.5822],[-113.5147,53.5821],[-113.5175,53.5814],[-113.5186,53.5812],[-113.5259,53.5812],[-113.5276,53.5812],[-113.5287,53.5812],[-113.5292,53.5812],[-113.53,53.5809],[-113.5304,53.5807],[-113.5307,53.5804],[-113.5309,53.5789],[-113.5309,53.5797],[-113.5307,53.5804],[-113.5304,53.5807],[-113.53,53.581],[-113.5292,53.5812],[-113.5287,53.5813],[-113.5272,53.5812],[-113.526,53.5812],[-113.5274,53.5812],[-113.5287,53.5814],[-113.5302,53.5818],[-113.5335,53.5831],[-113.5345,53.5833],[-113.5375,53.5836],[-113.5748,53.5836],[-113.5774,53.5835],[-113.5799,53.5833],[-113.5828,53.5828],[-113.6972,53.557],[-113.7003,53.5565],[-113.7038,53.5562],[-113.7438,53.5545],[-113.7478,53.5541],[-113.8612,53.5401],[-113.864,53.5398],[-113.8664,53.5397],[-113.8692,53.5398],[-113.8952,53.541],[-113.8982,53.5411],[-113.901,53.541],[-114.0425,53.5286],[-114.0461,53.5282],[-114.0493,53.5281],[-114.0524,53.5281],[-114.0555,53.5284],[-114.0585,53.5289],[-114.0608,53.5295],[-114.064,53.5305],[-114.0754,53.535],[-114.0777,53.5357],[-114.08,53.5362],[-114.0824,53.5364],[-114.0849,53.5365],[-114.1014,53.5367],[-114.1051,53.5365],[-114.1394,53.5333],[-114.2292,53.5294],[-114.2312,53.5292],[-114.2327,53.5289],[-114.234,53.5284],[-114.235,53.5278],[-114.2372,53.5261],[-114.239,53.525],[-114.2412,53.5241],[-114.2431,53.5236],[-114.2452,53.5232],[-114.2477,53.523],[-114.2497,53.523],[-114.252,53.5232],[-114.2592,53.5243],[-114.2615,53.5245],[-114.2639,53.5245],[-114.2664,53.5244],[-114.2999,53.5204],[-114.3021,53.5204],[-114.3052,53.5207],[-114.3753,53.5277],[-114.3777,53.528],[-114.3798,53.5284],[-114.4265,53.5384],[-114.4293,53.5391],[-114.4315,53.5398],[-114.4339,53.5408],[-114.4359,53.5417],[-114.4373,53.5426],[-114.4389,53.5437],[-114.4531,53.5548],[-114.4552,53.5559],[-114.4575,53.5566],[-114.4596,53.557],[-114.4612,53.5572],[-114.4636,53.5573],[-114.4917,53.5565],[-114.4949,53.5565],[-114.4974,53.5567],[-114.536,53.5604],[-114.5404,53.5611],[-114.543,53.5618],[-114.5512,53.5642],[-114.5546,53.565],[-114.557,53.5654],[-114.5642,53.5659],[-114.5661,53.5662],[-114.5683,53.5668],[-114.5767,53.5693],[-114.578,53.5695],[-114.5792,53.5696],[-114.5814,53.5694],[-114.5827,53.5691],[-114.5858,53.5681],[-114.5871,53.5678],[-114.5887,53.5677],[-114.5902,53.5678],[-114.6064,53.5695],[-114.6084,53.5698],[-114.6155,53.5722],[-114.6174,53.5727],[-114.6195,53.5731],[-114.6216,53.5732],[-114.6237,53.5731],[-114.6254,53.5729],[-114.6307,53.5717],[-114.6328,53.5715],[-114.6348,53.5716],[-114.638,53.5722],[-114.6531,53.5758],[-114.6741,53.5797],[-114.676,53.5799],[-114.6779,53.5798],[-114.6847,53.5784],[-114.6863,53.5782],[-114.6881,53.578],[-114.6904,53.5781],[-114.6956,53.5784],[-114.6978,53.5785],[-114.6996,53.5783],[-114.7014,53.578],[-114.7045,53.5771],[-114.7091,53.5755],[-114.7116,53.5744],[-114.713,53.574],[-114.7146,53.5737],[-114.7163,53.5735],[-114.7179,53.5736],[-114.7194,53.5738],[-114.721,53.5742],[-114.7279,53.5762],[-114.7308,53.5769],[-114.7328,53.5772],[-114.7422,53.5781],[-114.7453,53.5785],[-114.7477,53.5791],[-114.7679,53.584],[-114.7693,53.5843],[-114.7709,53.5845],[-114.7726,53.5845],[-114.8317,53.5823],[-114.8342,53.5823],[-114.8368,53.5825],[-114.8392,53.583],[-114.841,53.5835],[-114.8428,53.5841],[-114.8631,53.5943],[-114.8643,53.5947],[-114.8658,53.5951],[-114.8675,53.5953],[-114.8692,53.5954],[-114.8713,53.5952],[-114.8887,53.5936],[-114.8904,53.5936],[-114.892,53.5937],[-114.8936,53.5939],[-114.8954,53.5946],[-114.9178,53.6044],[-114.9199,53.605],[-114.9216,53.6053],[-114.9234,53.6055],[-114.9256,53.6055],[-114.9276,53.6053],[-114.9428,53.6028],[-114.9447,53.6024],[-114.9888,53.5915],[-114.9908,53.5911],[-114.9925,53.5909],[-114.9943,53.591],[-114.9963,53.5913],[-115.0086,53.5945],[-115.0132,53.5956],[-115.0154,53.5958],[-115.0175,53.5956],[-115.0263,53.594],[-115.0293,53.5936],[-115.0317,53.5934],[-115.0344,53.5934],[-115.0366,53.5934],[-115.1385,53.6031],[-115.1405,53.6033],[-115.1421,53.6036],[-115.1436,53.604],[-115.1463,53.6051],[-115.1483,53.6055],[-115.2275,53.6118],[-115.2292,53.6117],[-115.2313,53.6115],[-115.2755,53.6047],[-115.2776,53.6044],[-115.28,53.6043],[-115.2822,53.6043],[-115.2847,53.6046],[-115.3543,53.6136],[-115.3564,53.6139],[-115.3578,53.6143],[-115.3595,53.6149],[-115.3682,53.6191],[-115.3693,53.6195],[-115.3712,53.6198],[-115.3948,53.6228],[-115.3961,53.6228],[-115.3977,53.6227],[-115.4067,53.6216],[-115.4078,53.6216],[-115.4094,53.6217],[-115.4126,53.6222],[-115.4141,53.6223],[-115.4157,53.6222],[-115.4175,53.6218],[-115.4348,53.6173],[-115.4367,53.6169],[-115.4385,53.6168],[-115.4406,53.617],[-115.4561,53.6192],[-115.4577,53.6194],[-115.4629,53.6198],[-115.5101,53.6266],[-115.5146,53.6277],[-115.5879,53.6456],[-115.5902,53.6461],[-115.5948,53.6465],[-115.597,53.6466],[-115.6452,53.6464],[-115.6481,53.6465],[-115.6505,53.6467],[-115.653,53.647],[-115.6554,53.6474],[-115.6937,53.6561],[-115.6973,53.6568],[-115.6994,53.6572],[-115.7015,53.6573],[-115.7042,53.6574],[-115.8548,53.6563],[-115.8585,53.6562],[-115.9149,53.6525],[-115.9166,53.6525],[-115.9185,53.6527],[-115.9201,53.653],[-115.9217,53.6535],[-115.9232,53.6543],[-115.9392,53.6626],[-115.9408,53.6634],[-115.9431,53.6642],[-115.9461,53.6648],[-115.9482,53.6651],[-115.9504,53.6652],[-115.9527,53.6651],[-116.0429,53.6593],[-116.047,53.6593],[-116.0521,53.6597],[-116.0899,53.6652],[-116.0927,53.6655],[-116.0961,53.6655],[-116.1133,53.6652],[-116.1164,53.6653],[-116.1193,53.6656],[-116.1556,53.6697],[-116.1588,53.67],[-116.1611,53.67],[-116.1636,53.6698],[-116.1659,53.6694],[-116.1682,53.6688],[-116.1704,53.668],[-116.1802,53.6632],[-116.1824,53.662],[-116.1889,53.6573],[-116.1907,53.6562],[-116.1924,53.6553],[-116.1947,53.6543],[-116.197,53.6535],[-116.2519,53.6381],[-116.2558,53.6371],[-116.2585,53.6365],[-116.2622,53.636],[-116.2779,53.634],[-116.2833,53.6335],[-116.2866,53.633],[-116.2943,53.6322],[-116.304,53.631],[-116.3068,53.6304],[-116.31,53.6294],[-116.3516,53.6151],[-116.3544,53.614],[-116.3559,53.6133],[-116.3574,53.6124],[-116.3589,53.6113],[-116.3633,53.6078],[-116.3757,53.5974],[-116.3778,53.596],[-116.38,53.5947],[-116.3821,53.5938],[-116.3843,53.593],[-116.4798,53.5653],[-116.4819,53.5647],[-116.4845,53.5642],[-116.5364,53.5554],[-116.5388,53.555],[-116.5412,53.5547],[-116.5603,53.5531],[-116.5619,53.5531],[-116.5633,53.5532],[-116.5649,53.5536],[-116.571,53.5555],[-116.5725,53.5558],[-116.574,53.5558],[-116.5755,53.5556],[-116.5767,53.5552],[-116.5776,53.5548],[-116.5785,53.5541],[-116.5839,53.5492],[-116.585,53.5484],[-116.5863,53.5478],[-116.5876,53.5474],[-116.5983,53.5451],[-116.5999,53.5449],[-116.6027,53.5447],[-116.6883,53.5433],[-116.6898,53.5434],[-116.6918,53.5438],[-116.7259,53.5505],[-116.7283,53.5509],[-116.7311,53.5511],[-116.7344,53.5512],[-116.7841,53.5508],[-116.7866,53.5506],[-116.7888,53.5501],[-116.7906,53.5494],[-116.7928,53.5483],[-116.8226,53.5311],[-116.8244,53.5303],[-116.826,53.5297],[-116.8279,53.5292],[-116.8297,53.5289],[-116.832,53.5287],[-116.8425,53.5287],[-116.8448,53.5288],[-116.8472,53.529],[-116.8496,53.5294],[-116.8541,53.5303],[-116.858,53.5315],[-116.8616,53.533],[-116.8749,53.5396],[-116.8764,53.54],[-116.8781,53.5403],[-116.8798,53.5404],[-116.8811,53.5403],[-116.8826,53.5401],[-116.8839,53.5397],[-116.8854,53.5391],[-116.8959,53.5339],[-116.8972,53.5334],[-116.8987,53.533],[-116.9002,53.5328],[-116.9018,53.5328],[-116.9034,53.533],[-116.915,53.5348],[-116.9168,53.535],[-116.9249,53.5354],[-116.9263,53.5356],[-116.9276,53.536],[-116.9287,53.5366],[-116.9298,53.5374],[-116.9329,53.5401],[-116.934,53.541],[-116.9354,53.5418],[-116.9371,53.5426],[-116.9388,53.5431],[-116.9407,53.5435],[-116.9429,53.5438],[-116.9446,53.5439],[-116.9464,53.5438],[-116.9483,53.5436],[-116.95,53.5433],[-116.9582,53.5411],[-116.9601,53.5407],[-116.9619,53.5406],[-116.966,53.5406],[-116.9676,53.5404],[-116.969,53.5402],[-116.9775,53.5384],[-116.9792,53.5382],[-116.9808,53.5382],[-116.9824,53.5383],[-116.9839,53.5386],[-116.9855,53.539],[-116.989,53.5402],[-116.9906,53.5406],[-116.9925,53.5408],[-117.0051,53.5419],[-117.0074,53.5418],[-117.0093,53.5413],[-117.0111,53.5406],[-117.0133,53.5394],[-117.0304,53.5278],[-117.0324,53.5269],[-117.0343,53.5265],[-117.0361,53.5262],[-117.038,53.5263],[-117.0399,53.5266],[-117.0419,53.5272],[-117.0557,53.5323],[-117.059,53.5333],[-117.0625,53.5339],[-117.0671,53.5344],[-117.1167,53.5354],[-117.1193,53.5356],[-117.1219,53.536],[-117.1243,53.5365],[-117.1266,53.5371],[-117.1289,53.538],[-117.1308,53.5388],[-117.1328,53.5399],[-117.1469,53.5484],[-117.15,53.55],[-117.1524,53.5509],[-117.1612,53.5536],[-117.164,53.5544],[-117.1785,53.5575],[-117.1821,53.5579],[-117.1967,53.559],[-117.1991,53.559],[-117.2011,53.5589],[-117.2029,53.5586],[-117.2051,53.558],[-117.213,53.5553],[-117.2145,53.555],[-117.2161,53.5548],[-117.2179,53.5547],[-117.22,53.5547],[-117.2299,53.5557],[-117.2331,53.5557],[-117.2567,53.5522],[-117.2584,53.5518],[-117.2599,53.5511],[-117.261,53.5505],[-117.2645,53.5479],[-117.2658,53.5472],[-117.2675,53.5464],[-117.277,53.5424],[-117.2788,53.5415],[-117.2803,53.5404],[-117.2815,53.5393],[-117.2844,53.5358],[-117.2857,53.5345],[-117.2873,53.5335],[-117.2892,53.5326],[-117.2912,53.532],[-117.2948,53.5314],[-117.3086,53.5291],[-117.3103,53.5287],[-117.312,53.5281],[-117.3384,53.5175],[-117.3405,53.5166],[-117.3525,53.5095],[-117.3608,53.5039],[-117.3623,53.5028],[-117.3699,53.4963],[-117.3715,53.4951],[-117.3732,53.4941],[-117.3769,53.4922],[-117.382,53.4898],[-117.3844,53.4887],[-117.3866,53.488],[-117.3961,53.4856],[-117.3977,53.4849],[-117.4103,53.4786],[-117.4123,53.4779],[-117.4145,53.4774],[-117.4267,53.4757],[-117.429,53.4753],[-117.4313,53.4746],[-117.4335,53.4737],[-117.4359,53.4719],[-117.4481,53.4603],[-117.4505,53.4586],[-117.4644,53.4511],[-117.4676,53.4497],[-117.4696,53.449],[-117.4721,53.4484],[-117.4856,53.4455],[-117.4876,53.445],[-117.4891,53.4443],[-117.4903,53.4434],[-117.4998,53.4357],[-117.5016,53.4344],[-117.5037,53.4332],[-117.5153,53.4275],[-117.5194,53.4257],[-117.5634,53.4094],[-117.5663,53.408],[-117.5722,53.4043],[-117.5737,53.4037],[-117.5754,53.4034],[-117.5805,53.4029],[-117.5836,53.4022],[-117.6023,53.3973],[-117.6051,53.3963],[-117.613,53.3931],[-117.6153,53.3919],[-117.6207,53.3888],[-117.6223,53.388],[-117.6388,53.3828],[-117.6407,53.382],[-117.6419,53.3814],[-117.6468,53.3779],[-117.6495,53.3761],[-117.6507,53.3755],[-117.6521,53.3752],[-117.6536,53.3752],[-117.6552,53.3754],[-117.6564,53.3759],[-117.659,53.3777],[-117.6607,53.3784],[-117.6625,53.379],[-117.6645,53.3793],[-117.6666,53.3794],[-117.6682,53.3793],[-117.6741,53.3785],[-117.6764,53.3781],[-117.7081,53.3689],[-117.7095,53.3683],[-117.7145,53.3655],[-117.716,53.3649],[-117.7172,53.3646],[-117.7185,53.3644],[-117.7202,53.3643],[-117.7243,53.3643],[-117.7259,53.3645],[-117.7275,53.3649],[-117.7288,53.3655],[-117.7298,53.3662],[-117.7315,53.3681],[-117.7326,53.3688],[-117.7339,53.3693],[-117.7394,53.3707],[-117.7406,53.3709],[-117.7419,53.3709],[-117.7432,53.3708],[-117.7487,53.37],[-117.7497,53.3698],[-117.7508,53.3695],[-117.7518,53.3689],[-117.7607,53.3638],[-117.7618,53.363],[-117.7627,53.3622],[-117.7634,53.3614],[-117.7639,53.3605],[-117.7644,53.3591],[-117.7649,53.3584],[-117.7657,53.3578],[-117.7671,53.3571],[-117.77,53.3559],[-117.7712,53.3552],[-117.7745,53.3526],[-117.7755,53.352],[-117.7769,53.3514],[-117.7832,53.3491],[-117.7915,53.345],[-117.7927,53.3445],[-117.7953,53.3439],[-117.7968,53.3435],[-117.8034,53.3408],[-117.8053,53.3402],[-117.8177,53.3366],[-117.8195,53.3362],[-117.8213,53.336],[-117.823,53.336],[-117.8247,53.3361],[-117.829,53.3366],[-117.8303,53.3367],[-117.8317,53.3366],[-117.8329,53.3364],[-117.8341,53.336],[-117.8449,53.3317],[-117.8461,53.3312],[-117.8475,53.3304],[-117.8484,53.3296],[-117.8491,53.3287],[-117.8494,53.3278],[-117.8501,53.323],[-117.8507,53.3212],[-117.851,53.3204],[-117.8518,53.3192],[-117.8557,53.314],[-117.8562,53.313],[-117.8564,53.3119],[-117.8569,53.3026],[-117.857,53.3018],[-117.8573,53.301],[-117.8577,53.3003],[-117.8584,53.2995],[-117.8637,53.2952],[-117.8644,53.2943],[-117.8646,53.2936],[-117.8646,53.2928],[-117.8642,53.2909],[-117.8642,53.29],[-117.8644,53.2892],[-117.8649,53.2883],[-117.8683,53.2843],[-117.8686,53.2835],[-117.8688,53.2826],[-117.8692,53.2742],[-117.8694,53.2733],[-117.8698,53.2724],[-117.8722,53.2686],[-117.8725,53.2679],[-117.8726,53.2672],[-117.8725,53.2666],[-117.8722,53.2659],[-117.8701,53.2634],[-117.8698,53.2626],[-117.8697,53.2619],[-117.8698,53.2613],[-117.87,53.2607],[-117.8704,53.2601],[-117.8734,53.2568],[-117.8739,53.2559],[-117.8741,53.2552],[-117.874,53.2546],[-117.8738,53.2539],[-117.8733,53.2531],[-117.8689,53.2486],[-117.8682,53.2477],[-117.8678,53.2468],[-117.8677,53.246],[-117.8678,53.2452],[-117.8681,53.2442],[-117.8704,53.2396],[-117.8706,53.2389],[-117.8705,53.2383],[-117.8703,53.2378],[-117.8696,53.2372],[-117.8659,53.2351],[-117.8653,53.2346],[-117.8649,53.2341],[-117.8648,53.2336],[-117.8649,53.2331],[-117.8653,53.2324],[-117.8661,53.2319],[-117.867,53.2316],[-117.8681,53.2315],[-117.8692,53.2316],[-117.8712,53.232],[-117.8723,53.2321],[-117.8735,53.2321],[-117.8749,53.2318],[-117.8776,53.2306],[-117.879,53.2303],[-117.8806,53.2301],[-117.8825,53.2301],[-117.8985,53.2312],[-117.9007,53.2312],[-117.9027,53.2311],[-117.9055,53.2305],[-117.956,53.2189],[-117.9676,53.215],[-117.9693,53.2142],[-117.9708,53.2132],[-117.9893,53.2002],[-117.9901,53.1994],[-117.9909,53.1982],[-117.9911,53.1971],[-117.9922,53.181],[-117.9922,53.1787],[-117.9894,53.1582],[-117.9893,53.1568],[-117.9897,53.1555],[-117.9908,53.1538],[-118.0064,53.1382],[-118.0075,53.1367],[-118.008,53.135],[-118.008,53.1308],[-118.0082,53.1299],[-118.0088,53.1288],[-118.0101,53.1276],[-118.0143,53.1249],[-118.0163,53.1233],[-118.0174,53.1214],[-118.0186,53.1178],[-118.0224,53.1102],[-118.0234,53.1072],[-118.0243,53.1053],[-118.0258,53.1037],[-118.0278,53.1023],[-118.0408,53.0965],[-118.044,53.0946],[-118.0568,53.0866],[-118.0856,53.0712],[-118.0877,53.0697],[-118.0937,53.0641],[-118.0951,53.0629],[-118.0998,53.06],[-118.1012,53.0588],[-118.1032,53.0552],[-118.1038,53.0537],[-118.1041,53.0511],[-118.1041,53.0497],[-118.1018,53.0395],[-118.0999,53.0362],[-118.0981,53.0343],[-118.0926,53.031],[-118.0912,53.0294],[-118.0664,52.9987],[-118.0651,52.9956],[-118.058,52.969],[-118.0573,52.967],[-118.0447,52.9408],[-118.0445,52.9391],[-118.0438,52.9296],[-118.0438,52.9285],[-118.0443,52.9276],[-118.0452,52.9267],[-118.0511,52.9226],[-118.052,52.9218],[-118.0525,52.9209],[-118.0529,52.9197],[-118.0533,52.9189],[-118.0541,52.9183],[-118.0573,52.9165],[-118.0582,52.9159],[-118.0588,52.9151],[-118.0592,52.9133],[-118.0597,52.9126],[-118.061,52.9115],[-118.0617,52.9108],[-118.0625,52.9092],[-118.0631,52.9084],[-118.0658,52.9061],[-118.0666,52.9052],[-118.0707,52.9005],[-118.0717,52.899],[-118.0725,52.8975],[-118.0737,52.8939],[-118.0749,52.8914],[-118.0798,52.8743],[-118.0802,52.8735],[-118.0811,52.8728],[-118.082,52.8722],[-118.0831,52.8716],[-118.0848,52.871],[-118.0924,52.869],[-118.0951,52.8684],[-118.097,52.8681],[-118.1037,52.8673],[-118.1061,52.8672],[-118.1082,52.8673],[-118.1094,52.8671],[-118.111,52.8665],[-118.1161,52.8631],[-118.1174,52.8624],[-118.119,52.8618],[-118.1208,52.8614],[-118.1227,52.8613],[-118.1347,52.8615],[-118.1369,52.8613],[-118.1434,52.8606],[-118.1452,52.8605],[-118.1484,52.8607],[-118.1504,52.8607],[-118.1534,52.8606],[-118.1551,52.8607],[-118.1579,52.8614],[-118.1663,52.8628],[-118.1681,52.8632],[-118.1709,52.8641],[-118.1757,52.8653],[-118.1789,52.8657],[-118.1816,52.866],[-118.1833,52.866],[-118.185,52.8657],[-118.1931,52.8639],[-118.1946,52.8638],[-118.1961,52.864],[-118.2005,52.8652],[-118.2046,52.8665],[-118.2064,52.8668],[-118.2081,52.8668],[-118.2112,52.8665],[-118.2127,52.8665],[-118.216,52.8666],[-118.2176,52.8665],[-118.2199,52.8658],[-118.2217,52.8657],[-118.223,52.8659],[-118.2253,52.8665],[-118.2291,52.8671],[-118.2315,52.8678],[-118.2349,52.8683],[-118.2363,52.8683],[-118.2393,52.8677],[-118.2407,52.8677],[-118.2473,52.8684],[-118.2527,52.8684],[-118.2549,52.8686],[-118.2604,52.8698],[-118.2755,52.8716],[-118.2771,52.8719],[-118.2796,52.8729],[-118.2815,52.8733],[-118.2839,52.8736],[-118.2898,52.8735],[-118.2948,52.8732],[-118.3008,52.8734],[-118.3037,52.8737],[-118.3179,52.877],[-118.3216,52.8775],[-118.3245,52.8777],[-118.3357,52.8774],[-118.3388,52.8777],[-118.3426,52.8785],[-118.3639,52.8838],[-118.3667,52.8842],[-118.3691,52.8842],[-118.417,52.8826],[-118.4192,52.8827],[-118.4239,52.8832],[-118.4263,52.8832],[-118.4338,52.8825],[-118.4357,52.8826],[-118.4398,52.8833],[-118.4428,52.8835],[-118.4448,52.8838],[-118.4465,52.8845],[-118.4476,52.8853],[-118.4493,52.8873],[-118.4503,52.8882],[-118.4516,52.8888],[-118.4606,52.8911],[-118.4622,52.8914],[-118.464,52.8914],[-118.4692,52.8907],[-118.4714,52.8907],[-118.4823,52.8918],[-118.4843,52.8916],[-118.4861,52.8909],[-118.4872,52.8898],[-118.4884,52.8871],[-118.49,52.8848],[-118.491,52.8838],[-118.4926,52.8832],[-118.4944,52.8829],[-118.496,52.8824],[-118.5045,52.8775],[-118.5067,52.8767],[-118.5132,52.8753],[-118.5158,52.8745],[-118.5245,52.8703],[-118.5385,52.8672],[-118.5418,52.8661],[-118.5506,52.8615],[-118.5528,52.8607],[-118.5555,52.8601],[-118.5592,52.8598],[-118.5631,52.8598],[-118.5661,52.8587],[-118.5679,52.8573],[-118.5691,52.8568],[-118.5716,52.856],[-118.5736,52.855],[-118.5747,52.8546],[-118.5794,52.8533],[-118.581,52.8527],[-118.5828,52.852],[-118.5841,52.8518],[-118.5856,52.8518],[-118.5877,52.8522],[-118.5888,52.8523],[-118.5914,52.8523],[-118.5925,52.8524],[-118.5935,52.8527],[-118.5951,52.8534],[-118.5968,52.8538],[-118.6019,52.8542],[-118.6031,52.8545],[-118.6052,52.8555],[-118.6065,52.8558],[-118.6079,52.8559],[-118.6109,52.8555],[-118.6135,52.8556],[-118.6153,52.8562],[-118.6201,52.8585],[-118.6238,52.8595],[-118.6336,52.8611],[-118.6367,52.862],[-118.6491,52.8664],[-118.6513,52.867],[-118.6537,52.8672],[-118.6599,52.867],[-118.662,52.8672],[-118.6743,52.8691],[-118.677,52.8698],[-118.6881,52.8743],[-118.6898,52.8751],[-118.6959,52.8786],[-118.6986,52.8794],[-118.702,52.88],[-118.7041,52.8806],[-118.7158,52.8859],[-118.717,52.8864],[-118.7198,52.887],[-118.7254,52.8904],[-118.7311,52.8927],[-118.7336,52.8933],[-118.737,52.8936],[-118.742,52.8934],[-118.7437,52.8937],[-118.7452,52.8944],[-118.7518,52.8988],[-118.7538,52.8995],[-118.7584,52.9006],[-118.7608,52.9015],[-118.7694,52.9063],[-118.7712,52.907],[-118.7746,52.9076],[-118.7777,52.9086],[-118.785,52.9121],[-118.7936,52.917],[-118.7969,52.9201],[-118.7992,52.9216],[-118.8098,52.9266],[-118.8127,52.9282],[-118.8168,52.9311],[-118.8194,52.9325],[-118.8224,52.9337],[-118.8253,52.9344],[-118.8318,52.9354],[-118.8357,52.9359],[-118.8418,52.9374],[-118.8451,52.9383],[-118.8595,52.945],[-118.8615,52.9461],[-118.863,52.9475],[-118.8642,52.9494],[-118.8653,52.9506],[-118.8669,52.9514],[-118.8688,52.9519],[-118.8929,52.9558],[-118.8959,52.9566],[-118.9053,52.9599],[-118.9074,52.9603],[-118.9117,52.9606],[-118.9141,52.9612],[-118.9167,52.9625],[-118.9185,52.9632],[-118.9229,52.9645],[-118.9248,52.9652],[-118.9287,52.9678],[-118.9307,52.9687],[-118.9373,52.9708],[-118.9407,52.9716],[-118.9438,52.972],[-118.9517,52.9725],[-118.9543,52.9728],[-118.9648,52.9747],[-118.9681,52.9759],[-118.9718,52.9782],[-118.9749,52.9791],[-118.9848,52.9802],[-118.9959,52.9836],[-119.0112,52.9881],[-119.0241,52.9918],[-119.0271,52.9925],[-119.0297,52.9929],[-119.0314,52.9933],[-119.0345,52.9946],[-119.037,52.9952],[-119.0545,52.9985],[-119.0567,52.9991],[-119.0681,53.0031],[-119.0694,53.0037],[-119.0767,53.0079],[-119.0786,53.0086],[-119.0825,53.0093],[-119.084,53.0098],[-119.0876,53.0113],[-119.097,53.0141],[-119.0998,53.0155],[-119.1015,53.0161],[-119.1031,53.0164],[-119.1049,53.0163],[-119.1077,53.0159],[-119.1103,53.0158],[-119.1137,53.0153],[-119.1176,53.0144],[-119.1199,53.014],[-119.1214,53.0139],[-119.1263,53.0141],[-119.1365,53.0138],[-119.1382,53.0139],[-119.1483,53.0159],[-119.1521,53.0168],[-119.1551,53.0178],[-119.1586,53.0196],[-119.1603,53.0202],[-119.1624,53.0209],[-119.1657,53.0216],[-119.172,53.0233],[-119.1748,53.0245],[-119.1766,53.025],[-119.1818,53.0254],[-119.185,53.0253],[-119.1873,53.0254],[-119.1937,53.027],[-119.1952,53.027],[-119.1965,53.0268],[-119.198,53.0261],[-119.2013,53.0231],[-119.2028,53.0224],[-119.2055,53.0219],[-119.2082,53.021],[-119.211,53.0204],[-119.2159,53.0185],[-119.2178,53.0183],[-119.2191,53.0179],[-119.2251,53.0149],[-119.228,53.0144],[-119.2307,53.0137],[-119.233,53.013],[-119.236,53.0119],[-119.2372,53.0112],[-119.2387,53.0103],[-119.2409,53.0094],[-119.2416,53.0089],[-119.2427,53.0075],[-119.2442,53.0065],[-119.2459,53.0055],[-119.2523,53.0031],[-119.2545,53.0024],[-119.2573,53.0021],[-119.2587,53.0017],[-119.2602,53.0008],[-119.2643,52.998],[-119.2662,52.9971],[-119.2682,52.9965],[-119.2712,52.9961],[-119.2733,52.9956],[-119.2746,52.9952],[-119.2773,52.9936],[-119.2788,52.9929],[-119.2822,52.992],[-119.284,52.9913],[-119.2909,52.9877],[-119.2934,52.986],[-119.2954,52.9844],[-119.2981,52.9813],[-119.2999,52.9799],[-119.3025,52.9784],[-119.3035,52.9773],[-119.3045,52.9765],[-119.3068,52.9753],[-119.3076,52.9747],[-119.308,52.9739],[-119.3085,52.9727],[-119.3093,52.9719],[-119.3103,52.9714],[-119.3119,52.971],[-119.3132,52.9705],[-119.3151,52.9693],[-119.3163,52.9688],[-119.3205,52.9675],[-119.3251,52.9664],[-119.3351,52.9648],[-119.3393,52.9638],[-119.3419,52.9637],[-119.3452,52.9638],[-119.3484,52.9642],[-119.3512,52.9647],[-119.3531,52.9653],[-119.3579,52.9673],[-119.3594,52.9678],[-119.3626,52.9682],[-119.3638,52.9685],[-119.3661,52.9694],[-119.3671,52.9696],[-119.3682,52.9697],[-119.3705,52.9694],[-119.372,52.9694],[-119.3734,52.9697],[-119.3744,52.9703],[-119.3756,52.9707],[-119.3816,52.9719],[-119.3829,52.9721],[-119.3841,52.9722],[-119.3866,52.9721],[-119.388,52.9722],[-119.3892,52.9724],[-119.3949,52.9739],[-119.3961,52.9741],[-119.3975,52.9741],[-119.3988,52.9737],[-119.3996,52.973],[-119.3998,52.9721],[-119.3979,52.9665],[-119.398,52.9657],[-119.3984,52.9648],[-119.4,52.9631],[-119.4003,52.9623],[-119.4002,52.9614],[-119.3994,52.9605],[-119.396,52.9582],[-119.3942,52.9573],[-119.3919,52.9565],[-119.3902,52.9558],[-119.3866,52.9535],[-119.3855,52.9524],[-119.3846,52.9512],[-119.3831,52.948],[-119.3817,52.9459],[-119.3789,52.9424],[-119.377,52.9409],[-119.3732,52.9384],[-119.37,52.9369],[-119.3685,52.9361],[-119.3645,52.9333],[-119.3629,52.9318],[-119.3621,52.9313],[-119.3593,52.9301],[-119.3554,52.9279],[-119.352,52.9263],[-119.3508,52.9255],[-119.3473,52.922],[-119.3408,52.9148],[-119.3381,52.9122],[-119.3335,52.9063],[-119.332,52.9049],[-119.327,52.9003],[-119.3252,52.899],[-119.3202,52.8961],[-119.3178,52.8943],[-119.3158,52.8923],[-119.3126,52.8889],[-119.3109,52.8875],[-119.3032,52.8827],[-119.3017,52.8816],[-119.3009,52.8808],[-119.3005,52.88],[-119.3,52.8786],[-119.2994,52.8775],[-119.2982,52.8765],[-119.2962,52.8753],[-119.2948,52.8741],[-119.2939,52.8727],[-119.2933,52.8713],[-119.2925,52.8682],[-119.2921,52.8671],[-119.2913,52.8661],[-119.2843,52.8585],[-119.2831,52.8568],[-119.2755,52.8432],[-119.275,52.8425],[-119.2743,52.8419],[-119.2389,52.8222],[-119.2287,52.8173],[-119.2262,52.8155],[-119.2246,52.8133],[-119.2239,52.8109],[-119.2242,52.8087],[-119.2255,52.8064],[-119.2274,52.8045],[-119.2297,52.8032],[-119.2453,52.7963],[-119.2471,52.7954],[-119.2487,52.7942],[-119.2498,52.7929],[-119.2516,52.7899],[-119.2524,52.789],[-119.2551,52.7872],[-119.2559,52.7865],[-119.2562,52.7856],[-119.2561,52.7847],[-119.2557,52.7829],[-119.2555,52.7821],[-119.2557,52.7812],[-119.2573,52.7784],[-119.2579,52.7769],[-119.2584,52.7753],[-119.2591,52.7739],[-119.2617,52.7699],[-119.2634,52.7684],[-119.2641,52.7673],[-119.2647,52.7654],[-119.2653,52.7617],[-119.2656,52.7612],[-119.2673,52.7595],[-119.2677,52.7588],[-119.268,52.7574],[-119.2684,52.7565],[-119.2691,52.7558],[-119.2695,52.7551],[-119.2696,52.7543],[-119.2693,52.7528],[-119.2694,52.7521],[-119.2699,52.7514],[-119.2719,52.7497],[-119.2725,52.7489],[-119.2728,52.7482],[-119.2728,52.7475],[-119.2724,52.7462],[-119.2724,52.7455],[-119.2727,52.744],[-119.2727,52.7434],[-119.2726,52.7428],[-119.2724,52.742],[-119.2714,52.7405],[-119.2712,52.7399],[-119.2712,52.7393],[-119.2722,52.7347],[-119.2743,52.7275],[-119.2743,52.7268],[-119.2738,52.7244],[-119.2737,52.7235],[-119.2737,52.7221],[-119.2734,52.7207],[-119.2723,52.7168],[-119.2719,52.716],[-119.2713,52.7151],[-119.2692,52.7125],[-119.2684,52.7107],[-119.2651,52.7051],[-119.2648,52.7046],[-119.2643,52.7032],[-119.264,52.7026],[-119.2635,52.7022],[-119.2615,52.7007],[-119.2608,52.7],[-119.2601,52.6992],[-119.2593,52.6972],[-119.2588,52.6966],[-119.2583,52.6962],[-119.2559,52.6947],[-119.2552,52.694],[-119.2543,52.6927],[-119.2536,52.6921],[-119.25,52.6892],[-119.246,52.6868],[-119.2449,52.6861],[-119.2427,52.6841],[-119.2401,52.6827],[-119.2387,52.6822],[-119.2353,52.6815],[-119.234,52.6809],[-119.2333,52.6802],[-119.2327,52.6793],[-119.2321,52.6786],[-119.2312,52.6782],[-119.2284,52.6775],[-119.2273,52.6771],[-119.2254,52.676],[-119.2235,52.6752],[-119.2193,52.6742],[-119.2179,52.6742],[-119.2153,52.6747],[-119.2141,52.6746],[-119.213,52.6743],[-119.2123,52.6738],[-119.2106,52.6719],[-119.2085,52.6685],[-119.2076,52.6671],[-119.2024,52.661],[-119.2015,52.6601],[-119.2,52.6593],[-119.1702,52.6461],[-119.1679,52.645],[-119.166,52.6433],[-119.1636,52.6408],[-119.1613,52.6361],[-119.1592,52.6339],[-119.1537,52.6302],[-119.1524,52.6291],[-119.1483,52.6242],[-119.1467,52.6232],[-119.1409,52.6212],[-119.1394,52.6202],[-119.1373,52.6184],[-119.132,52.615],[-119.1286,52.611],[-119.1269,52.6099],[-119.1223,52.6085],[-119.113,52.6033],[-119.1101,52.6026],[-119.1084,52.6017],[-119.1071,52.6002],[-119.1014,52.595],[-119.0958,52.5872],[-119.0949,52.5852],[-119.0945,52.583],[-119.0949,52.5811],[-119.0984,52.5736],[-119.0988,52.5716],[-119.0975,52.566],[-119.098,52.5642],[-119.1005,52.5619],[-119.1012,52.5602],[-119.1005,52.5571],[-119.1008,52.5553],[-119.1022,52.5532],[-119.1054,52.5458],[-119.1063,52.5443],[-119.1064,52.5426],[-119.1071,52.5393],[-119.1071,52.5365],[-119.1072,52.535],[-119.1084,52.5331],[-119.1093,52.5302],[-119.1094,52.5291],[-119.1072,52.5232],[-119.1064,52.522],[-119.1047,52.5206],[-119.104,52.5194],[-119.1025,52.512],[-119.103,52.51],[-119.1053,52.5057],[-119.1063,52.5044],[-119.1067,52.5033],[-119.1063,52.5018],[-119.107,52.5007],[-119.1084,52.4998],[-119.1104,52.4985],[-119.1127,52.492],[-119.1138,52.4907],[-119.1163,52.4893],[-119.1187,52.4872],[-119.1205,52.4855],[-119.1219,52.483],[-119.1233,52.4818],[-119.1277,52.4798],[-119.1285,52.4784],[-119.1283,52.4771],[-119.1287,52.4757],[-119.1288,52.4747],[-119.1279,52.4727],[-119.1273,52.4707],[-119.1273,52.4696],[-119.1291,52.4675],[-119.1292,52.4656],[-119.1305,52.4642],[-119.1311,52.463],[-119.1307,52.4617],[-119.1308,52.4599],[-119.1312,52.4582],[-119.1314,52.457],[-119.131,52.4556],[-119.1317,52.4541],[-119.1351,52.4499],[-119.1366,52.4492],[-119.1394,52.4485],[-119.1409,52.4477],[-119.1416,52.4466],[-119.1424,52.4434],[-119.1433,52.4425],[-119.1445,52.4417],[-119.145,52.4406],[-119.145,52.4389],[-119.1451,52.4377],[-119.1458,52.4368],[-119.1472,52.4356],[-119.1481,52.4345],[-119.1483,52.4334],[-119.1478,52.4301],[-119.1483,52.4272],[-119.1492,52.4258],[-119.1516,52.424],[-119.1525,52.4232],[-119.153,52.4221],[-119.1552,52.4111],[-119.1557,52.4095],[-119.1581,52.4059],[-119.1592,52.4049],[-119.163,52.4029],[-119.1639,52.4023],[-119.1643,52.4016],[-119.1642,52.4008],[-119.1632,52.3982],[-119.1632,52.3973],[-119.1638,52.3964],[-119.1711,52.3921],[-119.1719,52.3914],[-119.1722,52.3905],[-119.1721,52.3896],[-119.171,52.3881],[-119.1705,52.3872],[-119.1706,52.386],[-119.1717,52.3841],[-119.1722,52.3824],[-119.173,52.3808],[-119.1752,52.379],[-119.176,52.3779],[-119.1761,52.3767],[-119.1751,52.3727],[-119.1749,52.3695],[-119.1739,52.364],[-119.1697,52.3555],[-119.1697,52.3545],[-119.1731,52.3442],[-119.1732,52.343],[-119.1725,52.3403],[-119.1727,52.3389],[-119.1747,52.335],[-119.1749,52.3339],[-119.1739,52.3276],[-119.175,52.324],[-119.1753,52.3229],[-119.175,52.3211],[-119.175,52.3201],[-119.1758,52.3178],[-119.1757,52.3165],[-119.1743,52.3139],[-119.1743,52.3131],[-119.1754,52.3115],[-119.1757,52.3106],[-119.1757,52.3029],[-119.1753,52.3002],[-119.1742,52.297],[-119.1738,52.2945],[-119.1739,52.2934],[-119.1744,52.2916],[-119.1743,52.2905],[-119.173,52.2867],[-119.1721,52.2812],[-119.1733,52.2751],[-119.1735,52.2735],[-119.1737,52.2719],[-119.1745,52.2707],[-119.1869,52.2576],[-119.1887,52.2555],[-119.1986,52.2426],[-119.1997,52.2409],[-119.2058,52.2271],[-119.2066,52.2261],[-119.2085,52.2249],[-119.2111,52.2221],[-119.2121,52.2214],[-119.2182,52.2188],[-119.2202,52.2176],[-119.2215,52.2159],[-119.2218,52.2144],[-119.221,52.2107],[-119.2215,52.2092],[-119.2223,52.2083],[-119.2262,52.2052],[-119.2282,52.2032],[-119.2291,52.2021],[-119.2299,52.2],[-119.2306,52.199],[-119.2334,52.1961],[-119.2339,52.1951],[-119.2349,52.1919],[-119.2359,52.1905],[-119.2387,52.1881],[-119.2399,52.1869],[-119.2408,52.1856],[-119.2422,52.1831],[-119.2432,52.182],[-119.2487,52.1778],[-119.2562,52.1732],[-119.2572,52.1722],[-119.2589,52.1694],[-119.2598,52.1684],[-119.2656,52.1639],[-119.269,52.1605],[-119.2698,52.1593],[-119.2976,52.1119],[-119.2981,52.1108],[-119.3171,52.067],[-119.3179,52.066],[-119.3188,52.0653],[-119.3202,52.0647],[-119.3239,52.0637],[-119.325,52.0632],[-119.326,52.0625],[-119.3267,52.0618],[-119.3271,52.0609],[-119.3287,52.0539],[-119.3287,52.0528],[-119.3286,52.0504],[-119.3287,52.049],[-119.3297,52.044],[-119.3301,52.0427],[-119.3311,52.0413],[-119.3424,52.0301],[-119.3432,52.0293],[-119.3436,52.0285],[-119.3438,52.0276],[-119.3435,52.0268],[-119.3431,52.026],[-119.3418,52.0244],[-119.3414,52.0236],[-119.3412,52.0227],[-119.3418,52.0187],[-119.342,52.0171],[-119.3415,52.0155],[-119.3392,52.0113],[-119.339,52.0102],[-119.3394,52.0072],[-119.3392,52.0059],[-119.338,52.0027],[-119.3377,52.0013],[-119.3379,51.9947],[-119.3382,51.993],[-119.3389,51.9918],[-119.3404,51.9902],[-119.341,51.989],[-119.3412,51.9866],[-119.342,51.9843],[-119.3419,51.9831],[-119.3423,51.9822],[-119.3436,51.9811],[-119.3444,51.9792],[-119.3455,51.9778],[-119.35,51.9739],[-119.3508,51.9728],[-119.3511,51.9716],[-119.3508,51.9681],[-119.3504,51.9671],[-119.3483,51.9641],[-119.3479,51.9628],[-119.3477,51.9594],[-119.3488,51.9569],[-119.3489,51.9539],[-119.3492,51.9527],[-119.3499,51.9514],[-119.3505,51.9494],[-119.3504,51.9483],[-119.3496,51.9466],[-119.3496,51.9457],[-119.3503,51.9436],[-119.3503,51.9406],[-119.3497,51.9391],[-119.3487,51.9381],[-119.3464,51.9367],[-119.3458,51.9361],[-119.3456,51.9353],[-119.3459,51.9307],[-119.3453,51.9297],[-119.3444,51.9273],[-119.345,51.9256],[-119.3461,51.9248],[-119.3484,51.9241],[-119.3499,51.9228],[-119.3512,51.9185],[-119.3515,51.9169],[-119.351,51.9158],[-119.3492,51.9137],[-119.3486,51.912],[-119.3487,51.9094],[-119.3481,51.9058],[-119.3472,51.9039],[-119.3465,51.9029],[-119.3454,51.9022],[-119.3437,51.9014],[-119.3425,51.9007],[-119.3419,51.8998],[-119.341,51.8964],[-119.3403,51.8954],[-119.3391,51.8946],[-119.3374,51.8942],[-119.3356,51.8942],[-119.3312,51.8951],[-119.3299,51.8952],[-119.3286,51.8949],[-119.3274,51.8942],[-119.3266,51.8935],[-119.3261,51.8928],[-119.3258,51.8912],[-119.3253,51.8905],[-119.3234,51.889],[-119.3227,51.888],[-119.3215,51.8838],[-119.3211,51.881],[-119.3209,51.8802],[-119.3205,51.8794],[-119.3198,51.8788],[-119.3179,51.8775],[-119.3168,51.8767],[-119.3153,51.8759],[-119.3144,51.8753],[-119.3138,51.8744],[-119.3137,51.8738],[-119.3134,51.873],[-119.3131,51.8726],[-119.3119,51.8717],[-119.3111,51.871],[-119.31,51.8692],[-119.3098,51.8684],[-119.3099,51.8675],[-119.3099,51.8666],[-119.3096,51.8658],[-119.3065,51.8613],[-119.3053,51.859],[-119.3049,51.8575],[-119.3044,51.8563],[-119.3025,51.8526],[-119.3023,51.8509],[-119.302,51.8498],[-119.3006,51.8472],[-119.3004,51.8465],[-119.3005,51.8447],[-119.3007,51.8438],[-119.3018,51.8426],[-119.3019,51.8411],[-119.3024,51.84],[-119.3025,51.8393],[-119.3023,51.8385],[-119.2984,51.8319],[-119.2976,51.8304],[-119.2971,51.8285],[-119.2971,51.8277],[-119.2977,51.8261],[-119.2978,51.8237],[-119.2986,51.8205],[-119.2994,51.8194],[-119.302,51.8181],[-119.3035,51.8168],[-119.307,51.8146],[-119.3084,51.8122],[-119.3096,51.8105],[-119.3109,51.8094],[-119.3124,51.8085],[-119.3132,51.8076],[-119.3151,51.8025],[-119.316,51.8009],[-119.3175,51.7998],[-119.3202,51.7984],[-119.3215,51.7974],[-119.3225,51.7958],[-119.3226,51.7939],[-119.3201,51.7782],[-119.3202,51.7763],[-119.3206,51.7745],[-119.3212,51.7729],[-119.3348,51.748],[-119.3349,51.747],[-119.3348,51.7454],[-119.3352,51.7442],[-119.3363,51.7428],[-119.3376,51.7392],[-119.3388,51.7373],[-119.3403,51.7358],[-119.3572,51.7229],[-119.3659,51.7161],[-119.3742,51.7081],[-119.3747,51.7069],[-119.3747,51.7052],[-119.3752,51.7043],[-119.3761,51.7036],[-119.383,51.7002],[-119.3841,51.6995],[-119.3852,51.6985],[-119.3909,51.6957],[-119.3932,51.6949],[-119.3991,51.6933],[-119.4042,51.6912],[-119.4056,51.6909],[-119.4116,51.6908],[-119.4141,51.6906],[-119.4155,51.69],[-119.4166,51.6891],[-119.4182,51.6867],[-119.4192,51.6842],[-119.4199,51.6832],[-119.4255,51.6797],[-119.4265,51.6783],[-119.4275,51.6747],[-119.4284,51.6739],[-119.4297,51.6735],[-119.4312,51.6734],[-119.4365,51.6742],[-119.4384,51.6743],[-119.4397,51.6742],[-119.448,51.672],[-119.4496,51.672],[-119.4507,51.6723],[-119.4522,51.6731],[-119.4534,51.6734],[-119.4551,51.6734],[-119.4611,51.6726],[-119.4633,51.6719],[-119.4655,51.6714],[-119.4707,51.6709],[-119.4733,51.6706],[-119.4754,51.67],[-119.4801,51.668],[-119.4819,51.6678],[-119.4854,51.6677],[-119.4877,51.6681],[-119.4912,51.668],[-119.4936,51.6681],[-119.4995,51.6671],[-119.5029,51.6667],[-119.509,51.6662],[-119.5111,51.6662],[-119.5136,51.6663],[-119.5156,51.6665],[-119.5244,51.6687],[-119.5259,51.6688],[-119.5277,51.6688],[-119.5308,51.6682],[-119.5343,51.6682],[-119.5363,51.6683],[-119.5376,51.6687],[-119.5388,51.6695],[-119.541,51.6721],[-119.542,51.6727],[-119.5432,51.6731],[-119.5445,51.6732],[-119.5482,51.6727],[-119.5494,51.6723],[-119.5585,51.6673],[-119.5601,51.6663],[-119.5614,51.6651],[-119.5631,51.6645],[-119.5645,51.6645],[-119.5658,51.6647],[-119.5726,51.6681],[-119.574,51.6685],[-119.5771,51.6688],[-119.5797,51.6689],[-119.5868,51.6685],[-119.5908,51.6685],[-119.5941,51.6681],[-119.596,51.6683],[-119.6011,51.6695],[-119.6026,51.6703],[-119.6037,51.6712],[-119.6051,51.6717],[-119.6069,51.6719],[-119.6132,51.6717],[-119.6152,51.6716],[-119.6173,51.6711],[-119.6188,51.6704],[-119.6206,51.6691],[-119.6221,51.6684],[-119.6239,51.6682],[-119.6259,51.6681],[-119.6281,51.6683],[-119.6316,51.669],[-119.6329,51.6694],[-119.6342,51.6704],[-119.6352,51.6709],[-119.6398,51.6729],[-119.641,51.673],[-119.6425,51.6728],[-119.6452,51.6712],[-119.6475,51.6708],[-119.6522,51.6706],[-119.6541,51.6703],[-119.6558,51.6696],[-119.6572,51.6688],[-119.6579,51.6676],[-119.6581,51.6646],[-119.659,51.6636],[-119.66,51.6632],[-119.6613,51.663],[-119.6628,51.6632],[-119.6653,51.6638],[-119.6669,51.6639],[-119.6684,51.6637],[-119.6697,51.663],[-119.6705,51.6622],[-119.6726,51.6579],[-119.6737,51.6548],[-119.6743,51.6539],[-119.6753,51.6533],[-119.6772,51.6528],[-119.6785,51.6523],[-119.6833,51.6493],[-119.6845,51.6482],[-119.6853,51.6473],[-119.6858,51.6461],[-119.6866,51.6432],[-119.6881,51.6414],[-119.6888,51.6401],[-119.6888,51.6393],[-119.6882,51.6344],[-119.6883,51.6335],[-119.6906,51.6302],[-119.6907,51.629],[-119.6904,51.6279],[-119.6897,51.6271],[-119.6889,51.6265],[-119.6861,51.6256],[-119.6854,51.6251],[-119.6839,51.6234],[-119.6833,51.6225],[-119.6833,51.6216],[-119.6844,51.6181],[-119.6851,51.6172],[-119.6871,51.6154],[-119.6878,51.6144],[-119.6881,51.6134],[-119.688,51.6127],[-119.6869,51.6093],[-119.6863,51.6081],[-119.6855,51.6071],[-119.6826,51.6049],[-119.6819,51.6041],[-119.6816,51.6032],[-119.6818,51.6022],[-119.6826,51.6014],[-119.684,51.6007],[-119.6983,51.5955],[-119.6994,51.5954],[-119.7006,51.5955],[-119.7021,51.5959],[-119.7034,51.5961],[-119.7047,51.5959],[-119.708,51.5951],[-119.7095,51.5946],[-119.7105,51.5939],[-119.7113,51.593],[-119.7121,51.5922],[-119.7131,51.5918],[-119.7153,51.5913],[-119.7164,51.5909],[-119.7171,51.5902],[-119.7196,51.5866],[-119.7206,51.5858],[-119.7218,51.5853],[-119.7236,51.5849],[-119.7377,51.5836],[-119.7399,51.5835],[-119.7417,51.5836],[-119.7432,51.5839],[-119.7494,51.5855],[-119.7508,51.5858],[-119.752,51.5858],[-119.7532,51.5855],[-119.7542,51.5851],[-119.7584,51.5829],[-119.7595,51.5826],[-119.7606,51.5825],[-119.7616,51.5827],[-119.7626,51.5831],[-119.7636,51.5839],[-119.7645,51.5845],[-119.7656,51.585],[-119.7708,51.5865],[-119.7724,51.5869],[-119.7737,51.587],[-119.7754,51.5869],[-119.7882,51.5854],[-119.79,51.5853],[-119.7919,51.5854],[-119.7992,51.5868],[-119.8008,51.5868],[-119.8026,51.5867],[-119.8063,51.5859],[-119.8076,51.5854],[-119.8107,51.5836],[-119.8139,51.5825],[-119.8155,51.582],[-119.8171,51.582],[-119.8189,51.5823],[-119.8324,51.5861],[-119.8348,51.5865],[-119.8369,51.5866],[-119.8684,51.5871],[-119.8709,51.5875],[-119.9185,51.6013],[-119.9203,51.6023],[-119.9212,51.6035],[-119.9215,51.6047],[-119.922,51.6058],[-119.9233,51.6067],[-119.9255,51.6072],[-119.9479,51.6099],[-119.9502,51.6103],[-119.9528,51.6112],[-119.9789,51.6222],[-119.98,51.6228],[-119.9827,51.625],[-119.9875,51.6275],[-119.9916,51.6302],[-119.9933,51.6312],[-119.9961,51.632],[-119.9981,51.6326],[-119.9999,51.6338],[-120.0012,51.6345],[-120.0036,51.6351],[-120.0051,51.6357],[-120.0082,51.6373],[-120.0101,51.638],[-120.014,51.6389],[-120.0155,51.639],[-120.0386,51.6375],[-120.0405,51.6375],[-120.05,51.6379],[-120.0521,51.6378],[-120.0558,51.637],[-120.0574,51.6363],[-120.0591,51.6352],[-120.0606,51.6345],[-120.0625,51.634],[-120.0663,51.6338],[-120.0687,51.6338],[-120.0715,51.634],[-120.0729,51.6339],[-120.0741,51.6335],[-120.0749,51.6329],[-120.0754,51.632],[-120.0754,51.6296],[-120.0758,51.6285],[-120.0792,51.6256],[-120.0846,51.6183],[-120.0944,51.6065],[-120.096,51.6038],[-120.0967,51.6029],[-120.0981,51.602],[-120.1004,51.5998],[-120.1016,51.5982],[-120.1204,51.5703],[-120.1209,51.5696],[-120.1221,51.5686],[-120.1239,51.5675],[-120.1292,51.5652],[-120.1306,51.5649],[-120.1317,51.5649],[-120.1333,51.565],[-120.1341,51.565],[-120.1349,51.5649],[-120.1357,51.5646],[-120.1363,51.5641],[-120.1389,51.5615],[-120.1419,51.5587],[-120.1445,51.556],[-120.1454,51.5548],[-120.146,51.5535],[-120.1507,51.5358],[-120.1548,51.5217],[-120.1556,51.5187],[-120.1561,51.5162],[-120.1566,51.5153],[-120.1579,51.514],[-120.1586,51.5129],[-120.1593,51.5114],[-120.16,51.5103],[-120.1627,51.5071],[-120.1633,51.5061],[-120.1636,51.5048],[-120.1641,51.504],[-120.1648,51.5034],[-120.1654,51.5027],[-120.1655,51.5021],[-120.1654,51.4996],[-120.1649,51.4982],[-120.1648,51.4974],[-120.1649,51.4951],[-120.1655,51.4923],[-120.1668,51.4887],[-120.1674,51.4848],[-120.1677,51.4838],[-120.1683,51.4826],[-120.1685,51.4817],[-120.1683,51.4809],[-120.1668,51.4781],[-120.1667,51.4774],[-120.1668,51.4768],[-120.1673,51.476],[-120.1676,51.4753],[-120.1677,51.4741],[-120.1681,51.4731],[-120.1732,51.4643],[-120.1736,51.4629],[-120.1739,51.4615],[-120.175,51.4497],[-120.1753,51.4487],[-120.1759,51.4478],[-120.177,51.4469],[-120.1786,51.4452],[-120.1807,51.444],[-120.182,51.443],[-120.1826,51.4422],[-120.1832,51.441],[-120.1849,51.4392],[-120.1851,51.4385],[-120.1846,51.437],[-120.1849,51.4362],[-120.1855,51.4356],[-120.1891,51.4336],[-120.19,51.433],[-120.1908,51.4321],[-120.1941,51.4271],[-120.1962,51.4257],[-120.1981,51.424],[-120.199,51.4231],[-120.1993,51.4223],[-120.1991,51.4214],[-120.1919,51.404],[-120.1914,51.403],[-120.1906,51.4022],[-120.1886,51.4009],[-120.1877,51.4001],[-120.187,51.3992],[-120.1864,51.3975],[-120.1844,51.394],[-120.184,51.3928],[-120.1837,51.3894],[-120.1835,51.3885],[-120.1818,51.3859],[-120.1812,51.3837],[-120.1808,51.3824],[-120.1778,51.3773],[-120.177,51.3765],[-120.1749,51.3752],[-120.1728,51.3733],[-120.1721,51.3724],[-120.1713,51.371],[-120.1688,51.3679],[-120.167,51.3644],[-120.1666,51.3637],[-120.1642,51.3606],[-120.1634,51.3598],[-120.1617,51.3584],[-120.1613,51.3577],[-120.1612,51.357],[-120.1615,51.3562],[-120.163,51.3527],[-120.1633,51.3516],[-120.1634,51.3504],[-120.1633,51.349],[-120.1629,51.3476],[-120.1624,51.3466],[-120.1618,51.3458],[-120.161,51.3448],[-120.1544,51.3385],[-120.1536,51.3376],[-120.1532,51.3366],[-120.1526,51.3311],[-120.1527,51.3295],[-120.153,51.3277],[-120.1559,51.3194],[-120.156,51.3183],[-120.1557,51.3172],[-120.1533,51.3139],[-120.1529,51.3129],[-120.1528,51.3118],[-120.1536,51.2771],[-120.154,51.2761],[-120.1549,51.2747],[-120.1552,51.2734],[-120.155,51.2715],[-120.154,51.2624],[-120.1536,51.2603],[-120.1481,51.2428],[-120.1476,51.2414],[-120.1456,51.2381],[-120.1447,51.2364],[-120.1434,51.2326],[-120.1431,51.2316],[-120.1431,51.2308],[-120.1436,51.2295],[-120.1437,51.2287],[-120.1436,51.2273],[-120.1438,51.2238],[-120.1436,51.2214],[-120.1436,51.22],[-120.1461,51.2085],[-120.1461,51.2075],[-120.1456,51.2066],[-120.1395,51.1989],[-120.1392,51.198],[-120.1393,51.1967],[-120.1395,51.1956],[-120.1399,51.1947],[-120.1407,51.1938],[-120.1425,51.1925],[-120.1445,51.1905],[-120.1461,51.1892],[-120.1492,51.1872],[-120.15,51.1864],[-120.1502,51.1856],[-120.1499,51.1812],[-120.1496,51.1801],[-120.1486,51.1793],[-120.1451,51.177],[-120.1431,51.1762],[-120.1345,51.1736],[-120.1331,51.173],[-120.132,51.1723],[-120.1312,51.1715],[-120.1187,51.1523],[-120.118,51.151],[-120.1172,51.1486],[-120.1169,51.1474],[-120.1172,51.1466],[-120.1179,51.146],[-120.1243,51.1417],[-120.1249,51.1411],[-120.1253,51.1402],[-120.1252,51.1395],[-120.1226,51.1266],[-120.1227,51.126],[-120.123,51.1253],[-120.124,51.1241],[-120.1325,51.1148],[-120.1336,51.1139],[-120.1348,51.1135],[-120.1369,51.1131],[-120.1382,51.1125],[-120.139,51.1118],[-120.1395,51.1109],[-120.1397,51.1079],[-120.1406,51.1045],[-120.1409,51.1036],[-120.1417,51.1029],[-120.1455,51.1008],[-120.1472,51.0999],[-120.1487,51.0994],[-120.1515,51.0988],[-120.1527,51.0987],[-120.1543,51.0987],[-120.1615,51.099],[-120.1626,51.0989],[-120.1636,51.0986],[-120.1644,51.0981],[-120.17,51.0932],[-120.1714,51.0924],[-120.1744,51.0911],[-120.1751,51.0906],[-120.1763,51.0888],[-120.177,51.0882],[-120.1779,51.0877],[-120.179,51.0874],[-120.1819,51.0871],[-120.183,51.0869],[-120.1839,51.0864],[-120.1848,51.0857],[-120.1867,51.0833],[-120.1875,51.0825],[-120.1894,51.0814],[-120.1913,51.0804],[-120.1936,51.0797],[-120.1976,51.0788],[-120.199,51.0786],[-120.2006,51.0785],[-120.2018,51.0783],[-120.2048,51.0775],[-120.2061,51.0769],[-120.207,51.0762],[-120.2181,51.0635],[-120.219,51.0612],[-120.2244,51.0389],[-120.2283,51.0142],[-120.2284,51.0133],[-120.2281,51.0125],[-120.2258,51.0087],[-120.2254,51.0079],[-120.2254,51.0071],[-120.2258,51.0048],[-120.2261,51.0038],[-120.2273,51.0014],[-120.2283,51.0005],[-120.2295,50.9996],[-120.2301,50.9988],[-120.2304,50.998],[-120.2308,50.9954],[-120.2312,50.9945],[-120.2328,50.9922],[-120.2332,50.9909],[-120.2332,50.9867],[-120.2334,50.9843],[-120.2377,50.9457],[-120.2381,50.9443],[-120.2426,50.9319],[-120.2429,50.9301],[-120.2434,50.9152],[-120.2437,50.9143],[-120.2443,50.9134],[-120.2451,50.9127],[-120.2468,50.9113],[-120.2474,50.9106],[-120.2487,50.9077],[-120.2505,50.9053],[-120.2508,50.9043],[-120.2511,50.9023],[-120.2513,50.9016],[-120.2519,50.901],[-120.2531,50.8999],[-120.2539,50.899],[-120.2544,50.8981],[-120.2546,50.8973],[-120.2546,50.8963],[-120.2542,50.8928],[-120.2542,50.8916],[-120.2543,50.8894],[-120.2546,50.8885],[-120.2551,50.8878],[-120.2572,50.8856],[-120.2577,50.8847],[-120.2584,50.8828],[-120.2599,50.8803],[-120.2606,50.8795],[-120.2617,50.8785],[-120.2622,50.8779],[-120.2636,50.8747],[-120.2639,50.874],[-120.2639,50.8733],[-120.2634,50.87],[-120.2633,50.8687],[-120.2642,50.8642],[-120.2646,50.8635],[-120.2653,50.8629],[-120.2663,50.8624],[-120.2713,50.8606],[-120.2726,50.8599],[-120.2734,50.8592],[-120.2741,50.8584],[-120.2743,50.8574],[-120.2747,50.8459],[-120.2749,50.8447],[-120.2754,50.8435],[-120.2763,50.8423],[-120.2922,50.824],[-120.2929,50.8229],[-120.2933,50.8218],[-120.2946,50.8148],[-120.295,50.8139],[-120.2956,50.8132],[-120.2986,50.8106],[-120.2994,50.81],[-120.3062,50.8068],[-120.3074,50.806],[-120.3084,50.805],[-120.3093,50.8039],[-120.3202,50.7854],[-120.3208,50.7843],[-120.3236,50.778],[-120.3313,50.7655],[-120.3322,50.7635],[-120.349,50.7166],[-120.3496,50.7154],[-120.3504,50.7147],[-120.3516,50.7142],[-120.3664,50.7101],[-120.3681,50.7097],[-120.37,50.7094],[-120.3722,50.7094],[-120.4019,50.71],[-120.4631,50.7149],[-120.4644,50.7151],[-120.4654,50.7154],[-120.4702,50.7175],[-120.4716,50.718],[-120.4771,50.7189],[-120.4783,50.7193],[-120.4792,50.7197],[-120.4814,50.721],[-120.4823,50.7214],[-120.4834,50.7217],[-120.4891,50.7228],[-120.4966,50.7236],[-120.4981,50.7238],[-120.4989,50.7242],[-120.5001,50.7249],[-120.5011,50.7254],[-120.5022,50.7256],[-120.5045,50.7259],[-120.5059,50.726],[-120.5126,50.7257],[-120.5148,50.7256],[-120.5169,50.7256],[-120.5192,50.7258],[-120.5342,50.7275],[-120.5356,50.7274],[-120.5372,50.7272],[-120.5387,50.7268],[-120.5409,50.726],[-120.5428,50.7256],[-120.5447,50.7255],[-120.5518,50.7261],[-120.5529,50.7263],[-120.5545,50.7269],[-120.5556,50.7272],[-120.5587,50.7278],[-120.5605,50.7279],[-120.5615,50.7281],[-120.5718,50.7322],[-120.5727,50.7325],[-120.5742,50.7326],[-120.5751,50.7329],[-120.5761,50.7333],[-120.5792,50.7349],[-120.58,50.7353],[-120.5829,50.7361],[-120.5839,50.7363],[-120.5852,50.7364],[-120.5926,50.737],[-120.5935,50.7372],[-120.5962,50.7381],[-120.5977,50.7384],[-120.5987,50.7384],[-120.6008,50.7383],[-120.6017,50.7384],[-120.6026,50.7386],[-120.6046,50.7393],[-120.6055,50.7395],[-120.607,50.7396],[-120.6082,50.7398],[-120.6126,50.741],[-120.6152,50.7414],[-120.6165,50.7417],[-120.6192,50.7425],[-120.6209,50.7429],[-120.6222,50.7431],[-120.6235,50.7432],[-120.6246,50.7432],[-120.6268,50.743],[-120.6277,50.7431],[-120.6287,50.7434],[-120.6332,50.7454],[-120.6343,50.7458],[-120.6355,50.7459],[-120.6386,50.7458],[-120.6395,50.7459],[-120.6403,50.7461],[-120.641,50.7465],[-120.6416,50.747],[-120.6429,50.7485],[-120.6435,50.749],[-120.6443,50.7494],[-120.6477,50.7507],[-120.6486,50.751],[-120.651,50.7514],[-120.6518,50.7517],[-120.6543,50.753],[-120.6553,50.7533],[-120.6581,50.7537],[-120.6638,50.7549],[-120.665,50.755],[-120.666,50.755],[-120.6679,50.7547],[-120.6689,50.7547],[-120.6699,50.7549],[-120.6708,50.7554],[-120.673,50.7571],[-120.6739,50.7576],[-120.6749,50.758],[-120.6761,50.7582],[-120.6784,50.7585],[-120.6796,50.7587],[-120.6811,50.7593],[-120.6821,50.7595],[-120.6834,50.7597],[-120.6852,50.7597],[-120.6869,50.7599],[-120.6881,50.7601],[-120.6896,50.7608],[-120.6906,50.7613],[-120.6911,50.762],[-120.6916,50.7634],[-120.6922,50.7639],[-120.6937,50.7649],[-120.695,50.7655],[-120.6972,50.7663],[-120.6982,50.7669],[-120.699,50.7675],[-120.6995,50.7682],[-120.7009,50.7709],[-120.7014,50.7716],[-120.702,50.7721],[-120.7029,50.7726],[-120.7048,50.7733],[-120.7067,50.7744],[-120.7074,50.7746],[-120.7092,50.7749],[-120.7103,50.7752],[-120.7149,50.7768],[-120.7157,50.7775],[-120.7162,50.7782],[-120.7171,50.7803],[-120.7178,50.7808],[-120.7189,50.7813],[-120.7227,50.7828],[-120.7237,50.7833],[-120.7244,50.7839],[-120.7251,50.785],[-120.7262,50.7859],[-120.7273,50.7867],[-120.7282,50.7874],[-120.7291,50.7883],[-120.73,50.7889],[-120.7309,50.7894],[-120.7319,50.7898],[-120.7336,50.7903],[-120.7346,50.7907],[-120.737,50.7921],[-120.7379,50.7924],[-120.7388,50.7924],[-120.7398,50.7923],[-120.7431,50.7915],[-120.7442,50.7914],[-120.7453,50.7915],[-120.7464,50.7918],[-120.7493,50.7933],[-120.7503,50.7936],[-120.7512,50.7937],[-120.7521,50.7937],[-120.7538,50.7933],[-120.7552,50.7931],[-120.761,50.7927],[-120.7626,50.7925],[-120.7649,50.7915],[-120.7658,50.7913],[-120.7667,50.7912],[-120.7685,50.7912],[-120.77,50.791],[-120.7708,50.7908],[-120.7725,50.79],[-120.7736,50.7897],[-120.7786,50.7884],[-120.7793,50.7881],[-120.7806,50.7872],[-120.7829,50.7862],[-120.784,50.7858],[-120.7865,50.7851],[-120.7871,50.7848],[-120.7889,50.7834],[-120.7899,50.7831],[-120.7909,50.7829],[-120.7929,50.7829],[-120.7942,50.7829],[-120.7985,50.7816],[-120.8027,50.7808],[-120.8139,50.7795],[-120.8159,50.7789],[-120.8223,50.7768],[-120.8235,50.7763],[-120.8266,50.7745],[-120.8285,50.7737],[-120.8318,50.7728],[-120.834,50.7718],[-120.835,50.7715],[-120.8376,50.771],[-120.8386,50.7706],[-120.8449,50.7674],[-120.8459,50.7671],[-120.8492,50.7665],[-120.8526,50.7661],[-120.8535,50.7658],[-120.8567,50.764],[-120.8581,50.7636],[-120.8605,50.7634],[-120.8616,50.7633],[-120.8644,50.7626],[-120.8653,50.7623],[-120.866,50.7619],[-120.8676,50.7604],[-120.8686,50.7597],[-120.8698,50.7592],[-120.8735,50.7579],[-120.8745,50.7573],[-120.8752,50.7566],[-120.8758,50.7556],[-120.8764,50.7541],[-120.8773,50.7526],[-120.8779,50.7512],[-120.8786,50.7505],[-120.8821,50.7482],[-120.8836,50.7475],[-120.8849,50.7466],[-120.8859,50.7462],[-120.8881,50.7458],[-120.8944,50.7442],[-120.8957,50.744],[-120.8986,50.744],[-120.9001,50.7438],[-120.9031,50.7431],[-120.9046,50.7429],[-120.9059,50.7429],[-120.9073,50.743],[-120.9108,50.744],[-120.9149,50.7448],[-120.9162,50.745],[-120.9198,50.7452],[-120.921,50.7456],[-120.9226,50.7464],[-120.924,50.7467],[-120.9269,50.747],[-120.9361,50.7501],[-120.9372,50.7506],[-120.9445,50.7546],[-120.9453,50.7553],[-120.9457,50.7562],[-120.9456,50.7571],[-120.9451,50.7586],[-120.945,50.7594],[-120.9454,50.7604],[-120.9463,50.7612],[-120.9475,50.7617],[-120.9489,50.7618],[-120.9504,50.7617],[-120.9516,50.7612],[-120.9525,50.7606],[-120.9534,50.7592],[-120.9542,50.7582],[-120.9553,50.7573],[-120.9576,50.7559],[-120.9593,50.7544],[-120.961,50.7532],[-120.9633,50.7523],[-120.9648,50.7519],[-120.9664,50.7518],[-120.9719,50.752],[-120.9733,50.7522],[-120.9746,50.7525],[-120.9863,50.7562],[-120.988,50.7565],[-120.9896,50.7564],[-120.9913,50.7561],[-120.9931,50.7555],[-120.9943,50.7554],[-120.996,50.7556],[-120.9973,50.756],[-121.0014,50.7578],[-121.0024,50.7585],[-121.003,50.7593],[-121.0041,50.7611],[-121.005,50.7621],[-121.006,50.7627],[-121.0074,50.7631],[-121.0103,50.7636],[-121.0122,50.764],[-121.0161,50.7651],[-121.0176,50.7654],[-121.0256,50.7658],[-121.0274,50.7657],[-121.0301,50.7654],[-121.0323,50.7654],[-121.0414,50.7659],[-121.0441,50.7657],[-121.0457,50.7659],[-121.0501,50.7667],[-121.053,50.7674],[-121.0545,50.7681],[-121.0565,50.7698],[-121.0571,50.7705],[-121.0573,50.7714],[-121.0584,50.7794],[-121.0586,50.7801],[-121.0592,50.7807],[-121.0599,50.7812],[-121.0643,50.783],[-121.0653,50.7833],[-121.0666,50.7833],[-121.0677,50.7832],[-121.0689,50.7828],[-121.0713,50.7815],[-121.0747,50.7804],[-121.0765,50.7801],[-121.0788,50.7802],[-121.0801,50.7805],[-121.0812,50.781],[-121.088,50.7866],[-121.0894,50.7873],[-121.092,50.7882],[-121.0935,50.7885],[-121.0951,50.7886],[-121.0968,50.7885],[-121.1,50.7881],[-121.1014,50.7878],[-121.1097,50.7849],[-121.1109,50.7846],[-121.112,50.7845],[-121.113,50.7846],[-121.1143,50.785],[-121.115,50.7854],[-121.1192,50.7888],[-121.1204,50.7894],[-121.1218,50.7897],[-121.1233,50.7897],[-121.125,50.7895],[-121.1258,50.7891],[-121.127,50.7881],[-121.1278,50.7874],[-121.1294,50.7867],[-121.1305,50.7859],[-121.1385,50.7793],[-121.1393,50.7784],[-121.1408,50.7768],[-121.1423,50.7744],[-121.1438,50.7726],[-121.145,50.7716],[-121.1465,50.771],[-121.1481,50.7706],[-121.1539,50.77],[-121.1553,50.7696],[-121.1583,50.7679],[-121.1639,50.7657],[-121.1664,50.7651],[-121.1687,50.7649],[-121.1719,50.7648],[-121.1754,50.7646],[-121.1769,50.7643],[-121.1817,50.7626],[-121.183,50.7618],[-121.1867,50.7585],[-121.1884,50.7572],[-121.1899,50.7565],[-121.194,50.7554],[-121.1958,50.7552],[-121.1996,50.7555],[-121.2007,50.7554],[-121.2043,50.7547],[-121.2056,50.7542],[-121.207,50.7535],[-121.209,50.752],[-121.2103,50.7505],[-121.2124,50.7475],[-121.2131,50.7467],[-121.2152,50.7454],[-121.2163,50.745],[-121.2193,50.7444],[-121.2224,50.7434],[-121.2239,50.7433],[-121.2253,50.7434],[-121.2268,50.7438],[-121.2344,50.7461],[-121.2426,50.7483],[-121.2441,50.7484],[-121.2457,50.748],[-121.2497,50.7463],[-121.2512,50.7459],[-121.2532,50.7455],[-121.2545,50.7449],[-121.2592,50.7403],[-121.2598,50.7394],[-121.26,50.7386],[-121.2599,50.7368],[-121.2603,50.736],[-121.2618,50.7338],[-121.2628,50.7327],[-121.2639,50.7319],[-121.2664,50.7309],[-121.2678,50.7306],[-121.2745,50.7299],[-121.277,50.7295],[-121.2794,50.7287],[-121.2819,50.7281],[-121.2827,50.7276],[-121.2842,50.7264],[-121.2855,50.7252],[-121.2864,50.7239],[-121.2869,50.7228],[-121.2871,50.7219],[-121.287,50.7211],[-121.2866,50.7188],[-121.2852,50.7092],[-121.2853,50.7084],[-121.2861,50.7067],[-121.2867,50.7058],[-121.2876,50.7053],[-121.2887,50.7048],[-121.2907,50.7044],[-121.2933,50.7036],[-121.2943,50.7032],[-121.295,50.7026],[-121.2967,50.7004],[-121.2977,50.7],[-121.2998,50.7],[-121.3025,50.7002],[-121.3035,50.7],[-121.3053,50.6995],[-121.3069,50.6988],[-121.309,50.6977],[-121.3097,50.6971],[-121.3101,50.6964],[-121.3104,50.6946],[-121.3102,50.6938],[-121.3094,50.6925],[-121.3084,50.6916],[-121.3045,50.6896],[-121.3031,50.6883],[-121.302,50.6876],[-121.3004,50.6869],[-121.2991,50.6862],[-121.2964,50.6844],[-121.2955,50.6833],[-121.2947,50.682],[-121.2945,50.6812],[-121.2948,50.6805],[-121.2954,50.6799],[-121.2977,50.6783],[-121.2996,50.6774],[-121.3032,50.676],[-121.304,50.6755],[-121.305,50.6744],[-121.3056,50.6735],[-121.306,50.672],[-121.3064,50.6712],[-121.3071,50.6706],[-121.3083,50.6701],[-121.3103,50.6696],[-121.3114,50.6692],[-121.3119,50.6686],[-121.3123,50.6675],[-121.3123,50.6664],[-121.3122,50.6658],[-121.3115,50.6651],[-121.3101,50.6643],[-121.3079,50.6639],[-121.3064,50.6633],[-121.3052,50.6626],[-121.3043,50.6616],[-121.304,50.6605],[-121.3033,50.6549],[-121.3039,50.6517],[-121.3037,50.6506],[-121.3032,50.6498],[-121.3021,50.6488],[-121.3013,50.648],[-121.3006,50.6465],[-121.3004,50.6456],[-121.3006,50.6448],[-121.3013,50.6437],[-121.3022,50.6429],[-121.3032,50.6422],[-121.3039,50.6414],[-121.3041,50.6406],[-121.3038,50.6368],[-121.3041,50.6357],[-121.3045,50.6349],[-121.3063,50.6329],[-121.3067,50.6324],[-121.307,50.6317],[-121.3074,50.6294],[-121.3075,50.6284],[-121.3074,50.6276],[-121.305,50.6218],[-121.3049,50.6211],[-121.3047,50.6176],[-121.3049,50.6165],[-121.3055,50.6155],[-121.3086,50.6126],[-121.3101,50.6104],[-121.3117,50.6087],[-121.3123,50.6079],[-121.3133,50.6045],[-121.3133,50.6038],[-121.3128,50.6031],[-121.3119,50.6026],[-121.3105,50.602],[-121.3091,50.6014],[-121.3055,50.5993],[-121.3044,50.5985],[-121.3036,50.5975],[-121.3031,50.5965],[-121.3032,50.5956],[-121.3036,50.5946],[-121.3045,50.5938],[-121.3068,50.5925],[-121.3092,50.5914],[-121.3101,50.5908],[-121.3108,50.59],[-121.3114,50.5884],[-121.3116,50.5874],[-121.3112,50.5865],[-121.3098,50.5846],[-121.3089,50.5829],[-121.3083,50.5821],[-121.3045,50.5787],[-121.3036,50.5776],[-121.3021,50.5753],[-121.3017,50.5741],[-121.3019,50.573],[-121.3027,50.571],[-121.3029,50.57],[-121.3029,50.569],[-121.3019,50.5662],[-121.3014,50.5645],[-121.301,50.5636],[-121.2999,50.5626],[-121.2994,50.5618],[-121.2993,50.561],[-121.2994,50.5601],[-121.2998,50.5589],[-121.2999,50.5579],[-121.2996,50.5567],[-121.299,50.5555],[-121.2978,50.554],[-121.2942,50.5498],[-121.2915,50.5458],[-121.2905,50.5446],[-121.2901,50.544],[-121.2879,50.5402],[-121.287,50.5389],[-121.2864,50.5378],[-121.2858,50.5362],[-121.2853,50.5346],[-121.2851,50.5334],[-121.285,50.5314],[-121.2844,50.5289],[-121.2846,50.5236],[-121.284,50.5208],[-121.2835,50.5199],[-121.281,50.5163],[-121.2804,50.5149],[-121.2802,50.514],[-121.2803,50.5132],[-121.2805,50.5124],[-121.2811,50.5112],[-121.2817,50.5104],[-121.2827,50.5098],[-121.2848,50.5089],[-121.2855,50.5083],[-121.2858,50.5075],[-121.2857,50.5067],[-121.2849,50.5047],[-121.2845,50.5031],[-121.2845,50.5025],[-121.2849,50.4989],[-121.2852,50.4981],[-121.2863,50.4963],[-121.2867,50.4958],[-121.2872,50.4953],[-121.2879,50.495],[-121.2889,50.4948],[-121.2916,50.4946],[-121.2928,50.4943],[-121.2939,50.4939],[-121.2948,50.4934],[-121.2955,50.4928],[-121.296,50.4923],[-121.2966,50.4911],[-121.2976,50.4902],[-121.2986,50.4889],[-121.2994,50.4874],[-121.3004,50.4847],[-121.3009,50.4838],[-121.3026,50.4818],[-121.303,50.4811],[-121.3032,50.4805],[-121.3032,50.4798],[-121.3029,50.4791],[-121.3019,50.478],[-121.3017,50.4774],[-121.3014,50.4765],[-121.3011,50.4759],[-121.2999,50.4744],[-121.2995,50.4738],[-121.2986,50.4716],[-121.2975,50.4696],[-121.2973,50.4689],[-121.2972,50.4681],[-121.2972,50.4677],[-121.2974,50.4671],[-121.2981,50.4657],[-121.2983,50.4652],[-121.2983,50.4646],[-121.2981,50.4623],[-121.2975,50.4603],[-121.2974,50.4596],[-121.2976,50.4589],[-121.2983,50.4571],[-121.2985,50.4567],[-121.2992,50.456],[-121.3014,50.4539],[-121.3023,50.4534],[-121.3034,50.4528],[-121.3059,50.4518],[-121.3079,50.4508],[-121.3097,50.4496],[-121.3101,50.4492],[-121.3106,50.4486],[-121.3108,50.4481],[-121.3109,50.4476],[-121.3107,50.447],[-121.3105,50.4466],[-121.3088,50.4448],[-121.3086,50.4444],[-121.3079,50.4429],[-121.3078,50.4423],[-121.3079,50.4413],[-121.3077,50.4408],[-121.3071,50.4398],[-121.307,50.4391],[-121.3071,50.4385],[-121.3074,50.4379],[-121.309,50.4359],[-121.31,50.4349],[-121.3126,50.4327],[-121.3138,50.4314],[-121.3146,50.4306],[-121.3157,50.4298],[-121.3184,50.4284],[-121.3199,50.4277],[-121.3434,50.4214],[-121.3524,50.4201],[-121.3536,50.4199],[-121.3605,50.4181],[-121.3628,50.4173],[-121.3638,50.4168],[-121.3645,50.4162],[-121.365,50.4154],[-121.3655,50.4133],[-121.366,50.4127],[-121.3666,50.4122],[-121.3675,50.4118],[-121.3723,50.4103],[-121.3736,50.4098],[-121.3764,50.4084],[-121.3786,50.4078],[-121.3794,50.4073],[-121.38,50.4066],[-121.3806,50.4055],[-121.3812,50.4048],[-121.383,50.4036],[-121.3836,50.403],[-121.384,50.4023],[-121.3847,50.3986],[-121.3851,50.3977],[-121.3858,50.397],[-121.3865,50.3965],[-121.3874,50.3961],[-121.389,50.3955],[-121.3902,50.395],[-121.3925,50.3936],[-121.3936,50.3931],[-121.3963,50.3922],[-121.3975,50.3916],[-121.3984,50.3907],[-121.4012,50.3865],[-121.4016,50.3858],[-121.4019,50.3849],[-121.4019,50.3839],[-121.4015,50.3805],[-121.4015,50.3799],[-121.4017,50.3794],[-121.4024,50.378],[-121.4026,50.3773],[-121.4025,50.3766],[-121.4022,50.3758],[-121.4018,50.3751],[-121.4012,50.3745],[-121.4004,50.374],[-121.3983,50.3731],[-121.3974,50.3725],[-121.397,50.3719],[-121.3959,50.3686],[-121.3958,50.3681],[-121.3959,50.3675],[-121.3965,50.3657],[-121.3968,50.3634],[-121.3972,50.362],[-121.3972,50.3614],[-121.3968,50.3604],[-121.397,50.3583],[-121.3962,50.3564],[-121.3959,50.3551],[-121.3953,50.3541],[-121.3934,50.3523],[-121.3927,50.3513],[-121.3925,50.3505],[-121.3924,50.3492],[-121.3921,50.3477],[-121.3921,50.3467],[-121.3925,50.3458],[-121.3933,50.3451],[-121.3992,50.3415],[-121.4003,50.3408],[-121.4008,50.3399],[-121.4012,50.3366],[-121.4012,50.335],[-121.4014,50.334],[-121.4014,50.3327],[-121.401,50.3309],[-121.4004,50.3297],[-121.3995,50.3286],[-121.3964,50.3258],[-121.3956,50.3248],[-121.3945,50.323],[-121.394,50.3217],[-121.3941,50.3204],[-121.3948,50.3191],[-121.3972,50.3168],[-121.3983,50.3154],[-121.3992,50.3133],[-121.3995,50.3121],[-121.3996,50.3114],[-121.3994,50.3108],[-121.3988,50.3095],[-121.3982,50.3087],[-121.3972,50.3079],[-121.3966,50.307],[-121.3963,50.3061],[-121.3961,50.3047],[-121.396,50.3001],[-121.3964,50.2975],[-121.3965,50.2968],[-121.3963,50.2954],[-121.3965,50.2947],[-121.3972,50.2938],[-121.3983,50.2928],[-121.4029,50.2901],[-121.4038,50.2895],[-121.4047,50.2884],[-121.4052,50.2878],[-121.4054,50.2871],[-121.4054,50.2861],[-121.4055,50.2854],[-121.4063,50.2836],[-121.4068,50.283],[-121.4078,50.2822],[-121.4085,50.2814],[-121.409,50.2806],[-121.4093,50.2796],[-121.4093,50.2787],[-121.4089,50.2779],[-121.4064,50.2751],[-121.405,50.274],[-121.4045,50.2734],[-121.4039,50.2721],[-121.4033,50.2702],[-121.4032,50.2695],[-121.4035,50.2687],[-121.4046,50.2672],[-121.4049,50.2665],[-121.4056,50.2657],[-121.4069,50.2651],[-121.4085,50.2646],[-121.4104,50.2644],[-121.4138,50.2644],[-121.4165,50.2641],[-121.419,50.2634],[-121.4216,50.2625],[-121.4236,50.2621],[-121.4273,50.261],[-121.4279,50.2608],[-121.4305,50.2605],[-121.4328,50.2599],[-121.4342,50.2594],[-121.4388,50.2575],[-121.4404,50.2571],[-121.4421,50.2569],[-121.4439,50.2569],[-121.45,50.2572],[-121.4512,50.2574],[-121.4545,50.2585],[-121.4566,50.2596],[-121.4582,50.26],[-121.4608,50.2601],[-121.4654,50.2601],[-121.4703,50.2598],[-121.4748,50.2591],[-121.477,50.2584],[-121.4782,50.2577],[-121.479,50.2567],[-121.4792,50.2556],[-121.4791,50.2533],[-121.4794,50.2525],[-121.4803,50.2518],[-121.4826,50.2509],[-121.4835,50.2507],[-121.4878,50.2505],[-121.4898,50.2504],[-121.491,50.2504],[-121.4957,50.2516],[-121.5009,50.2537],[-121.5054,50.2561],[-121.5073,50.2574],[-121.509,50.2582],[-121.5102,50.2585],[-121.5112,50.2586],[-121.5123,50.2585],[-121.5134,50.2582],[-121.5146,50.258],[-121.5155,50.2581],[-121.5164,50.2584],[-121.5188,50.2596],[-121.5205,50.261],[-121.5225,50.2625],[-121.5239,50.2633],[-121.5252,50.2638],[-121.5263,50.2642],[-121.5273,50.2644],[-121.5283,50.2644],[-121.5306,50.2639],[-121.5317,50.2638],[-121.5328,50.2639],[-121.5359,50.2648],[-121.5374,50.2649],[-121.5392,50.265],[-121.5415,50.2649],[-121.5427,50.2645],[-121.5439,50.264],[-121.5447,50.2634],[-121.5454,50.2628],[-121.5456,50.262],[-121.5457,50.2613],[-121.5465,50.2592],[-121.5471,50.2586],[-121.5522,50.2539],[-121.553,50.2534],[-121.5538,50.2531],[-121.5547,50.253],[-121.5557,50.253],[-121.558,50.2534],[-121.5589,50.2535],[-121.5612,50.2533],[-121.5637,50.2529],[-121.5669,50.2522],[-121.5679,50.2517],[-121.5706,50.25],[-121.5725,50.2485],[-121.5748,50.2473],[-121.5752,50.2469],[-121.5757,50.2462],[-121.5766,50.2436],[-121.5782,50.2406],[-121.5788,50.2397],[-121.5806,50.2382],[-121.5808,50.2373],[-121.5807,50.2361],[-121.5809,50.2354],[-121.5839,50.2319],[-121.5841,50.2312],[-121.5842,50.2306],[-121.5841,50.2299],[-121.5831,50.2274],[-121.583,50.2268],[-121.5832,50.2261],[-121.5841,50.2249],[-121.5863,50.2232],[-121.5866,50.2226],[-121.5866,50.222],[-121.5862,50.2213],[-121.5854,50.2207],[-121.5828,50.2198],[-121.5819,50.219],[-121.5813,50.2181],[-121.5812,50.2169],[-121.5812,50.2156],[-121.5825,50.2116],[-121.5825,50.2093],[-121.5828,50.2083],[-121.5833,50.2069],[-121.5844,50.2053],[-121.5859,50.2022],[-121.5863,50.1999],[-121.5871,50.1976],[-121.5872,50.197],[-121.587,50.1961],[-121.5845,50.1913],[-121.5843,50.1906],[-121.5842,50.1898],[-121.5845,50.1869],[-121.5844,50.186],[-121.5841,50.1853],[-121.5819,50.182],[-121.5815,50.1812],[-121.5814,50.1807],[-121.5815,50.1803],[-121.5819,50.1797],[-121.583,50.1784],[-121.5843,50.1761],[-121.5855,50.1748],[-121.5861,50.174],[-121.5862,50.1734],[-121.5858,50.1724],[-121.5857,50.1717],[-121.5858,50.1701],[-121.5856,50.1686],[-121.5849,50.1667],[-121.5848,50.166],[-121.5852,50.1585],[-121.5849,50.1572],[-121.5848,50.1567],[-121.585,50.155],[-121.5847,50.1537],[-121.5842,50.153],[-121.5836,50.1525],[-121.583,50.152],[-121.5823,50.1518],[-121.5795,50.1511],[-121.5788,50.1509],[-121.5783,50.1505],[-121.5778,50.1501],[-121.5766,50.1485],[-121.5744,50.1463],[-121.5732,50.1454],[-121.5726,50.1448],[-121.5723,50.1441],[-121.5724,50.1436],[-121.5728,50.1425],[-121.573,50.1419],[-121.5728,50.1406],[-121.5728,50.1401],[-121.5733,50.1386],[-121.5733,50.137],[-121.5732,50.1359],[-121.5729,50.1351],[-121.572,50.1338],[-121.571,50.1332],[-121.5695,50.1326],[-121.5679,50.1316],[-121.5669,50.1313],[-121.5647,50.131],[-121.5634,50.1305],[-121.5622,50.1296],[-121.5613,50.1285],[-121.5608,50.1273],[-121.5604,50.1262],[-121.5599,50.1253],[-121.559,50.1244],[-121.5586,50.1238],[-121.5583,50.1227],[-121.5583,50.1218],[-121.5585,50.1212],[-121.5588,50.1207],[-121.5604,50.1189],[-121.5615,50.118],[-121.5627,50.1173],[-121.5652,50.1164],[-121.5661,50.1159],[-121.5665,50.1153],[-121.5666,50.1146],[-121.5662,50.1138],[-121.5651,50.1123],[-121.564,50.1105],[-121.5635,50.1099],[-121.5631,50.1093],[-121.5626,50.1059],[-121.5623,50.1054],[-121.5614,50.104],[-121.5607,50.1016],[-121.56,50.0999],[-121.5587,50.0985],[-121.5585,50.0979],[-121.5585,50.0973],[-121.5602,50.0942],[-121.5605,50.0933],[-121.5605,50.0911],[-121.5604,50.09],[-121.5597,50.0882],[-121.5589,50.0871],[-121.5569,50.0853],[-121.5553,50.084],[-121.5547,50.0832],[-121.5543,50.0821],[-121.5538,50.0802],[-121.5532,50.0788],[-121.5516,50.076],[-121.5502,50.0739],[-121.55,50.0724],[-121.5495,50.0711],[-121.5477,50.0677],[-121.5475,50.067],[-121.5478,50.0651],[-121.5476,50.0639],[-121.5455,50.0588],[-121.5441,50.0566],[-121.5426,50.0529],[-121.5422,50.0517],[-121.5419,50.0493],[-121.5415,50.048],[-121.541,50.0468],[-121.5403,50.0456],[-121.5379,50.0421],[-121.5352,50.0375],[-121.5345,50.0347],[-121.5341,50.0338],[-121.5314,50.0317],[-121.5311,50.0305],[-121.5311,50.0295],[-121.5304,50.0286],[-121.5291,50.0275],[-121.5288,50.0264],[-121.5292,50.0244],[-121.5289,50.0234],[-121.5278,50.0215],[-121.5271,50.0204],[-121.5263,50.0183],[-121.5261,50.0171],[-121.5255,50.016],[-121.524,50.0138],[-121.5229,50.0128],[-121.5212,50.0122],[-121.5198,50.0113],[-121.5168,50.0082],[-121.5165,50.0075],[-121.5166,50.0067],[-121.5171,50.0053],[-121.5169,50.0043],[-121.5159,50.0028],[-121.5104,49.9966],[-121.5092,49.9948],[-121.5086,49.9933],[-121.5086,49.992],[-121.5093,49.9889],[-121.5094,49.9881],[-121.5064,49.9796],[-121.5057,49.9768],[-121.5057,49.9749],[-121.5049,49.9733],[-121.5048,49.9718],[-121.504,49.9696],[-121.503,49.9678],[-121.5024,49.967],[-121.5007,49.9662],[-121.5,49.9657],[-121.4996,49.9653],[-121.4993,49.9639],[-121.498,49.9619],[-121.497,49.9613],[-121.4928,49.9599],[-121.4916,49.9592],[-121.4904,49.9587],[-121.4883,49.9585],[-121.487,49.9582],[-121.4831,49.9564],[-121.4804,49.9555],[-121.4794,49.9548],[-121.4778,49.9533],[-121.4768,49.9522],[-121.4753,49.9496],[-121.4739,49.9464],[-121.4735,49.9458],[-121.472,49.9442],[-121.4704,49.9432],[-121.4689,49.9422],[-121.4685,49.9411],[-121.4686,49.9402],[-121.4684,49.9394],[-121.4678,49.9387],[-121.466,49.9378],[-121.4654,49.9372],[-121.4646,49.9361],[-121.463,49.9348],[-121.462,49.9335],[-121.4605,49.9308],[-121.4597,49.9296],[-121.4586,49.9283],[-121.4572,49.9271],[-121.4562,49.9257],[-121.4551,49.9227],[-121.454,49.9212],[-121.4532,49.9186],[-121.4518,49.9165],[-121.4487,49.9106],[-121.4471,49.9088],[-121.445,49.9057],[-121.4446,49.9049],[-121.4446,49.9041],[-121.4458,49.9],[-121.4472,49.8982],[-121.4477,49.8972],[-121.4476,49.8963],[-121.4473,49.8956],[-121.4472,49.8948],[-121.4475,49.8936],[-121.4475,49.8927],[-121.4457,49.8882],[-121.4451,49.8871],[-121.4438,49.886],[-121.4431,49.8848],[-121.442,49.8817],[-121.4413,49.8805],[-121.4412,49.8798],[-121.441,49.8777],[-121.4412,49.8764],[-121.4416,49.8754],[-121.4425,49.8735],[-121.4444,49.8708],[-121.4446,49.8697],[-121.4447,49.8611],[-121.4445,49.8598],[-121.4439,49.8584],[-121.4426,49.8569],[-121.4372,49.8524],[-121.4358,49.8508],[-121.4347,49.8494],[-121.4342,49.8486],[-121.4341,49.8476],[-121.4343,49.8451],[-121.4338,49.8443],[-121.4327,49.8432],[-121.4319,49.8419],[-121.4319,49.8406],[-121.4323,49.8394],[-121.4352,49.8362],[-121.4354,49.8352],[-121.4349,49.8342],[-121.4337,49.8326],[-121.4315,49.8306],[-121.4306,49.8294],[-121.4301,49.8281],[-121.4295,49.8254],[-121.4296,49.8242],[-121.4307,49.8201],[-121.4319,49.8193],[-121.4337,49.8175],[-121.4347,49.8167],[-121.4358,49.8162],[-121.4372,49.816],[-121.4442,49.8165],[-121.4461,49.8163],[-121.4538,49.8124],[-121.4551,49.8114],[-121.4559,49.81],[-121.4562,49.8085],[-121.4569,49.8075],[-121.4575,49.8063],[-121.4576,49.805],[-121.4575,49.8037],[-121.4571,49.8025],[-121.4557,49.8014],[-121.455,49.8008],[-121.4541,49.7996],[-121.4514,49.7966],[-121.4489,49.7932],[-121.4487,49.7919],[-121.449,49.7857],[-121.4489,49.7847],[-121.4484,49.7826],[-121.4485,49.7804],[-121.4484,49.78],[-121.4477,49.7792],[-121.4473,49.7788],[-121.4449,49.7775],[-121.4444,49.7772],[-121.4421,49.7749],[-121.4416,49.7737],[-121.4403,49.7723],[-121.4401,49.7714],[-121.4404,49.7706],[-121.4412,49.7697],[-121.4416,49.7686],[-121.4415,49.7675],[-121.4405,49.7666],[-121.4396,49.7656],[-121.4392,49.7644],[-121.4386,49.7633],[-121.4373,49.762],[-121.4365,49.7616],[-121.4347,49.7612],[-121.4327,49.7606],[-121.4306,49.7597],[-121.4283,49.7579],[-121.4265,49.7569],[-121.4242,49.7562],[-121.4226,49.7556],[-121.4211,49.7546],[-121.4205,49.7541],[-121.4202,49.7532],[-121.4201,49.7516],[-121.4201,49.7505],[-121.4205,49.7495],[-121.4208,49.7467],[-121.4207,49.7456],[-121.4213,49.7433],[-121.4215,49.7418],[-121.4228,49.7396],[-121.4237,49.7378],[-121.4244,49.7373],[-121.4292,49.7353],[-121.4317,49.7339],[-121.4325,49.7332],[-121.4327,49.732],[-121.4324,49.7308],[-121.4307,49.729],[-121.4296,49.7275],[-121.4282,49.7265],[-121.4261,49.7254],[-121.4244,49.7239],[-121.4227,49.7229],[-121.4224,49.7224],[-121.4219,49.7209],[-121.42,49.7165],[-121.4194,49.7137],[-121.4186,49.7127],[-121.4169,49.7113],[-121.4149,49.7086],[-121.4135,49.7064],[-121.413,49.706],[-121.4116,49.7052],[-121.4112,49.7049],[-121.4107,49.704],[-121.41,49.7032],[-121.4063,49.7009],[-121.405,49.6998],[-121.4046,49.699],[-121.4045,49.6978],[-121.405,49.6956],[-121.4064,49.6927],[-121.4076,49.6887],[-121.4082,49.6873],[-121.4102,49.6842],[-121.4113,49.6832],[-121.4128,49.681],[-121.4131,49.6804],[-121.4131,49.6786],[-121.4137,49.6761],[-121.4134,49.6753],[-121.4117,49.6738],[-121.41,49.6713],[-121.409,49.6701],[-121.4084,49.669],[-121.4083,49.6676],[-121.4078,49.6663],[-121.4068,49.6652],[-121.4056,49.6641],[-121.4047,49.663],[-121.4042,49.6617],[-121.4031,49.6598],[-121.4009,49.6568],[-121.4006,49.6558],[-121.4006,49.6532],[-121.4011,49.651],[-121.4016,49.6499],[-121.4022,49.649],[-121.4044,49.6466],[-121.4052,49.645],[-121.4054,49.6439],[-121.4052,49.6429],[-121.4044,49.641],[-121.4039,49.6405],[-121.403,49.6399],[-121.3999,49.6389],[-121.398,49.6379],[-121.3967,49.6376],[-121.3948,49.6374],[-121.3935,49.637],[-121.3925,49.6363],[-121.3906,49.6345],[-121.3897,49.6334],[-121.3876,49.6298],[-121.3874,49.6288],[-121.3878,49.6276],[-121.3887,49.6264],[-121.3911,49.6243],[-121.3929,49.622],[-121.3942,49.6206],[-121.3951,49.6193],[-121.396,49.6188],[-121.3977,49.6182],[-121.4033,49.6153],[-121.4069,49.6128],[-121.4088,49.611],[-121.4095,49.6095],[-121.4106,49.6081],[-121.4117,49.6019],[-121.4117,49.6005],[-121.4111,49.5994],[-121.4104,49.5989],[-121.409,49.5972],[-121.4048,49.5925],[-121.4039,49.5908],[-121.4032,49.589],[-121.4025,49.588],[-121.4019,49.5868],[-121.4009,49.5852],[-121.4006,49.5842],[-121.3999,49.5834],[-121.3991,49.5828],[-121.3976,49.5821],[-121.397,49.5811],[-121.397,49.5803],[-121.3979,49.5784],[-121.398,49.5776],[-121.3978,49.5768],[-121.3976,49.576],[-121.3981,49.5751],[-121.3998,49.5735],[-121.4001,49.5728],[-121.3999,49.5721],[-121.3983,49.5701],[-121.3972,49.5671],[-121.3967,49.5665],[-121.3953,49.5654],[-121.3946,49.5647],[-121.3945,49.5639],[-121.3948,49.5633],[-121.3956,49.5626],[-121.4001,49.5608],[-121.4016,49.5601],[-121.404,49.5586],[-121.4056,49.5579],[-121.4078,49.5576],[-121.4263,49.5582],[-121.4287,49.5584],[-121.4308,49.5587],[-121.4321,49.5587],[-121.4335,49.5583],[-121.436,49.557],[-121.4373,49.5561],[-121.4379,49.5552],[-121.4384,49.5535],[-121.4383,49.5522],[-121.4379,49.551],[-121.4335,49.5449],[-121.4326,49.544],[-121.4301,49.5422],[-121.4269,49.5407],[-121.4256,49.5394],[-121.4244,49.5376],[-121.4238,49.5369],[-121.4221,49.5351],[-121.4216,49.5343],[-121.4213,49.533],[-121.4207,49.532],[-121.4176,49.5285],[-121.4154,49.5248],[-121.4146,49.5224],[-121.4138,49.5205],[-121.4124,49.5179],[-121.4111,49.5147],[-121.4109,49.5136],[-121.4111,49.5117],[-121.4116,49.5099],[-121.4124,49.5082],[-121.4133,49.507],[-121.4136,49.5063],[-121.4136,49.5039],[-121.4141,49.5018],[-121.4147,49.4975],[-121.4159,49.4887],[-121.4159,49.487],[-121.4153,49.4816],[-121.4147,49.4787],[-121.4146,49.4769],[-121.4147,49.4759],[-121.4149,49.4749],[-121.4167,49.4717],[-121.417,49.4707],[-121.417,49.4699],[-121.4166,49.4688],[-121.4147,49.4659],[-121.4136,49.463],[-121.4134,49.4621],[-121.4135,49.4612],[-121.4153,49.4588],[-121.4154,49.4577],[-121.4152,49.4552],[-121.4149,49.4528],[-121.4148,49.4513],[-121.4141,49.4497],[-121.4141,49.4474],[-121.4142,49.4466],[-121.415,49.4458],[-121.4178,49.4445],[-121.4192,49.4432],[-121.4203,49.4423],[-121.4233,49.4405],[-121.4249,49.4394],[-121.4261,49.4381],[-121.428,49.4349],[-121.4287,49.4336],[-121.4288,49.4325],[-121.4287,49.4313],[-121.4281,49.429],[-121.4278,49.4281],[-121.4271,49.4271],[-121.4261,49.4263],[-121.4229,49.4243],[-121.422,49.4234],[-121.4216,49.4226],[-121.4215,49.4217],[-121.4217,49.4195],[-121.4216,49.4183],[-121.4212,49.4175],[-121.4207,49.4168],[-121.4164,49.4122],[-121.4159,49.4113],[-121.4157,49.4103],[-121.4156,49.4073],[-121.4158,49.4065],[-121.4166,49.4053],[-121.4174,49.4045],[-121.4193,49.4033],[-121.4199,49.4028],[-121.4203,49.4021],[-121.4208,49.4009],[-121.4212,49.4004],[-121.4219,49.3997],[-121.423,49.3989],[-121.4239,49.3983],[-121.4263,49.3943],[-121.4272,49.3933],[-121.4276,49.3926],[-121.4288,49.3898],[-121.4289,49.3889],[-121.4287,49.3869],[-121.4291,49.3859],[-121.4299,49.3849],[-121.4415,49.3746],[-121.4425,49.3741],[-121.446,49.3729],[-121.4477,49.372],[-121.4526,49.3685],[-121.4539,49.3678],[-121.4555,49.3672],[-121.4573,49.3669],[-121.4591,49.3669],[-121.4702,49.3676],[-121.4725,49.3677],[-121.5003,49.3676],[-121.5021,49.3675],[-121.5222,49.3654],[-121.5262,49.3652],[-121.5326,49.3645],[-121.5349,49.3643],[-121.5398,49.3642],[-121.5415,49.3642],[-121.5449,49.3645],[-121.5466,49.3646],[-121.5481,49.3644],[-121.5529,49.3636],[-121.5551,49.3634],[-121.5598,49.3634],[-121.5617,49.3633],[-121.5635,49.3629],[-121.5653,49.3623],[-121.5703,49.3601],[-121.5728,49.3589],[-121.5781,49.3566],[-121.5809,49.3553],[-121.5833,49.3536],[-121.6307,49.3162],[-121.6319,49.315],[-121.6388,49.3078],[-121.6405,49.3061],[-121.6438,49.3036],[-121.6456,49.3024],[-121.6475,49.3014],[-121.6516,49.3002],[-121.6534,49.2994],[-121.657,49.2958],[-121.6586,49.2949],[-121.6619,49.2931],[-121.6639,49.2926],[-121.6659,49.2922],[-121.6676,49.2914],[-121.6686,49.2902],[-121.6703,49.2877],[-121.6698,49.285],[-121.6705,49.2836],[-121.6716,49.2824],[-121.6723,49.281],[-121.6723,49.278],[-121.6725,49.2766],[-121.6733,49.2752],[-121.6745,49.2741],[-121.6762,49.2731],[-121.6772,49.2718],[-121.6771,49.2703],[-121.6767,49.269],[-121.6767,49.2683],[-121.677,49.2676],[-121.6775,49.2671],[-121.6814,49.2648],[-121.6827,49.2637],[-121.6835,49.2623],[-121.6843,49.2596],[-121.6842,49.2582],[-121.6803,49.25],[-121.6797,49.2486],[-121.6788,49.2422],[-121.6788,49.2414],[-121.6791,49.2407],[-121.6795,49.24],[-121.6808,49.2388],[-121.6815,49.2375],[-121.6823,49.2346],[-121.683,49.2331],[-121.689,49.2229],[-121.6913,49.2195],[-121.6926,49.2179],[-121.6936,49.2172],[-121.6948,49.2166],[-121.6963,49.216],[-121.6988,49.2155],[-121.7029,49.2144],[-121.7061,49.2131],[-121.7074,49.2126],[-121.7083,49.2119],[-121.7099,49.2104],[-121.7111,49.2095],[-121.7124,49.209],[-121.7317,49.2035],[-121.7334,49.2031],[-121.7351,49.203],[-121.7366,49.2032],[-121.738,49.2037],[-121.7401,49.2047],[-121.7412,49.2052],[-121.7472,49.2067],[-121.7485,49.2067],[-121.7524,49.2063],[-121.7555,49.2064],[-121.761,49.2057],[-121.7631,49.2053],[-121.7663,49.2042],[-121.7679,49.2039],[-121.7691,49.2035],[-121.7703,49.2028],[-121.7719,49.2017],[-121.7759,49.1983],[-121.7837,49.1921],[-121.7852,49.1911],[-121.8174,49.1722],[-121.8193,49.1713],[-121.8213,49.1706],[-121.8236,49.1699],[-121.8259,49.1694],[-121.8299,49.169],[-121.8319,49.1689],[-121.918,49.1695],[-121.9205,49.1694],[-121.9236,49.1691],[-121.9638,49.1618],[-121.9667,49.1611],[-122.0247,49.1436],[-122.0264,49.1432],[-122.028,49.1429],[-122.0607,49.1386],[-122.0622,49.1385],[-122.0935,49.1383],[-122.0962,49.1382],[-122.0979,49.1383],[-122.1061,49.139],[-122.1109,49.1389],[-122.1125,49.139],[-122.117,49.1398],[-122.1187,49.1399],[-122.1224,49.1398],[-122.1273,49.1401],[-122.1286,49.1403],[-122.1298,49.1407],[-122.1311,49.1416],[-122.1345,49.1424],[-122.1356,49.1425],[-122.1367,49.1424],[-122.1426,49.1411],[-122.1487,49.1406],[-122.1522,49.1407],[-122.1533,49.1404],[-122.1552,49.1394],[-122.1566,49.1389],[-122.1715,49.1354],[-122.1727,49.135],[-122.1781,49.1327],[-122.1797,49.1322],[-122.1897,49.1299],[-122.1915,49.1293],[-122.193,49.1289],[-122.1995,49.1278],[-122.2008,49.1277],[-122.2027,49.1279],[-122.2039,49.1279],[-122.2103,49.1273],[-122.2136,49.1275],[-122.2157,49.1274],[-122.2181,49.1271],[-122.2587,49.1167],[-122.2602,49.1164],[-122.2617,49.1163],[-122.2777,49.1168],[-122.2974,49.116],[-122.2994,49.1157],[-122.3332,49.1057],[-122.3344,49.1054],[-122.3358,49.1052],[-122.3372,49.1054],[-122.3388,49.1058],[-122.3431,49.1076],[-122.3446,49.1083],[-122.3558,49.1148],[-122.3586,49.1167],[-122.3644,49.1198],[-122.3669,49.1213],[-122.3693,49.1232],[-122.3727,49.1251],[-122.3824,49.1296],[-122.3842,49.1306],[-122.3856,49.1318],[-122.3919,49.1382],[-122.3942,49.1408],[-122.3954,49.1432],[-122.3968,49.1449],[-122.3979,49.1471],[-122.3987,49.1477],[-122.423,49.1592],[-122.4265,49.1606],[-122.4288,49.1614],[-122.4312,49.1619],[-122.4332,49.1623],[-122.4356,49.1625],[-122.481,49.1658],[-122.4836,49.1658],[-122.4862,49.1656],[-122.5179,49.1621],[-122.5194,49.162],[-122.5284,49.1623],[-122.5302,49.1625],[-122.5319,49.1629],[-122.5359,49.1645],[-122.5374,49.1648],[-122.5398,49.1651],[-122.5423,49.1654],[-122.5537,49.1658],[-122.558,49.1661],[-122.5641,49.1668],[-122.5661,49.1671],[-122.5681,49.1677],[-122.5752,49.17],[-122.5783,49.1709],[-122.6052,49.1756],[-122.6067,49.1757],[-122.61,49.1758],[-122.6114,49.176],[-122.6468,49.1822],[-122.6574,49.1835],[-122.6591,49.1836],[-122.6864,49.1815],[-122.7098,49.1808],[-122.7116,49.181],[-122.7132,49.1815],[-122.7247,49.1866],[-122.7672,49.2101],[-122.7687,49.2107],[-122.7702,49.2112],[-122.7728,49.2116],[-122.7746,49.2117],[-122.7808,49.212],[-122.7969,49.2135],[-122.8026,49.2144],[-122.8077,49.2156],[-122.8097,49.2159],[-122.8105,49.216],[-122.8118,49.2159],[-122.8194,49.215],[-122.8233,49.2149],[-122.8327,49.2155],[-122.8393,49.2154],[-122.8404,49.2153],[-122.8413,49.2151],[-122.8452,49.2138],[-122.8465,49.2136],[-122.8477,49.2135],[-122.8535,49.2135],[-122.8542,49.2136],[-122.8557,49.214],[-122.857,49.2147],[-122.8582,49.2151],[-122.8596,49.2154],[-122.8618,49.2155],[-122.8645,49.2155],[-122.8666,49.2153],[-122.8687,49.2151],[-122.8709,49.2148],[-122.8742,49.214],[-122.8761,49.2135],[-122.8792,49.2124],[-122.8812,49.2115],[-122.8821,49.2109],[-122.8827,49.2102],[-122.8856,49.2067],[-122.8863,49.2063],[-122.887,49.2061],[-122.8879,49.2061],[-122.8888,49.2062],[-122.8966,49.209],[-122.8971,49.2094],[-122.8972,49.2097],[-122.8973,49.2101],[-122.8972,49.2105],[-122.8962,49.212],[-122.8953,49.2128],[-122.8946,49.214],[-122.894,49.2154],[-122.8928,49.2195],[-122.8923,49.2218],[-122.8919,49.2225],[-122.8914,49.2231],[-122.882,49.2315],[-122.8816,49.232],[-122.8814,49.2325],[-122.8814,49.2331],[-122.8816,49.2336],[-122.882,49.2343],[-122.8825,49.2348],[-122.8832,49.2352],[-122.8955,49.2425],[-122.8965,49.243],[-122.905,49.2458],[-122.9062,49.2464],[-122.9072,49.2471],[-122.909,49.2488],[-122.9096,49.2493],[-122.9107,49.2498],[-122.9119,49.2502],[-122.913,49.2504],[-122.9143,49.2505],[-122.9158,49.2504],[-122.9173,49.2501],[-122.9347,49.2455],[-122.9368,49.2452],[-122.939,49.245],[-122.9406,49.245],[-122.9469,49.2455],[-122.9484,49.2457],[-122.9495,49.2461],[-122.9505,49.2465],[-122.9514,49.247],[-122.9658,49.259],[-122.967,49.2597],[-122.9682,49.2603],[-122.9697,49.2609],[-122.9711,49.2612],[-122.9734,49.2616],[-123.0263,49.2623],[-123.0275,49.2622],[-123.0287,49.262],[-123.0329,49.2605],[-123.0352,49.2601],[-123.0523,49.2578],[-123.0536,49.2577],[-123.055,49.2578],[-123.0571,49.2582],[-123.0696,49.2632],[-123.0769,49.2656],[-123.0781,49.2662],[-123.0787,49.2667],[-123.0812,49.2711],[-123.0819,49.2716],[-123.0828,49.2719],[-123.0842,49.2722],[-123.0869,49.2724],[-123.0894,49.2725],[-123.0917,49.2727],[-123.0966,49.2736]]}},{"type":"Feature","id":"554","properties":{"geometryId":"554","routeId":"AC"},"geometry":{"type":"LineString","coordinates":[[-73.7413,45.4489],[-73.7413,45.4487],[-73.7415,45.4486],[-73.7412,45.4478],[-73.7406,45.4476],[-73.7405,45.4474],[-73.7404,45.4472],[-73.7404,45.447],[-73.7406,45.4468],[-73.7412,45.4466],[-73.7416,45.4465],[-73.7424,45.4466],[-73.7427,45.4468],[-73.7428,45.447],[-73.7428,45.4472],[-73.7422,45.4478],[-73.7418,45.4495],[-73.7418,45.451],[-73.7417,45.4515],[-73.7418,45.4517],[-73.742,45.4519],[-73.7426,45.4522],[-73.7434,45.4524],[-73.7444,45.4526],[-73.7458,45.4528],[-73.7494,45.4526],[-73.75,45.4527],[-73.7505,45.4529],[-73.7517,45.4554],[-73.7518,45.4573],[-73.7516,45.4575],[-73.7513,45.4577],[-73.7477,45.4577],[-73.7474,45.4576],[-73.7473,45.4575],[-73.7472,45.4539],[-73.7471,45.4536],[-73.7469,45.4533],[-73.7464,45.453],[-73.7434,45.4526],[-73.7421,45.4523],[-73.7403,45.4515],[-73.7396,45.4512],[-73.7391,45.4512],[-73.7387,45.4513],[-73.7385,45.4516],[-73.7386,45.4519],[-73.7389,45.4521],[-73.7394,45.4522],[-73.7404,45.452],[-73.7411,45.4516],[-73.7415,45.4513],[-73.7417,45.451],[-73.7417,45.4495],[-73.7418,45.4485],[-73.7418,45.4482],[-73.7416,45.448],[-73.7412,45.4478],[-73.7409,45.4477],[-73.7405,45.4476],[-73.7393,45.4478],[-73.7383,45.4481],[-73.7385,45.4483],[-73.7387,45.4483],[-73.7393,45.4483],[-73.7408,45.4485],[-73.741,45.4487],[-73.7413,45.4487],[-73.7413,45.4489]]}}]}